0, 0.009076, -0.116473, 1.294649,0.336862, -0.131879, -0.179803, 0.914769
1, 0.008744, -0.116587, 1.295973,0.335780, -0.133170, -0.181624, 0.914620
2, 0.008176, -0.116669, 1.297697,0.334237, -0.134042, -0.183636, 0.914656
3, 0.007532, -0.116408, 1.299082,0.332963, -0.135524, -0.186013, 0.914422
4, 0.006825, -0.115907, 1.300785,0.331020, -0.137362, -0.189385, 0.914161
5, 0.006171, -0.115035, 1.302055,0.329180, -0.139406, -0.193453, 0.913664
6, 0.005791, -0.114545, 1.302840,0.327946, -0.140673, -0.195906, 0.913391
7, 0.005098, -0.113250, 1.304052,0.325771, -0.143085, -0.201377, 0.912605
8, 0.004765, -0.112365, 1.304554,0.324744, -0.144902, -0.204518, 0.911985
9, 0.004395, -0.111465, 1.305187,0.323857, -0.146193, -0.207671, 0.911382
10, 0.003740, -0.109713, 1.306179,0.321977, -0.148797, -0.213462, 0.910288
11, 0.003402, -0.108678, 1.306643,0.320902, -0.150467, -0.216397, 0.909700
12, 0.003058, -0.107733, 1.307099,0.319799, -0.151752, -0.219225, 0.909198
13, 0.002723, -0.106855, 1.307495,0.318908, -0.153244, -0.221441, 0.908723
14, 0.002294, -0.105837, 1.307878,0.317483, -0.153973, -0.223945, 0.908485
15, 0.001857, -0.104893, 1.308167,0.316395, -0.155168, -0.225985, 0.908156
16, 0.001428, -0.103833, 1.308529,0.315180, -0.156167, -0.228142, 0.907868
17, 0.000583, -0.101884, 1.309163,0.313452, -0.158277, -0.231681, 0.907205
18, 0.000060, -0.100794, 1.309426,0.312458, -0.159096, -0.233489, 0.906940
19, -0.000362, -0.099869, 1.309595,0.311870, -0.159919, -0.234847, 0.906648
20, -0.000874, -0.098767, 1.309985,0.311154, -0.160507, -0.236502, 0.906359
21, -0.001403, -0.097687, 1.310348,0.310177, -0.161236, -0.237996, 0.906174
22, -0.001881, -0.096517, 1.310539,0.309905, -0.162314, -0.239527, 0.905671
23, -0.002278, -0.095440, 1.310811,0.309487, -0.162967, -0.240865, 0.905342
24, -0.002798, -0.094345, 1.311213,0.309136, -0.163231, -0.242246, 0.905046
25, -0.003309, -0.093198, 1.311546,0.308695, -0.163750, -0.243488, 0.904769
26, -0.003807, -0.092010, 1.311828,0.308342, -0.164175, -0.244579, 0.904518
27, -0.004253, -0.091076, 1.312111,0.308253, -0.164663, -0.245298, 0.904265
28, -0.004779, -0.089934, 1.312502,0.308046, -0.165259, -0.246095, 0.904010
29, -0.005308, -0.088730, 1.312899,0.307879, -0.165277, -0.247113, 0.903786
30, -0.005849, -0.087659, 1.313218,0.308053, -0.165528, -0.247855, 0.903478
31, -0.006316, -0.086581, 1.313536,0.307820, -0.165959, -0.248786, 0.903222
32, -0.006820, -0.085353, 1.313887,0.307858, -0.166287, -0.249917, 0.902836
33, -0.007354, -0.084135, 1.314219,0.307794, -0.166821, -0.251053, 0.902445
34, -0.007805, -0.083026, 1.314593,0.307934, -0.167537, -0.252093, 0.901974
35, -0.008283, -0.081720, 1.314975,0.307853, -0.168164, -0.253475, 0.901497
36, -0.008787, -0.080444, 1.315348,0.307732, -0.168505, -0.254909, 0.901071
37, -0.009253, -0.079104, 1.315722,0.307817, -0.169463, -0.256514, 0.900406
38, -0.009604, -0.077988, 1.315955,0.307616, -0.169648, -0.257739, 0.900090
39, -0.010046, -0.076656, 1.316367,0.307556, -0.170323, -0.259188, 0.899567
40, -0.010513, -0.075394, 1.316827,0.307497, -0.170600, -0.260506, 0.899154
41, -0.010903, -0.074127, 1.317171,0.307561, -0.171701, -0.261684, 0.898580
42, -0.011230, -0.072980, 1.317486,0.307451, -0.171897, -0.262897, 0.898226
43, -0.011667, -0.071748, 1.317839,0.307440, -0.172656, -0.263926, 0.897783
44, -0.012064, -0.070487, 1.318236,0.307366, -0.172630, -0.265099, 0.897467
45, -0.012441, -0.069067, 1.318641,0.307697, -0.173345, -0.266310, 0.896857
46, -0.012754, -0.067996, 1.318966,0.307977, -0.173153, -0.267412, 0.896470
47, -0.013128, -0.066623, 1.319416,0.308398, -0.173594, -0.268679, 0.895861
48, -0.013420, -0.065194, 1.319818,0.308907, -0.173951, -0.270189, 0.895162
49, -0.013686, -0.063790, 1.320173,0.309513, -0.174140, -0.271655, 0.894472
50, -0.013946, -0.062503, 1.320627,0.310017, -0.174776, -0.272975, 0.893771
51, -0.014230, -0.061096, 1.321131,0.310833, -0.174947, -0.274382, 0.893024
52, -0.014451, -0.059669, 1.321521,0.311645, -0.175035, -0.275709, 0.892315
53, -0.014772, -0.057609, 1.322268,0.312995, -0.175213, -0.277395, 0.891284
54, -0.014987, -0.056243, 1.322757,0.313923, -0.175280, -0.278265, 0.890673
55, -0.015176, -0.055006, 1.323206,0.314849, -0.175216, -0.279067, 0.890108
56, -0.015387, -0.053698, 1.323687,0.315948, -0.175008, -0.279660, 0.889573
57, -0.015579, -0.052329, 1.324191,0.317061, -0.174692, -0.280186, 0.889073
58, -0.015720, -0.051105, 1.324632,0.318239, -0.174632, -0.280757, 0.888484
59, -0.015897, -0.049811, 1.325118,0.319535, -0.174368, -0.280989, 0.887997
60, -0.016067, -0.048355, 1.325730,0.320934, -0.173747, -0.281505, 0.887450
61, -0.016265, -0.046980, 1.326226,0.322347, -0.172639, -0.281806, 0.887059
62, -0.016431, -0.045843, 1.326639,0.323916, -0.172122, -0.281819, 0.886583
63, -0.016580, -0.044382, 1.327234,0.325625, -0.171309, -0.282182, 0.886000
64, -0.016751, -0.043003, 1.327729,0.327482, -0.170740, -0.282411, 0.885351
65, -0.016928, -0.041522, 1.328348,0.329432, -0.170219, -0.282741, 0.884623
66, -0.017310, -0.038949, 1.329393,0.333153, -0.168857, -0.283161, 0.883355
67, -0.017569, -0.036925, 1.330176,0.336463, -0.168855, -0.283433, 0.882013
68, -0.017860, -0.035040, 1.331011,0.339444, -0.168176, -0.283711, 0.880910
69, -0.018037, -0.033634, 1.331587,0.341464, -0.167990, -0.284143, 0.880025
70, -0.018195, -0.032302, 1.332044,0.343500, -0.167838, -0.284449, 0.879163
71, -0.018345, -0.031121, 1.332494,0.345199, -0.167404, -0.284799, 0.878466
72, -0.018522, -0.029752, 1.333006,0.347084, -0.167149, -0.285261, 0.877622
73, -0.018658, -0.028398, 1.333397,0.348913, -0.166692, -0.285579, 0.876879
74, -0.018787, -0.027006, 1.333895,0.350633, -0.166054, -0.286232, 0.876101
75, -0.018914, -0.025894, 1.334263,0.352175, -0.165654, -0.286528, 0.875462
76, -0.019032, -0.024608, 1.334573,0.354259, -0.165220, -0.286654, 0.874661
77, -0.019128, -0.023259, 1.334898,0.356434, -0.164779, -0.286924, 0.873772
78, -0.019302, -0.022082, 1.335279,0.358514, -0.163409, -0.286996, 0.873154
79, -0.019439, -0.021045, 1.335546,0.360007, -0.162639, -0.287144, 0.872635
80, -0.019522, -0.019809, 1.335738,0.361849, -0.161122, -0.287400, 0.872070
81, -0.019615, -0.018714, 1.335887,0.363312, -0.160380, -0.287612, 0.871529
82, -0.019847, -0.016686, 1.336130,0.365291, -0.158256, -0.288034, 0.870950
83, -0.019951, -0.015670, 1.336131,0.366080, -0.157516, -0.288202, 0.870698
84, -0.020300, -0.013718, 1.336115,0.367320, -0.156304, -0.288398, 0.870329
85, -0.021917, -0.005065, 1.330595,0.362942, -0.157428, -0.284878, 0.873117
86, -0.021732, -0.004799, 1.328990,0.361041, -0.159428, -0.283346, 0.874041
87, -0.021441, -0.004733, 1.327203,0.358694, -0.161361, -0.281536, 0.875236
88, -0.021107, -0.004842, 1.325540,0.356648, -0.162812, -0.280025, 0.876288
89, -0.020857, -0.004907, 1.324466,0.355654, -0.163482, -0.279064, 0.876873
90, -0.020582, -0.004957, 1.323397,0.354510, -0.164110, -0.278306, 0.877460
91, -0.020030, -0.005103, 1.321538,0.352964, -0.164269, -0.277099, 0.878435
92, -0.019690, -0.005107, 1.320478,0.352153, -0.164417, -0.276693, 0.878861
93, -0.019342, -0.005169, 1.319406,0.351652, -0.164880, -0.276252, 0.879113
94, -0.018654, -0.005344, 1.317457,0.350571, -0.165085, -0.275444, 0.879760
95, -0.018245, -0.005485, 1.316356,0.350166, -0.164729, -0.274943, 0.880144
96, -0.017835, -0.005654, 1.315314,0.349836, -0.164478, -0.274359, 0.880505
97, -0.017403, -0.005899, 1.314411,0.349525, -0.164366, -0.273693, 0.880856
98, -0.016901, -0.006160, 1.313323,0.349279, -0.164354, -0.272869, 0.881212
99, -0.016427, -0.006517, 1.312262,0.349243, -0.164035, -0.271997, 0.881555
100, -0.016006, -0.006854, 1.311369,0.349102, -0.163999, -0.271258, 0.881845
101, -0.015441, -0.007270, 1.310287,0.349182, -0.163609, -0.270365, 0.882160
102, -0.014811, -0.007678, 1.309182,0.349311, -0.163219, -0.269461, 0.882458
103, -0.014185, -0.008147, 1.308143,0.350040, -0.162749, -0.268491, 0.882552
104, -0.013698, -0.008618, 1.307371,0.350520, -0.162158, -0.267506, 0.882769
105, -0.013105, -0.009259, 1.306414,0.350945, -0.161197, -0.266074, 0.883209
106, -0.012462, -0.009924, 1.305430,0.351965, -0.160820, -0.264252, 0.883419
107, -0.011817, -0.010703, 1.304532,0.352533, -0.159590, -0.262236, 0.884016
108, -0.011276, -0.011484, 1.303821,0.353314, -0.158747, -0.260260, 0.884440
109, -0.010635, -0.012414, 1.302970,0.353908, -0.157962, -0.257941, 0.885022
110, -0.009989, -0.013359, 1.302118,0.354620, -0.156927, -0.255712, 0.885568
111, -0.009332, -0.014461, 1.301302,0.355134, -0.155656, -0.253055, 0.886349
112, -0.008776, -0.015399, 1.300707,0.355684, -0.154461, -0.250947, 0.886936
113, -0.008128, -0.016519, 1.300035,0.356180, -0.153331, -0.248316, 0.887674
114, -0.007477, -0.017656, 1.299350,0.356762, -0.152122, -0.245674, 0.888383
115, -0.006839, -0.018809, 1.298739,0.357273, -0.151201, -0.243023, 0.889063
116, -0.006327, -0.019826, 1.298346,0.357812, -0.150257, -0.240656, 0.889651
117, -0.005737, -0.021099, 1.297932,0.358423, -0.149180, -0.237962, 0.890310
118, -0.005140, -0.022320, 1.297542,0.358668, -0.147922, -0.235398, 0.891103
119, -0.004564, -0.023503, 1.297204,0.359025, -0.146772, -0.232892, 0.891807
120, -0.004053, -0.024634, 1.296951,0.359195, -0.146285, -0.230605, 0.892413
121, -0.003499, -0.026017, 1.296733,0.359271, -0.145271, -0.227980, 0.893222
122, -0.002919, -0.027347, 1.296528,0.359260, -0.144406, -0.225438, 0.894012
123, -0.002329, -0.028738, 1.296265,0.358621, -0.143395, -0.222952, 0.895054
124, -0.001565, -0.030842, 1.296124,0.357880, -0.142477, -0.219234, 0.896414
125, -0.001146, -0.032134, 1.296120,0.357439, -0.141676, -0.217109, 0.897234
126, -0.000571, -0.033651, 1.295991,0.356819, -0.141029, -0.214610, 0.898184
127, -0.000005, -0.035160, 1.295928,0.356316, -0.140428, -0.212024, 0.899091
128, 0.000501, -0.036745, 1.295944,0.355844, -0.140067, -0.209412, 0.899946
129, 0.000945, -0.038145, 1.295934,0.355278, -0.139415, -0.207026, 0.900822
130, 0.001503, -0.039774, 1.295991,0.354636, -0.139166, -0.204221, 0.901754
131, 0.002026, -0.041362, 1.296129,0.353927, -0.138619, -0.201719, 0.902679
132, 0.002563, -0.042982, 1.296191,0.353118, -0.137856, -0.199345, 0.903640
133, 0.003006, -0.044317, 1.296288,0.352440, -0.137446, -0.197393, 0.904395
134, 0.003551, -0.045812, 1.296420,0.351609, -0.137208, -0.195450, 0.905176
135, 0.004103, -0.047268, 1.296485,0.350761, -0.136751, -0.193696, 0.905951
136, 0.004513, -0.048450, 1.296711,0.350058, -0.136503, -0.192520, 0.906511
137, 0.004965, -0.049796, 1.296921,0.349199, -0.136285, -0.190993, 0.907198
138, 0.005850, -0.052174, 1.297254,0.347773, -0.136276, -0.188816, 0.908202
139, 0.006172, -0.053108, 1.297429,0.347024, -0.135694, -0.188117, 0.908721
140, 0.006547, -0.054197, 1.297648,0.346207, -0.135764, -0.187305, 0.909190
141, 0.008692, -0.062630, 1.300316,0.331063, -0.137804, -0.186781, 0.914615
142, 0.008693, -0.064237, 1.300924,0.326132, -0.137799, -0.187453, 0.916248
143, 0.008571, -0.065570, 1.301457,0.321449, -0.139041, -0.187714, 0.917661
144, 0.008169, -0.066838, 1.302172,0.315935, -0.140411, -0.188716, 0.919160
145, 0.007660, -0.067833, 1.302786,0.310858, -0.141914, -0.189668, 0.920464
146, 0.006950, -0.068934, 1.303607,0.305533, -0.143302, -0.190280, 0.921904
147, 0.006245, -0.069848, 1.304282,0.300096, -0.144473, -0.191036, 0.923350
148, 0.005302, -0.070688, 1.305178,0.294401, -0.146409, -0.191901, 0.924698
149, 0.004443, -0.071333, 1.305989,0.289397, -0.148085, -0.193063, 0.925768
150, 0.003470, -0.071797, 1.306824,0.284164, -0.149848, -0.194522, 0.926799
151, 0.002563, -0.072241, 1.307712,0.279343, -0.150901, -0.195745, 0.927837
152, 0.001516, -0.072708, 1.308545,0.273416, -0.152834, -0.196997, 0.929020
153, 0.000468, -0.073193, 1.309298,0.267697, -0.154124, -0.197883, 0.930283
154, -0.000673, -0.073521, 1.310007,0.262089, -0.155826, -0.198587, 0.931446
155, -0.001856, -0.073814, 1.310783,0.256950, -0.156998, -0.199178, 0.932554
156, -0.003120, -0.073992, 1.311345,0.251866, -0.159033, -0.199678, 0.933489
157, -0.004455, -0.074163, 1.311930,0.247013, -0.160353, -0.199758, 0.934542
158, -0.005723, -0.074193, 1.312224,0.242558, -0.161712, -0.199635, 0.935500
159, -0.007120, -0.074128, 1.312649,0.238426, -0.162614, -0.199109, 0.936518
160, -0.008308, -0.073975, 1.312920,0.234935, -0.163237, -0.198135, 0.937498
161, -0.009619, -0.073677, 1.313004,0.231898, -0.163543, -0.196606, 0.938522
162, -0.010907, -0.073586, 1.313118,0.228693, -0.163882, -0.194557, 0.939675
163, -0.012211, -0.073412, 1.313041,0.224812, -0.163474, -0.192420, 0.941122
164, -0.013337, -0.072976, 1.312801,0.221841, -0.163520, -0.191467, 0.942013
165, -0.014549, -0.072232, 1.312502,0.219595, -0.164121, -0.191147, 0.942499
166, -0.015539, -0.071253, 1.312125,0.218254, -0.164417, -0.191169, 0.942755
167, -0.016613, -0.070083, 1.311861,0.217516, -0.164077, -0.191064, 0.943006
168, -0.017577, -0.068808, 1.311392,0.217891, -0.163920, -0.190674, 0.943026
169, -0.018508, -0.067617, 1.311187,0.219172, -0.163038, -0.189248, 0.943169
170, -0.019218, -0.066437, 1.310696,0.221476, -0.161519, -0.186702, 0.943399
171, -0.019918, -0.065529, 1.310719,0.224542, -0.158504, -0.182368, 0.944033
172, -0.020264, -0.064498, 1.310262,0.228784, -0.156051, -0.177931, 0.944270
173, -0.020637, -0.063283, 1.310123,0.235795, -0.150946, -0.170614, 0.944726
174, -0.020453, -0.062287, 1.309694,0.247147, -0.142006, -0.156042, 0.945729
175, -0.019363, -0.062687, 1.309492,0.255572, -0.133909, -0.141362, 0.946978
176, -0.018290, -0.063401, 1.309383,0.259354, -0.129288, -0.132486, 0.947875
177, -0.017145, -0.064426, 1.309470,0.262575, -0.124358, -0.123382, 0.948876
178, -0.015802, -0.065633, 1.309532,0.266011, -0.119713, -0.113609, 0.949737
179, -0.015041, -0.066301, 1.309536,0.267441, -0.117047, -0.108847, 0.950225
180, -0.013589, -0.067514, 1.309709,0.270905, -0.113119, -0.100101, 0.950681
181, -0.012770, -0.068309, 1.309758,0.272633, -0.110741, -0.095296, 0.950961
182, -0.011924, -0.069025, 1.309850,0.274164, -0.107984, -0.090558, 0.951301
183, -0.010295, -0.070460, 1.310036,0.276998, -0.104030, -0.081636, 0.951728
184, -0.009358, -0.071257, 1.310129,0.278848, -0.101475, -0.076871, 0.951860
185, -0.008409, -0.072033, 1.310210,0.280308, -0.099127, -0.071907, 0.952066
186, -0.007532, -0.072722, 1.310307,0.281644, -0.097681, -0.067822, 0.952121
187, -0.006543, -0.073490, 1.310481,0.283058, -0.095286, -0.062830, 0.952287
188, -0.005487, -0.074340, 1.310607,0.284805, -0.092904, -0.057962, 0.952311
189, -0.004549, -0.075006, 1.310694,0.285758, -0.090985, -0.053648, 0.952463
190, -0.003421, -0.075754, 1.310829,0.287020, -0.089003, -0.048761, 0.952534
191, -0.002247, -0.076528, 1.310973,0.288328, -0.086806, -0.043774, 0.952584
192, -0.001056, -0.077320, 1.311099,0.289925, -0.084427, -0.038727, 0.952531
193, 0.000175, -0.078014, 1.311197,0.291227, -0.082270, -0.033801, 0.952510
194, 0.001249, -0.078627, 1.311270,0.292172, -0.080493, -0.029692, 0.952510
195, 0.002509, -0.079372, 1.311398,0.293372, -0.078733, -0.024904, 0.952425
196, 0.003793, -0.080084, 1.311578,0.294570, -0.076602, -0.020508, 0.952334
197, 0.004897, -0.080607, 1.311689,0.295348, -0.075125, -0.017074, 0.952279
198, 0.006219, -0.081219, 1.311738,0.296324, -0.073534, -0.013070, 0.952163
199, 0.007541, -0.081854, 1.311865,0.297158, -0.071993, -0.009192, 0.952066
200, 0.008899, -0.082483, 1.312026,0.297932, -0.070239, -0.005446, 0.951984
201, 0.010042, -0.082951, 1.312138,0.298431, -0.068830, -0.002594, 0.951943
202, 0.011410, -0.083481, 1.312191,0.298886, -0.067808, 0.000327, 0.951877
203, 0.012785, -0.083927, 1.312247,0.299597, -0.066686, 0.002915, 0.951728
204, 0.013921, -0.084329, 1.312365,0.299907, -0.065894, 0.004778, 0.951678
205, 0.015206, -0.084801, 1.312546,0.300694, -0.065382, 0.006580, 0.951454
206, 0.016499, -0.085080, 1.312617,0.300977, -0.064465, 0.007752, 0.951418
207, 0.017792, -0.085329, 1.312604,0.301288, -0.064225, 0.008658, 0.951328
208, 0.018881, -0.085673, 1.312703,0.301826, -0.064220, 0.009641, 0.951149
209, 0.020071, -0.086026, 1.312905,0.301819, -0.063115, 0.010760, 0.951213
210, 0.021233, -0.086350, 1.313005,0.302294, -0.062583, 0.011702, 0.951086
211, 0.022384, -0.086657, 1.313010,0.302706, -0.062401, 0.012733, 0.950954
212, 0.023379, -0.086913, 1.313096,0.302969, -0.061881, 0.013708, 0.950891
213, 0.024427, -0.087274, 1.313282,0.303459, -0.061439, 0.014668, 0.950749
214, 0.025407, -0.087566, 1.313433,0.304242, -0.061150, 0.015270, 0.950507
215, 0.027157, -0.087903, 1.313472,0.304791, -0.061542, 0.015228, 0.950307
216, 0.028663, -0.088039, 1.313634,0.306004, -0.061732, 0.014031, 0.949923
217, 0.029712, -0.087890, 1.313660,0.307381, -0.062951, 0.011085, 0.949437
218, 0.030653, -0.087216, 1.313559,0.308720, -0.066410, 0.003201, 0.948826
219, 0.030858, -0.086192, 1.313338,0.309208, -0.070861, -0.008783, 0.948310
220, 0.030424, -0.084988, 1.313076,0.309323, -0.076276, -0.022758, 0.947620
221, 0.029961, -0.084015, 1.312883,0.308989, -0.080447, -0.032919, 0.947085
222, 0.029407, -0.083016, 1.312755,0.308354, -0.084352, -0.043481, 0.946526
223, 0.028757, -0.082002, 1.312513,0.308360, -0.088179, -0.053147, 0.945682
224, 0.027968, -0.080968, 1.312316,0.308590, -0.092344, -0.063368, 0.944579
225, 0.027167, -0.079835, 1.312063,0.308528, -0.096441, -0.073073, 0.943488
226, 0.026189, -0.078636, 1.311887,0.308430, -0.100711, -0.083448, 0.942213
227, 0.025283, -0.077471, 1.311700,0.307903, -0.104528, -0.092849, 0.941089
228, 0.024276, -0.076063, 1.311446,0.307675, -0.109132, -0.103057, 0.939577
229, 0.023257, -0.074819, 1.311304,0.306568, -0.112713, -0.112560, 0.938425
230, 0.022296, -0.073399, 1.311039,0.305498, -0.116808, -0.122647, 0.937008
231, 0.021436, -0.072158, 1.310933,0.304362, -0.120508, -0.131850, 0.935659
232, 0.020572, -0.070591, 1.310633,0.303969, -0.124381, -0.141964, 0.933798
233, 0.019746, -0.069211, 1.310592,0.303967, -0.128054, -0.151285, 0.931836
234, 0.019222, -0.068066, 1.310428,0.303960, -0.130775, -0.158438, 0.930271
235, 0.018554, -0.066393, 1.310444,0.305228, -0.134457, -0.168410, 0.927575
236, 0.018011, -0.064781, 1.310373,0.306808, -0.137509, -0.177595, 0.924889
237, 0.017551, -0.062986, 1.310385,0.308713, -0.141063, -0.187174, 0.921826
238, 0.017168, -0.061340, 1.310406,0.311098, -0.144200, -0.195813, 0.918739
239, 0.016765, -0.059600, 1.310451,0.314252, -0.147318, -0.204230, 0.915332
240, 0.016321, -0.058039, 1.310709,0.316998, -0.149294, -0.211443, 0.912423
241, 0.016142, -0.056586, 1.310906,0.319700, -0.150786, -0.218517, 0.909564
242, 0.016165, -0.055568, 1.311045,0.321315, -0.152222, -0.223336, 0.907582
243, 0.016170, -0.053633, 1.311406,0.324217, -0.155266, -0.233324, 0.903513
244, 0.016311, -0.051670, 1.311626,0.327068, -0.157662, -0.242348, 0.899687
245, 0.016722, -0.049655, 1.312109,0.329578, -0.160200, -0.251661, 0.895757
246, 0.016995, -0.048677, 1.312191,0.330928, -0.161566, -0.255692, 0.893870
247, 0.017261, -0.047616, 1.312315,0.332186, -0.162783, -0.260390, 0.891825
248, 0.017515, -0.046558, 1.312609,0.333342, -0.163841, -0.265090, 0.889813
249, 0.017834, -0.045577, 1.312767,0.334221, -0.164993, -0.269157, 0.888047
250, 0.018313, -0.044407, 1.312810,0.335416, -0.166263, -0.273880, 0.885913
251, 0.018793, -0.043282, 1.312947,0.336890, -0.167501, -0.278592, 0.883649
252, 0.019246, -0.042088, 1.313187,0.337735, -0.168473, -0.283360, 0.881623
253, 0.019710, -0.041094, 1.313320,0.338564, -0.169650, -0.287423, 0.879762
254, 0.020335, -0.039952, 1.313327,0.339487, -0.170776, -0.292020, 0.877672
255, 0.020986, -0.038772, 1.313426,0.340459, -0.172350, -0.296785, 0.875387
256, 0.021627, -0.037541, 1.313578,0.341386, -0.173862, -0.301598, 0.873079
257, 0.022193, -0.036555, 1.313645,0.342175, -0.175121, -0.305585, 0.871130
258, 0.022926, -0.035376, 1.313682,0.342901, -0.176752, -0.310271, 0.868855
259, 0.023671, -0.034104, 1.313747,0.343686, -0.177758, -0.315048, 0.866618
260, 0.024449, -0.032919, 1.313822,0.344139, -0.178982, -0.319789, 0.864447
261, 0.025162, -0.031935, 1.313820,0.344588, -0.180068, -0.323751, 0.862566
262, 0.026017, -0.030711, 1.313873,0.345334, -0.181232, -0.328472, 0.860236
263, 0.026914, -0.029504, 1.313929,0.345897, -0.182456, -0.333253, 0.857909
264, 0.027711, -0.028520, 1.313947,0.346343, -0.183821, -0.337284, 0.855860
265, 0.028675, -0.027398, 1.313971,0.346899, -0.184750, -0.341900, 0.853600
266, 0.029700, -0.026224, 1.314014,0.347416, -0.186040, -0.346561, 0.851227
267, 0.030767, -0.025120, 1.314090,0.347750, -0.187300, -0.351239, 0.848893
268, 0.031697, -0.024211, 1.314119,0.348078, -0.188175, -0.355246, 0.846896
269, 0.032788, -0.023155, 1.314138,0.348325, -0.189735, -0.359869, 0.844491
270, 0.033814, -0.022122, 1.314207,0.348475, -0.191108, -0.364669, 0.842057
271, 0.034907, -0.021123, 1.314235,0.348674, -0.192489, -0.369277, 0.839648
272, 0.035906, -0.020243, 1.314267,0.348852, -0.193554, -0.373254, 0.837568
273, 0.037141, -0.019231, 1.314339,0.348942, -0.194697, -0.377926, 0.835167
274, 0.038343, -0.018317, 1.314447,0.348932, -0.196432, -0.382565, 0.832649
275, 0.039391, -0.017595, 1.314504,0.348896, -0.197609, -0.386397, 0.830614
276, 0.040625, -0.016657, 1.314602,0.348802, -0.198933, -0.391082, 0.828141
277, 0.041889, -0.015787, 1.314708,0.348800, -0.200342, -0.395709, 0.825600
278, 0.043161, -0.014937, 1.314775,0.348664, -0.201673, -0.400321, 0.823106
279, 0.044233, -0.014243, 1.314938,0.348468, -0.202946, -0.404278, 0.820940
280, 0.045505, -0.013479, 1.315070,0.348151, -0.204268, -0.408744, 0.818532
281, 0.046802, -0.012639, 1.315139,0.348115, -0.205826, -0.413251, 0.815889
282, 0.048028, -0.011879, 1.315331,0.347675, -0.207499, -0.417825, 0.813319
283, 0.049056, -0.011312, 1.315469,0.347412, -0.208261, -0.421642, 0.811265
284, 0.050252, -0.010617, 1.315671,0.347326, -0.209605, -0.426102, 0.808621
285, 0.051442, -0.009879, 1.315863,0.346984, -0.211431, -0.430620, 0.805894
286, 0.052664, -0.009214, 1.316047,0.346764, -0.212464, -0.435106, 0.803303
287, 0.053685, -0.008642, 1.316276,0.346456, -0.213674, -0.438987, 0.801000
288, 0.054873, -0.008060, 1.316520,0.346252, -0.214915, -0.443417, 0.798313
289, 0.056090, -0.007430, 1.316715,0.345938, -0.216020, -0.447873, 0.795658
290, 0.057301, -0.006826, 1.316967,0.345986, -0.217305, -0.452236, 0.792814
291, 0.058321, -0.006337, 1.317213,0.345661, -0.218537, -0.455965, 0.790478
292, 0.059510, -0.005831, 1.317462,0.345247, -0.219746, -0.460320, 0.787795
293, 0.060697, -0.005254, 1.317701,0.344843, -0.221167, -0.464673, 0.785014
294, 0.061708, -0.004782, 1.317944,0.344692, -0.221839, -0.468448, 0.782644
295, 0.062858, -0.004310, 1.318212,0.344338, -0.223269, -0.472707, 0.779827
296, 0.063995, -0.003871, 1.318455,0.343919, -0.224391, -0.476955, 0.777098
297, 0.065129, -0.003368, 1.318689,0.343349, -0.225765, -0.481299, 0.774269
298, 0.066085, -0.003014, 1.318868,0.342986, -0.227222, -0.484960, 0.771715
299, 0.067158, -0.002645, 1.319077,0.342548, -0.228395, -0.489096, 0.768948
300, 0.068164, -0.002307, 1.319290,0.341873, -0.229403, -0.493146, 0.766358
301, 0.069138, -0.001975, 1.319408,0.341425, -0.230692, -0.496809, 0.763801
302, 0.070809, -0.001693, 1.319723,0.340735, -0.232380, -0.502659, 0.759758
303, 0.072405, -0.001564, 1.319873,0.339908, -0.234401, -0.507593, 0.756219
304, 0.073521, -0.001748, 1.319957,0.339431, -0.235033, -0.510599, 0.754212
305, 0.074580, -0.002348, 1.319861,0.338725, -0.236627, -0.512341, 0.752848
306, 0.074520, -0.003440, 1.319464,0.338052, -0.237015, -0.510567, 0.754232
307, 0.073752, -0.004574, 1.319070,0.337503, -0.236682, -0.506687, 0.757193
308, 0.073089, -0.005250, 1.318713,0.337287, -0.236367, -0.503737, 0.759353
309, 0.071364, -0.006557, 1.318087,0.336915, -0.235285, -0.497246, 0.764118
310, 0.069658, -0.007852, 1.317493,0.336581, -0.233669, -0.490980, 0.768799
311, 0.068358, -0.008656, 1.317055,0.336587, -0.232939, -0.486359, 0.771948
312, 0.066966, -0.009494, 1.316680,0.336385, -0.231671, -0.481825, 0.775254
313, 0.065491, -0.010380, 1.316275,0.336283, -0.230365, -0.477260, 0.778504
314, 0.064231, -0.011035, 1.315873,0.336108, -0.229526, -0.473513, 0.781111
315, 0.062762, -0.011732, 1.315380,0.335798, -0.228583, -0.469304, 0.784056
316, 0.061184, -0.012527, 1.314954,0.335334, -0.227442, -0.465123, 0.787072
317, 0.059573, -0.013308, 1.314478,0.334963, -0.226816, -0.460737, 0.789984
318, 0.058199, -0.013847, 1.314044,0.334664, -0.225770, -0.457118, 0.792509
319, 0.056575, -0.014426, 1.313596,0.334664, -0.225770, -0.457118, 0.792509
320, 0.054857, -0.015128, 1.313195,0.334349, -0.223887, -0.448534, 0.798062
321, 0.053378, -0.015651, 1.312806,0.334163, -0.222974, -0.444722, 0.800524
322, 0.051670, -0.016131, 1.312358,0.334231, -0.221832, -0.440375, 0.803212
323, 0.049926, -0.016675, 1.312001,0.334271, -0.220246, -0.436070, 0.805976
324, 0.048184, -0.017216, 1.311652,0.334266, -0.218951, -0.431612, 0.808726
325, 0.046762, -0.017583, 1.311354,0.334454, -0.217563, -0.427920, 0.810982
326, 0.045119, -0.017889, 1.311082,0.335081, -0.216339, -0.423878, 0.813170
327, 0.043486, -0.018265, 1.310786,0.335127, -0.214739, -0.419965, 0.815602
328, 0.041867, -0.018552, 1.310542,0.335799, -0.213669, -0.416156, 0.817557
329, 0.040487, -0.018747, 1.310386,0.336170, -0.212500, -0.413011, 0.819302
330, 0.038869, -0.018984, 1.310184,0.336657, -0.211335, -0.409159, 0.821334
331, 0.037220, -0.019317, 1.309929,0.337193, -0.209716, -0.405029, 0.823573
332, 0.035806, -0.019600, 1.309696,0.337484, -0.208513, -0.401307, 0.825578
333, 0.034181, -0.019935, 1.309489,0.338026, -0.206912, -0.397084, 0.827799
334, 0.032560, -0.020255, 1.309293,0.338325, -0.205404, -0.392971, 0.830012
335, 0.030944, -0.020587, 1.309000,0.338773, -0.204182, -0.388765, 0.832108
336, 0.029518, -0.020807, 1.308797,0.339159, -0.203103, -0.385103, 0.833916
337, 0.027820, -0.021157, 1.308584,0.339359, -0.201255, -0.380713, 0.836295
338, 0.026147, -0.021554, 1.308265,0.339680, -0.199928, -0.376282, 0.838485
339, 0.024498, -0.021817, 1.307975,0.340039, -0.198705, -0.372081, 0.840503
340, 0.023071, -0.022010, 1.307797,0.340265, -0.197450, -0.368666, 0.842210
341, 0.021477, -0.022325, 1.307502,0.340596, -0.196108, -0.364539, 0.844184
342, 0.019859, -0.022601, 1.307223,0.340764, -0.194660, -0.360467, 0.846198
343, 0.018221, -0.022884, 1.306964,0.340874, -0.193392, -0.356455, 0.848142
344, 0.016840, -0.023085, 1.306657,0.341160, -0.192274, -0.353095, 0.849685
345, 0.015239, -0.023382, 1.306324,0.341481, -0.190879, -0.349079, 0.851528
346, 0.013610, -0.023728, 1.306083,0.341357, -0.189533, -0.344968, 0.853551
347, 0.012051, -0.024069, 1.305806,0.341498, -0.188294, -0.340994, 0.855364
348, 0.010742, -0.024361, 1.305488,0.341637, -0.187410, -0.337490, 0.856891
349, 0.009161, -0.024708, 1.305188,0.341814, -0.186052, -0.333153, 0.858811
350, 0.007570, -0.025212, 1.304880,0.342066, -0.184913, -0.328456, 0.860764
351, 0.006249, -0.025719, 1.304573,0.342290, -0.183533, -0.324171, 0.862593
352, 0.004730, -0.026307, 1.304282,0.342356, -0.181803, -0.319147, 0.864803
353, 0.003254, -0.026880, 1.303881,0.342252, -0.179605, -0.314258, 0.867091
354, 0.001802, -0.027541, 1.303456,0.342502, -0.178569, -0.309390, 0.868955
355, 0.000576, -0.028146, 1.303251,0.342757, -0.176969, -0.305234, 0.870650
356, -0.000803, -0.028865, 1.302962,0.342752, -0.175510, -0.300453, 0.872609
357, -0.002079, -0.029551, 1.302478,0.342846, -0.173500, -0.295719, 0.874588
358, -0.003326, -0.030327, 1.302116,0.343249, -0.172084, -0.290868, 0.876335
359, -0.004374, -0.031004, 1.301924,0.343446, -0.170745, -0.286674, 0.877900
360, -0.005470, -0.031832, 1.301628,0.344113, -0.169428, -0.281799, 0.879471
361, -0.006483, -0.032608, 1.301254,0.344527, -0.167684, -0.276982, 0.881172
362, -0.007437, -0.033518, 1.300973,0.344713, -0.166217, -0.272035, 0.882917
363, -0.008218, -0.034306, 1.300790,0.345014, -0.164830, -0.267801, 0.884353
364, -0.009031, -0.035242, 1.300520,0.345451, -0.162996, -0.262886, 0.885995
365, -0.009777, -0.036150, 1.300231,0.345961, -0.161514, -0.258009, 0.887499
366, -0.010486, -0.037166, 1.299983,0.346308, -0.159953, -0.253024, 0.889081
367, -0.011048, -0.038037, 1.299791,0.346537, -0.158278, -0.248796, 0.890483
368, -0.011679, -0.039055, 1.299573,0.346956, -0.156901, -0.243857, 0.891929
369, -0.012296, -0.040198, 1.299366,0.347318, -0.154436, -0.238903, 0.893558
370, -0.012750, -0.041233, 1.299123,0.347952, -0.153141, -0.234600, 0.894673
371, -0.013204, -0.042378, 1.298844,0.348434, -0.151460, -0.229692, 0.896044
372, -0.013572, -0.043661, 1.298631,0.348968, -0.149598, -0.224764, 0.897398
373, -0.013945, -0.045069, 1.298473,0.349422, -0.147468, -0.219696, 0.898828
374, -0.014221, -0.046211, 1.298287,0.350013, -0.146091, -0.215491, 0.899840
375, -0.014504, -0.047564, 1.298008,0.350523, -0.144437, -0.210617, 0.901062
376, -0.014688, -0.049058, 1.297788,0.351130, -0.142535, -0.205555, 0.902296
377, -0.014811, -0.050613, 1.297675,0.351454, -0.140847, -0.200457, 0.903581
378, -0.014840, -0.051892, 1.297497,0.351957, -0.139359, -0.196165, 0.904558
379, -0.014821, -0.053404, 1.297252,0.352196, -0.137565, -0.191231, 0.905795
380, -0.014765, -0.055023, 1.297094,0.352568, -0.135788, -0.186181, 0.906970
381, -0.014624, -0.056700, 1.296922,0.353048, -0.134203, -0.180987, 0.908070
382, -0.014459, -0.058072, 1.296774,0.353185, -0.132529, -0.176769, 0.909092
383, -0.014221, -0.059767, 1.296612,0.353251, -0.130916, -0.171715, 0.910268
384, -0.013917, -0.061505, 1.296434,0.353593, -0.129120, -0.166580, 0.911346
385, -0.013530, -0.063188, 1.296279,0.353577, -0.127416, -0.161484, 0.912508
386, -0.013130, -0.064643, 1.296142,0.353780, -0.125861, -0.157236, 0.913387
387, -0.012634, -0.066340, 1.296014,0.354184, -0.124286, -0.152012, 0.914330
388, -0.009294, -0.074534, 1.295684,0.355015, -0.115238, -0.127230, 0.918965
389, -0.007514, -0.077621, 1.295650,0.354798, -0.112072, -0.117731, 0.920705
390, -0.006501, -0.079340, 1.295800,0.354850, -0.110082, -0.112670, 0.921558
391, -0.005356, -0.080987, 1.295828,0.354594, -0.108260, -0.107819, 0.922452
392, -0.004341, -0.082334, 1.295885,0.354448, -0.106829, -0.103967, 0.923117
393, -0.003140, -0.083927, 1.296039,0.353964, -0.105459, -0.099476, 0.923955
394, -0.001433, -0.086241, 1.296311,0.352894, -0.102942, -0.092698, 0.925352
395, 0.001739, -0.090023, 1.296820,0.350453, -0.099304, -0.082381, 0.927650
396, 0.003121, -0.091454, 1.297109,0.349575, -0.098270, -0.079014, 0.928384
397, 0.005155, -0.093431, 1.297398,0.347439, -0.096024, -0.075533, 0.929710
398, 0.007847, -0.095668, 1.297926,0.345249, -0.095017, -0.071968, 0.930911
399, 0.009351, -0.096742, 1.298129,0.344137, -0.094866, -0.070698, 0.931436
400, 0.010838, -0.097664, 1.298346,0.342321, -0.094311, -0.069915, 0.932220
401, 0.012263, -0.098507, 1.298641,0.341006, -0.094267, -0.069453, 0.932741
402, 0.013472, -0.099240, 1.298843,0.339911, -0.094225, -0.069076, 0.933173
403, 0.014838, -0.099977, 1.299083,0.338458, -0.094089, -0.069153, 0.933708
404, 0.016282, -0.100585, 1.299306,0.336848, -0.094498, -0.069845, 0.934198
405, 0.023272, -0.102284, 1.300553,0.329668, -0.098276, -0.079018, 0.935637
406, 0.024783, -0.102429, 1.300770,0.327906, -0.099617, -0.081972, 0.935860
407, 0.026202, -0.102560, 1.301059,0.326293, -0.100403, -0.084835, 0.936085
408, 0.027582, -0.102647, 1.301373,0.324523, -0.101531, -0.088200, 0.936268
409, 0.028769, -0.102569, 1.301566,0.323445, -0.103066, -0.091391, 0.936167
410, 0.030150, -0.102332, 1.301749,0.321993, -0.104790, -0.095744, 0.936041
411, 0.031498, -0.102046, 1.302013,0.320610, -0.106701, -0.100500, 0.935801
412, 0.032717, -0.101665, 1.302406,0.319561, -0.108597, -0.105484, 0.935393
413, 0.033766, -0.101228, 1.302640,0.318694, -0.110420, -0.109983, 0.934958
414, 0.035074, -0.100617, 1.302823,0.317743, -0.112797, -0.115447, 0.934339
415, 0.036302, -0.099976, 1.303129,0.317017, -0.115179, -0.120816, 0.933615
416, 0.037436, -0.099367, 1.303474,0.315991, -0.116897, -0.125973, 0.933068
417, 0.038362, -0.098814, 1.303754,0.315376, -0.118535, -0.130331, 0.932470
418, 0.039431, -0.098055, 1.304054,0.314702, -0.120623, -0.135377, 0.931711
419, 0.040481, -0.097276, 1.304389,0.314486, -0.122451, -0.140279, 0.930820
420, 0.041482, -0.096445, 1.304746,0.314259, -0.124590, -0.145267, 0.929847
421, 0.042292, -0.095685, 1.305043,0.314277, -0.126535, -0.149504, 0.928907
422, 0.043201, -0.094755, 1.305381,0.314222, -0.128391, -0.154647, 0.927828
423, 0.044048, -0.093787, 1.305744,0.314222, -0.130250, -0.159718, 0.926709
424, 0.044731, -0.092937, 1.306083,0.314509, -0.132010, -0.164021, 0.925610
425, 0.045507, -0.091877, 1.306458,0.314655, -0.134216, -0.169048, 0.924338
426, 0.046260, -0.090781, 1.306832,0.314516, -0.135945, -0.173981, 0.923217
427, 0.046965, -0.089645, 1.307237,0.314773, -0.137621, -0.178960, 0.921928
428, 0.047564, -0.088665, 1.307544,0.314840, -0.139028, -0.183252, 0.920851
429, 0.048269, -0.087422, 1.307806,0.315313, -0.141278, -0.188182, 0.919351
430, 0.048883, -0.086133, 1.308209,0.315424, -0.143115, -0.193179, 0.917991
431, 0.049353, -0.085057, 1.308630,0.315659, -0.144532, -0.197449, 0.916779
432, 0.049960, -0.083729, 1.308996,0.315930, -0.146194, -0.202388, 0.915344
433, 0.050545, -0.082271, 1.309394,0.316184, -0.148161, -0.207347, 0.913829
434, 0.051038, -0.080859, 1.309908,0.316262, -0.149987, -0.212309, 0.912364
435, 0.051486, -0.079412, 1.310381,0.316366, -0.151629, -0.217251, 0.910891
436, 0.051874, -0.078007, 1.310761,0.316379, -0.153077, -0.221515, 0.909617
437, 0.052379, -0.076331, 1.311183,0.316602, -0.155129, -0.226519, 0.907958
438, 0.052832, -0.074608, 1.311685,0.316685, -0.156840, -0.231381, 0.906407
439, 0.053246, -0.073134, 1.312144,0.316665, -0.158604, -0.235492, 0.905048
440, 0.053761, -0.071273, 1.312588,0.316700, -0.160748, -0.240424, 0.903359
441, 0.054246, -0.069405, 1.312979,0.316628, -0.162433, -0.245289, 0.901774
442, 0.054666, -0.067494, 1.313528,0.316709, -0.164266, -0.250157, 0.900074
443, 0.055014, -0.065850, 1.313980,0.316930, -0.165900, -0.254359, 0.898518
444, 0.055371, -0.063839, 1.314385,0.317032, -0.167250, -0.259152, 0.896860
445, 0.055675, -0.061764, 1.314856,0.317487, -0.169290, -0.264044, 0.894887
446, 0.055871, -0.059702, 1.315398,0.318066, -0.170826, -0.268786, 0.892976
447, 0.056025, -0.057936, 1.315801,0.318290, -0.172368, -0.272905, 0.891349
448, 0.056163, -0.055830, 1.316277,0.318651, -0.173862, -0.277661, 0.889459
449, 0.056290, -0.053670, 1.316744,0.319393, -0.175707, -0.282384, 0.887341
450, 0.056357, -0.051567, 1.317260,0.320167, -0.177363, -0.287110, 0.885214
451, 0.056344, -0.049769, 1.317685,0.320421, -0.178078, -0.291191, 0.883644
452, 0.056275, -0.047634, 1.318125,0.320938, -0.179669, -0.295947, 0.881551
453, 0.056185, -0.045542, 1.318544,0.321413, -0.181174, -0.300685, 0.879465
454, 0.056071, -0.043774, 1.318842,0.321636, -0.182562, -0.304680, 0.877720
455, 0.055904, -0.041659, 1.319286,0.322024, -0.183695, -0.309478, 0.875660
456, 0.055698, -0.039556, 1.319789,0.322611, -0.185215, -0.314291, 0.873406
457, 0.055489, -0.037456, 1.320150,0.323275, -0.186265, -0.318935, 0.871252
458, 0.055289, -0.035588, 1.320440,0.324027, -0.187635, -0.322896, 0.869217
459, 0.054982, -0.033415, 1.320928,0.324991, -0.188671, -0.327595, 0.866871
460, 0.054628, -0.031303, 1.321424,0.326040, -0.189627, -0.332154, 0.864531
461, 0.054251, -0.029175, 1.321801,0.327229, -0.190879, -0.336700, 0.862044
462, 0.053814, -0.026935, 1.322313,0.328902, -0.191873, -0.341298, 0.859374
463, 0.053303, -0.024825, 1.322821,0.330512, -0.192851, -0.345672, 0.856785
464, 0.052842, -0.022964, 1.323170,0.332018, -0.193965, -0.349313, 0.854472
465, 0.052286, -0.020685, 1.323653,0.334280, -0.194499, -0.353553, 0.851720
466, 0.051639, -0.018561, 1.324196,0.336280, -0.194463, -0.357496, 0.849292
467, 0.051051, -0.016866, 1.324594,0.338528, -0.194592, -0.360382, 0.847147
468, 0.050334, -0.014806, 1.325073,0.341047, -0.194706, -0.363582, 0.844740
469, 0.049561, -0.012765, 1.325589,0.343736, -0.194830, -0.366475, 0.842368
470, 0.048678, -0.011020, 1.326074,0.346004, -0.194198, -0.368921, 0.840515
471, 0.047886, -0.009529, 1.326406,0.348360, -0.193673, -0.370603, 0.838922
472, 0.046894, -0.007793, 1.326800,0.350251, -0.193028, -0.372202, 0.837574
473, 0.045796, -0.006377, 1.327149,0.352539, -0.192764, -0.372878, 0.836374
474, 0.044560, -0.005174, 1.327448,0.354895, -0.192272, -0.372904, 0.835478
475, 0.042790, -0.003284, 1.327732,0.357694, -0.190858, -0.372909, 0.834606
476, 0.041694, -0.002375, 1.327897,0.359162, -0.190020, -0.372764, 0.834232
477, 0.040372, -0.001420, 1.328020,0.360580, -0.189119, -0.372197, 0.834078
478, 0.039041, -0.000364, 1.328086,0.362355, -0.188613, -0.371640, 0.833671
479, 0.037873, 0.000472, 1.328101,0.363650, -0.188200, -0.371070, 0.833454
480, 0.036481, 0.001242, 1.328051,0.364820, -0.187117, -0.370104, 0.833616
481, 0.035050, 0.002055, 1.328066,0.366049, -0.186410, -0.368991, 0.833730
482, 0.033657, 0.002761, 1.327923,0.366666, -0.185866, -0.367623, 0.834184
483, 0.032220, 0.003241, 1.327814,0.367804, -0.185012, -0.365740, 0.834700
484, 0.031014, 0.003608, 1.327678,0.368319, -0.184294, -0.363855, 0.835456
485, 0.029670, 0.004004, 1.327387,0.368921, -0.183558, -0.361505, 0.836372
486, 0.028293, 0.004199, 1.327149,0.369004, -0.182609, -0.358760, 0.837724
487, 0.027105, 0.004265, 1.326920,0.369187, -0.181669, -0.356133, 0.838968
488, 0.025730, 0.004266, 1.326523,0.368817, -0.181036, -0.352676, 0.840726
489, 0.024366, 0.004213, 1.326122,0.368828, -0.180391, -0.348974, 0.842403
490, 0.023063, 0.003969, 1.325697,0.368452, -0.179295, -0.345044, 0.844418
491, 0.021970, 0.003748, 1.325345,0.368004, -0.178685, -0.341705, 0.846098
492, 0.020757, 0.003476, 1.324867,0.367141, -0.177955, -0.337826, 0.848182
493, 0.019533, 0.003067, 1.324375,0.366669, -0.177215, -0.333634, 0.850198
494, 0.018333, 0.002506, 1.323923,0.365748, -0.176156, -0.329034, 0.852604
495, 0.017407, 0.001990, 1.323482,0.365042, -0.175179, -0.325001, 0.854652
496, 0.016364, 0.001379, 1.322985,0.364211, -0.174203, -0.320193, 0.857018
497, 0.015340, 0.000575, 1.322529,0.362996, -0.173252, -0.315214, 0.859568
498, 0.014408, -0.000203, 1.322028,0.362105, -0.172024, -0.310340, 0.861961
499, 0.013651, -0.000902, 1.321552,0.361473, -0.171353, -0.306191, 0.863842
500, 0.012767, -0.001808, 1.321034,0.360440, -0.170181, -0.301365, 0.866199
501, 0.011915, -0.002774, 1.320585,0.359442, -0.169321, -0.296684, 0.868396
502, 0.011138, -0.003738, 1.320051,0.358060, -0.167967, -0.291968, 0.870824
503, 0.010504, -0.004597, 1.319552,0.357338, -0.167026, -0.287959, 0.872635
504, 0.009768, -0.005719, 1.319051,0.356322, -0.165813, -0.283128, 0.874860
505, 0.009090, -0.006862, 1.318630,0.355389, -0.164806, -0.278348, 0.876961
506, 0.008539, -0.007818, 1.318169,0.354609, -0.163338, -0.274278, 0.878832
507, 0.007905, -0.009015, 1.317692,0.353749, -0.162304, -0.269435, 0.880865
508, 0.007262, -0.010325, 1.317329,0.352739, -0.160546, -0.264605, 0.883054
509, 0.006764, -0.011637, 1.316816,0.352050, -0.159400, -0.259687, 0.884994
510, 0.006352, -0.012695, 1.316351,0.351587, -0.158363, -0.255540, 0.886570
511, 0.005820, -0.014076, 1.315936,0.350919, -0.156721, -0.250713, 0.888503
512, 0.005346, -0.015574, 1.315481,0.350676, -0.155289, -0.245755, 0.890234
513, 0.004939, -0.017025, 1.315005,0.350256, -0.154115, -0.240755, 0.891968
514, 0.004641, -0.018317, 1.314663,0.349897, -0.152958, -0.236575, 0.893425
515, 0.004304, -0.020000, 1.314270,0.349605, -0.151349, -0.231554, 0.895127
516, 0.004043, -0.021720, 1.313828,0.349270, -0.149896, -0.226457, 0.896805
517, 0.003882, -0.023132, 1.313465,0.349139, -0.148434, -0.222285, 0.898142
518, 0.003738, -0.024887, 1.313080,0.348864, -0.147053, -0.217272, 0.899701
519, 0.003583, -0.026838, 1.312768,0.348650, -0.145605, -0.212147, 0.901242
520, 0.003542, -0.028754, 1.312384,0.348344, -0.144059, -0.207061, 0.902790
521, 0.003598, -0.030354, 1.312035,0.348116, -0.142777, -0.202838, 0.904039
522, 0.003669, -0.032359, 1.311729,0.347901, -0.141028, -0.197793, 0.905513
523, 0.003798, -0.034461, 1.311489,0.347670, -0.139556, -0.192745, 0.906917
524, 0.004008, -0.036546, 1.311191,0.347302, -0.138210, -0.187625, 0.908337
525, 0.004260, -0.038326, 1.310918,0.346954, -0.136853, -0.183340, 0.909550
526, 0.004607, -0.040449, 1.310684,0.346812, -0.135071, -0.178364, 0.910859
527, 0.005056, -0.042631, 1.310453,0.346175, -0.133256, -0.173232, 0.912358
528, 0.007704, -0.051016, 1.309868,0.343961, -0.127138, -0.153861, 0.917526
529, 0.017879, -0.068633, 1.310022,0.338366, -0.111318, -0.107734, 0.928176
530, 0.021072, -0.072655, 1.310361,0.336049, -0.105384, -0.096493, 0.930943
531, 0.022248, -0.073911, 1.310534,0.335480, -0.103960, -0.092806, 0.931683
532, 0.024954, -0.076522, 1.311007,0.334219, -0.101187, -0.085803, 0.933111
533, 0.026137, -0.077467, 1.311229,0.333754, -0.100225, -0.083553, 0.933586
534, 0.027539, -0.078581, 1.311468,0.333296, -0.099376, -0.081083, 0.934058
535, 0.028905, -0.079540, 1.311709,0.332485, -0.098467, -0.079091, 0.934613
536, 0.030276, -0.080385, 1.311942,0.332024, -0.097875, -0.077426, 0.934979
537, 0.031436, -0.081068, 1.312162,0.331625, -0.097625, -0.076195, 0.935248
538, 0.032845, -0.081834, 1.312441,0.330895, -0.096916, -0.075080, 0.935670
539, 0.034246, -0.082498, 1.312643,0.329958, -0.096520, -0.074365, 0.936099
540, 0.035632, -0.083071, 1.312856,0.329311, -0.096516, -0.074010, 0.936355
541, 0.037035, -0.083564, 1.313138,0.328503, -0.096510, -0.074053, 0.936637
542, 0.038302, -0.083987, 1.313375,0.327734, -0.096630, -0.074309, 0.936873
543, 0.039799, -0.084339, 1.313614,0.326769, -0.096868, -0.075001, 0.937130
544, 0.041279, -0.084602, 1.313841,0.326016, -0.097713, -0.076286, 0.937201
545, 0.042482, -0.084846, 1.314055,0.324958, -0.098031, -0.077342, 0.937449
546, 0.043928, -0.085029, 1.314325,0.323926, -0.098827, -0.079194, 0.937568
547, 0.045337, -0.085196, 1.314545,0.322595, -0.099533, -0.081123, 0.937787
548, 0.046749, -0.085272, 1.314779,0.321371, -0.100310, -0.083359, 0.937929
549, 0.047942, -0.085312, 1.315013,0.320251, -0.101161, -0.085788, 0.938001
550, 0.049293, -0.085285, 1.315271,0.319038, -0.102503, -0.088966, 0.937973
551, 0.050608, -0.085127, 1.315440,0.317638, -0.103854, -0.092629, 0.937945
552, 0.051684, -0.084953, 1.315639,0.316588, -0.105520, -0.095924, 0.937782
553, 0.052904, -0.084813, 1.315889,0.315245, -0.106905, -0.099949, 0.937658
554, 0.054068, -0.084613, 1.316119,0.313867, -0.108754, -0.104224, 0.937442
555, 0.055167, -0.084314, 1.316293,0.312658, -0.110875, -0.109023, 0.937052
556, 0.056598, -0.083785, 1.316491,0.310506, -0.113882, -0.115917, 0.936579
557, 0.057500, -0.083364, 1.316677,0.309354, -0.115869, -0.121023, 0.936071
558, 0.059060, -0.082429, 1.316854,0.306919, -0.120285, -0.130519, 0.935038
559, 0.060363, -0.081366, 1.317130,0.304576, -0.124550, -0.140476, 0.933802
560, 0.061317, -0.080051, 1.317228,0.302998, -0.128656, -0.149472, 0.932361
561, 0.061803, -0.078318, 1.317462,0.302309, -0.132884, -0.159373, 0.930350
562, 0.062039, -0.076337, 1.317611,0.302485, -0.136532, -0.168626, 0.928131
563, 0.062136, -0.075084, 1.317685,0.303038, -0.138555, -0.173607, 0.926731
564, 0.062122, -0.073978, 1.317887,0.303665, -0.140146, -0.177845, 0.925482
565, 0.062049, -0.072624, 1.318116,0.304282, -0.141723, -0.182729, 0.924087
566, 0.061989, -0.071154, 1.318216,0.305229, -0.143859, -0.187585, 0.922471
567, 0.061874, -0.069600, 1.318361,0.306475, -0.145568, -0.192494, 0.920776
568, 0.061665, -0.068274, 1.318658,0.307365, -0.146621, -0.196632, 0.919437
569, 0.061404, -0.066735, 1.318859,0.309000, -0.148393, -0.201363, 0.917579
570, 0.061099, -0.064994, 1.319008,0.310367, -0.149874, -0.206106, 0.915822
571, 0.060777, -0.063272, 1.319232,0.312033, -0.151571, -0.210769, 0.913914
572, 0.060493, -0.061835, 1.319494,0.313447, -0.152507, -0.214627, 0.912375
573, 0.060118, -0.060038, 1.319831,0.315356, -0.153864, -0.219307, 0.910374
574, 0.059760, -0.058233, 1.320051,0.317174, -0.155010, -0.223890, 0.908430
575, 0.059360, -0.056459, 1.320270,0.319165, -0.156190, -0.228263, 0.906440
576, 0.058983, -0.054889, 1.320579,0.320749, -0.157083, -0.232122, 0.904745
577, 0.058556, -0.053119, 1.320927,0.322769, -0.157855, -0.236666, 0.902713
578, 0.058146, -0.051323, 1.321190,0.324819, -0.159261, -0.240989, 0.900584
579, 0.057712, -0.049496, 1.321454,0.326894, -0.160342, -0.245448, 0.898435
580, 0.057320, -0.047929, 1.321746,0.328739, -0.161113, -0.249381, 0.896539
581, 0.056866, -0.046166, 1.322059,0.331064, -0.162026, -0.253666, 0.894314
582, 0.056420, -0.044331, 1.322358,0.333215, -0.162772, -0.258022, 0.892131
583, 0.056025, -0.042742, 1.322647,0.335243, -0.163538, -0.261740, 0.890146
584, 0.055548, -0.040990, 1.322913,0.337438, -0.164530, -0.265832, 0.887918
585, 0.055058, -0.039237, 1.323189,0.339726, -0.164872, -0.269711, 0.885810
586, 0.054580, -0.037524, 1.323433,0.342023, -0.165389, -0.273268, 0.883737
587, 0.054156, -0.036116, 1.323677,0.344186, -0.165801, -0.276101, 0.881938
588, 0.053624, -0.034536, 1.324022,0.346410, -0.166001, -0.279113, 0.880080
589, 0.053077, -0.033036, 1.324274,0.348622, -0.166390, -0.281916, 0.878237
590, 0.052633, -0.031799, 1.324428,0.350753, -0.166580, -0.283919, 0.876706
591, 0.052107, -0.030441, 1.324644,0.352844, -0.166450, -0.285922, 0.875239
592, 0.051547, -0.029218, 1.324920,0.354998, -0.166392, -0.287572, 0.873838
593, 0.051004, -0.028046, 1.325049,0.357471, -0.166676, -0.288846, 0.872354
594, 0.050429, -0.026912, 1.325093,0.359681, -0.166091, -0.289881, 0.871213
595, 0.049903, -0.025971, 1.325196,0.361512, -0.165614, -0.290725, 0.870264
596, 0.049306, -0.025047, 1.325241,0.363818, -0.165217, -0.291401, 0.869152
597, 0.048785, -0.024121, 1.325149,0.365987, -0.164805, -0.291788, 0.868189
598, 0.047678, -0.022415, 1.324968,0.370351, -0.163161, -0.292423, 0.866434
599, 0.047091, -0.021596, 1.324749,0.372784, -0.162677, -0.292528, 0.865445
600, 0.046534, -0.020809, 1.324395,0.375028, -0.162290, -0.292452, 0.864574
601, 0.045470, -0.019579, 1.323599,0.377623, -0.161362, -0.292278, 0.863676
602, 0.044952, -0.019049, 1.322905,0.378610, -0.160928, -0.292019, 0.863413
603, 0.044495, -0.018514, 1.322164,0.379372, -0.160724, -0.291841, 0.863177
604, 0.043640, -0.017688, 1.320552,0.379977, -0.161007, -0.291752, 0.862887
605, 0.043194, -0.017295, 1.319473,0.379846, -0.161092, -0.291693, 0.862949
606, 0.042703, -0.017063, 1.318469,0.378938, -0.161112, -0.291576, 0.863384
607, 0.042319, -0.016887, 1.317493,0.378196, -0.161246, -0.291302, 0.863777
608, 0.041958, -0.016699, 1.316179,0.377365, -0.161802, -0.290786, 0.864210
609, 0.041633, -0.016653, 1.314901,0.375938, -0.162215, -0.290303, 0.864917
610, 0.041218, -0.016702, 1.313737,0.374365, -0.162664, -0.289705, 0.865715
611, 0.040879, -0.016786, 1.312652,0.372599, -0.163171, -0.289147, 0.866567
612, 0.040590, -0.016963, 1.311214,0.370387, -0.163832, -0.288255, 0.867687
613, 0.040343, -0.017344, 1.309810,0.367618, -0.164202, -0.287139, 0.869164
614, 0.040108, -0.017727, 1.308697,0.365045, -0.164809, -0.286100, 0.870475
615, 0.039885, -0.018186, 1.307160,0.361878, -0.165777, -0.284816, 0.872034
616, 0.039680, -0.018772, 1.305581,0.358457, -0.166409, -0.283265, 0.873829
617, 0.039450, -0.019589, 1.304156,0.354968, -0.167260, -0.281422, 0.875684
618, 0.039290, -0.020270, 1.302936,0.351678, -0.167905, -0.279873, 0.877383
619, 0.039145, -0.021031, 1.301408,0.348236, -0.168380, -0.278117, 0.879222
620, 0.038993, -0.021891, 1.299983,0.344691, -0.168893, -0.275959, 0.881198
621, 0.038822, -0.022858, 1.298748,0.341264, -0.168995, -0.273770, 0.883193
622, 0.038721, -0.023742, 1.297651,0.338214, -0.169567, -0.271570, 0.884934
623, 0.038672, -0.024825, 1.296320,0.334789, -0.169951, -0.268883, 0.886981
624, 0.038587, -0.026000, 1.295160,0.331189, -0.169928, -0.266021, 0.889197
625, 0.038475, -0.027230, 1.294078,0.327388, -0.169645, -0.262970, 0.891563
626, 0.038428, -0.028346, 1.293111,0.324628, -0.169244, -0.260048, 0.893503
627, 0.038408, -0.029729, 1.292067,0.321345, -0.169041, -0.256199, 0.895837
628, 0.038413, -0.031175, 1.291173,0.318151, -0.168200, -0.252378, 0.898217
629, 0.038485, -0.032464, 1.290245,0.315324, -0.167836, -0.248816, 0.900274
630, 0.038634, -0.033529, 1.289489,0.313160, -0.167637, -0.245779, 0.901899
631, 0.038781, -0.034907, 1.288760,0.310475, -0.166853, -0.242285, 0.903916
632, 0.038897, -0.036257, 1.288044,0.307970, -0.166412, -0.238618, 0.905827
633, 0.039017, -0.037326, 1.287376,0.305529, -0.165216, -0.235433, 0.907704
634, 0.039169, -0.038704, 1.286571,0.303330, -0.164354, -0.231173, 0.909691
635, 0.039344, -0.040078, 1.285891,0.301014, -0.163083, -0.227372, 0.911645
636, 0.039480, -0.041214, 1.285345,0.298942, -0.162298, -0.224351, 0.913214
637, 0.039810, -0.042863, 1.284006,0.296434, -0.160876, -0.220651, 0.915183
638, 0.040005, -0.043622, 1.283085,0.296086, -0.160069, -0.218880, 0.915862
639, 0.040307, -0.044287, 1.282218,0.295957, -0.159615, -0.218429, 0.916090
640, 0.041107, -0.044032, 1.281180,0.296110, -0.160278, -0.221483, 0.915191
641, 0.041760, -0.042971, 1.280909,0.296353, -0.161976, -0.227563, 0.913320
642, 0.042189, -0.041986, 1.281310,0.299820, -0.161907, -0.229723, 0.911659
643, 0.041966, -0.040855, 1.282174,0.306201, -0.160158, -0.231102, 0.909495
644, 0.042188, -0.039644, 1.282612,0.313307, -0.159539, -0.232225, 0.906894
645, 0.042181, -0.037864, 1.283434,0.322831, -0.157791, -0.234742, 0.903205
646, 0.042213, -0.036771, 1.283604,0.327956, -0.157322, -0.236088, 0.901087
647, 0.042304, -0.035061, 1.284223,0.337339, -0.156335, -0.238761, 0.897081
648, 0.042338, -0.034009, 1.284403,0.342410, -0.155646, -0.240482, 0.894817
649, 0.042550, -0.032311, 1.284669,0.351024, -0.153712, -0.243946, 0.890868
650, 0.043046, -0.030629, 1.284627,0.360366, -0.152702, -0.247664, 0.886274
651, 0.043638, -0.029090, 1.284267,0.369312, -0.151841, -0.251240, 0.881721
652, 0.044463, -0.027620, 1.283315,0.378859, -0.150348, -0.254536, 0.876968
653, 0.045391, -0.026368, 1.282104,0.387570, -0.148333, -0.256959, 0.872788
654, 0.045929, -0.025747, 1.281301,0.392637, -0.147178, -0.257796, 0.870469
655, 0.046479, -0.025177, 1.280487,0.397622, -0.145759, -0.258473, 0.868241
656, 0.047435, -0.024102, 1.278909,0.406567, -0.143009, -0.259365, 0.864281
657, 0.047966, -0.023625, 1.277945,0.411473, -0.141545, -0.259249, 0.862232
658, 0.048466, -0.023104, 1.277084,0.416419, -0.139465, -0.259112, 0.860236
659, 0.049362, -0.022142, 1.275534,0.425755, -0.136634, -0.258617, 0.856260
660, 0.049873, -0.021578, 1.274579,0.430637, -0.135253, -0.258294, 0.854132
661, 0.050371, -0.020921, 1.273769,0.435655, -0.133977, -0.258210, 0.851811
662, 0.051167, -0.019730, 1.272445,0.444574, -0.130903, -0.258355, 0.847627
663, 0.051666, -0.018988, 1.271513,0.449482, -0.129205, -0.258627, 0.845213
664, 0.052070, -0.018328, 1.270823,0.453600, -0.128313, -0.258922, 0.843055
665, 0.052523, -0.017594, 1.270232,0.457928, -0.126561, -0.259529, 0.840791
666, 0.052981, -0.016749, 1.269544,0.462703, -0.125047, -0.260084, 0.838228
667, 0.053473, -0.015961, 1.268598,0.467385, -0.123734, -0.260327, 0.835746
668, 0.053963, -0.015190, 1.267758,0.472103, -0.122478, -0.260339, 0.833272
669, 0.054895, -0.013717, 1.266518,0.480593, -0.119720, -0.260851, 0.828646
670, 0.055481, -0.012840, 1.265535,0.485369, -0.118452, -0.261073, 0.825970
671, 0.055965, -0.012139, 1.264751,0.489301, -0.117222, -0.261157, 0.823797
672, 0.056524, -0.011325, 1.264047,0.493964, -0.115844, -0.261450, 0.821111
673, 0.057148, -0.010423, 1.263271,0.498494, -0.114238, -0.261831, 0.818473
674, 0.057869, -0.009596, 1.262252,0.502970, -0.113031, -0.262066, 0.815822
675, 0.065581, -0.001979, 1.252320,0.548230, -0.096557, -0.259766, 0.789076
676, 0.066229, -0.001672, 1.251478,0.550134, -0.095778, -0.259453, 0.787949
677, 0.066945, -0.001693, 1.250297,0.551180, -0.095702, -0.258673, 0.787483
678, 0.067521, -0.002146, 1.249201,0.550767, -0.095757, -0.257617, 0.788111
679, 0.068007, -0.002577, 1.248218,0.548740, -0.096087, -0.257062, 0.789665
680, 0.068349, -0.003096, 1.247287,0.546150, -0.096727, -0.256419, 0.791589
681, 0.068619, -0.004157, 1.246082,0.542572, -0.097582, -0.255012, 0.794395
682, 0.068779, -0.005124, 1.245012,0.538370, -0.098522, -0.253692, 0.797553
683, 0.068908, -0.005944, 1.244193,0.534490, -0.099448, -0.252831, 0.800317
684, 0.069008, -0.006980, 1.243364,0.530017, -0.100747, -0.251771, 0.803458
685, 0.069063, -0.008026, 1.242600,0.525421, -0.102105, -0.250562, 0.806676
686, 0.069079, -0.009057, 1.241954,0.521084, -0.103333, -0.249513, 0.809652
687, 0.069050, -0.009977, 1.241501,0.517043, -0.104136, -0.248712, 0.812382
688, 0.068994, -0.010983, 1.241114,0.512560, -0.105622, -0.248004, 0.815243
689, 0.068896, -0.011935, 1.240777,0.508130, -0.107022, -0.247383, 0.818017
690, 0.068795, -0.012935, 1.240426,0.503631, -0.108114, -0.246390, 0.820950
691, 0.068662, -0.013937, 1.240237,0.499818, -0.109200, -0.245351, 0.823444
692, 0.068490, -0.015070, 1.240149,0.495388, -0.110472, -0.244204, 0.826288
693, 0.068294, -0.016082, 1.240121,0.490677, -0.111473, -0.243400, 0.829196
694, 0.068064, -0.017143, 1.240147,0.486087, -0.112747, -0.242475, 0.831994
695, 0.067847, -0.018150, 1.240276,0.482300, -0.113841, -0.241653, 0.834284
696, 0.067573, -0.019224, 1.240530,0.477523, -0.114907, -0.240708, 0.837155
697, 0.067306, -0.020332, 1.240822,0.472911, -0.116130, -0.239742, 0.839877
698, 0.067013, -0.021500, 1.241161,0.468218, -0.117498, -0.238669, 0.842617
699, 0.066769, -0.022427, 1.241525,0.464190, -0.118385, -0.237895, 0.844937
700, 0.066492, -0.023517, 1.242001,0.459474, -0.119597, -0.236791, 0.847650
701, 0.066194, -0.024719, 1.242509,0.454840, -0.120629, -0.235519, 0.850353
702, 0.065728, -0.026313, 1.243318,0.448046, -0.122228, -0.233957, 0.854154
703, 0.065420, -0.027397, 1.243964,0.443393, -0.123182, -0.233015, 0.856699
704, 0.065177, -0.028411, 1.244515,0.439283, -0.123954, -0.232208, 0.858921
705, 0.064894, -0.029509, 1.245213,0.434319, -0.125372, -0.231323, 0.861475
706, 0.064601, -0.030556, 1.245982,0.429729, -0.126591, -0.230609, 0.863787
707, 0.064315, -0.031673, 1.246774,0.425013, -0.127650, -0.229799, 0.866176
708, 0.064084, -0.032666, 1.247490,0.420840, -0.128581, -0.229213, 0.868229
709, 0.063827, -0.033686, 1.248351,0.415932, -0.129934, -0.228466, 0.870586
710, 0.063578, -0.034799, 1.249271,0.411272, -0.131086, -0.227680, 0.872831
711, 0.063328, -0.035779, 1.250086,0.406956, -0.131791, -0.226957, 0.874934
712, 0.063067, -0.036854, 1.251051,0.402160, -0.132924, -0.226165, 0.877182
713, 0.062846, -0.037945, 1.251998,0.397293, -0.134067, -0.225396, 0.879421
714, 0.062616, -0.039087, 1.253017,0.392464, -0.135461, -0.224618, 0.881572
715, 0.062395, -0.039967, 1.253936,0.388323, -0.136258, -0.224131, 0.883405
716, 0.062145, -0.041033, 1.254988,0.383431, -0.137335, -0.223502, 0.885532
717, 0.061899, -0.042197, 1.256078,0.378413, -0.138471, -0.222694, 0.887714
718, 0.061690, -0.043139, 1.257054,0.374083, -0.139326, -0.222208, 0.889536
719, 0.061456, -0.044153, 1.258180,0.369084, -0.140393, -0.221626, 0.891599
720, 0.061236, -0.045314, 1.259307,0.364077, -0.141403, -0.220973, 0.893658
721, 0.060990, -0.046482, 1.260493,0.359132, -0.142368, -0.220228, 0.895687
722, 0.060821, -0.047393, 1.261528,0.354766, -0.143237, -0.219713, 0.897413
723, 0.060606, -0.048502, 1.262762,0.349937, -0.144880, -0.219095, 0.899195
724, 0.060420, -0.049684, 1.264003,0.345026, -0.145620, -0.218349, 0.901152
725, 0.060205, -0.050843, 1.265347,0.339818, -0.146673, -0.217749, 0.903103
726, 0.060068, -0.051818, 1.266450,0.335455, -0.147391, -0.217200, 0.904748
727, 0.059942, -0.052961, 1.267695,0.330468, -0.148244, -0.216552, 0.906598
728, 0.059794, -0.054106, 1.269023,0.325242, -0.149203, -0.215866, 0.908492
729, 0.059602, -0.055296, 1.270477,0.320026, -0.149879, -0.215329, 0.910359
730, 0.059472, -0.056264, 1.271659,0.315621, -0.150801, -0.214928, 0.911838
731, 0.059369, -0.057352, 1.272895,0.310689, -0.152029, -0.214322, 0.913469
732, 0.059200, -0.058417, 1.274302,0.305637, -0.153033, -0.213721, 0.915145
733, 0.058981, -0.059635, 1.275847,0.300498, -0.153714, -0.212991, 0.916901
734, 0.058815, -0.060655, 1.277049,0.295969, -0.154538, -0.212296, 0.918396
735, 0.058636, -0.061749, 1.278400,0.290712, -0.154981, -0.211841, 0.920104
736, 0.058509, -0.062682, 1.279935,0.285669, -0.155968, -0.211395, 0.921618
737, 0.058403, -0.063963, 1.281450,0.280449, -0.157020, -0.210989, 0.923134
738, 0.058270, -0.064823, 1.282689,0.276274, -0.158402, -0.210777, 0.924205
739, 0.058134, -0.065607, 1.284076,0.270806, -0.159725, -0.210773, 0.925595
740, 0.057973, -0.066614, 1.285592,0.265610, -0.161059, -0.210608, 0.926907
741, 0.057794, -0.067675, 1.287134,0.260482, -0.161743, -0.210189, 0.928337
742, 0.057667, -0.068387, 1.288375,0.255980, -0.162691, -0.209827, 0.929504
743, 0.057512, -0.069353, 1.289754,0.250806, -0.163669, -0.209077, 0.930911
744, 0.057308, -0.070498, 1.291344,0.245735, -0.164346, -0.208011, 0.932382
745, 0.057151, -0.071378, 1.292719,0.241281, -0.164859, -0.207189, 0.933637
746, 0.057002, -0.072281, 1.294169,0.235902, -0.165802, -0.206570, 0.934981
747, 0.056865, -0.073203, 1.295517,0.230970, -0.166957, -0.205885, 0.936157
748, 0.056650, -0.074087, 1.297090,0.225672, -0.167642, -0.205499, 0.937411
749, 0.056476, -0.074904, 1.298480,0.221016, -0.168478, -0.205068, 0.938464
750, 0.056299, -0.075792, 1.299928,0.215598, -0.169440, -0.204572, 0.939658
751, 0.056123, -0.076529, 1.301330,0.210508, -0.170503, -0.204326, 0.940673
752, 0.055882, -0.077368, 1.302941,0.205125, -0.171306, -0.203957, 0.941796
753, 0.055683, -0.078230, 1.304373,0.200399, -0.171833, -0.203491, 0.942818
754, 0.055502, -0.079004, 1.305911,0.194962, -0.172759, -0.203157, 0.943860
755, 0.055343, -0.079638, 1.307377,0.190049, -0.174251, -0.202937, 0.944634
756, 0.055115, -0.080534, 1.309035,0.184468, -0.175147, -0.202431, 0.945683
757, 0.054906, -0.081291, 1.310575,0.179909, -0.175721, -0.201988, 0.946549
758, 0.054713, -0.081976, 1.312182,0.174773, -0.176673, -0.201729, 0.947389
759, 0.054572, -0.082623, 1.313623,0.169298, -0.177232, -0.201453, 0.948337
760, 0.054346, -0.083430, 1.315403,0.164529, -0.178452, -0.200804, 0.949085
761, 0.054148, -0.084198, 1.317046,0.159892, -0.179032, -0.200152, 0.949906
762, 0.053782, -0.085529, 1.320334,0.149729, -0.180432, -0.199052, 0.951527
763, 0.053605, -0.086171, 1.321837,0.144932, -0.181282, -0.198193, 0.952287
764, 0.053338, -0.087040, 1.323827,0.139430, -0.181505, -0.197212, 0.953269
765, 0.052787, -0.088834, 1.328813,0.124501, -0.183700, -0.195523, 0.955262
766, 0.051902, -0.091126, 1.336045,0.104387, -0.186661, -0.193046, 0.957598
767, 0.050630, -0.093861, 1.345536,0.078416, -0.188845, -0.189302, 0.960392
768, 0.049996, -0.094935, 1.350821,0.063308, -0.191005, -0.187494, 0.961434
769, 0.049691, -0.095463, 1.353007,0.057987, -0.191356, -0.186648, 0.961864
770, 0.049007, -0.096439, 1.358320,0.042814, -0.192739, -0.184640, 0.962770
771, 0.048701, -0.096932, 1.360488,0.037453, -0.192603, -0.183678, 0.963205
772, 0.047975, -0.097808, 1.365928,0.022425, -0.194264, -0.181375, 0.963775
773, 0.047650, -0.098244, 1.368087,0.016770, -0.194625, -0.180348, 0.964010
774, 0.046625, -0.099167, 1.375647,-0.003168, -0.195480, -0.177453, 0.964514
775, 0.045968, -0.099312, 1.381842,-0.016875, -0.196182, -0.175682, 0.964554
776, 0.045773, -0.099351, 1.383710,-0.020798, -0.196109, -0.174980, 0.964619
777, 0.045528, -0.099395, 1.385749,-0.024376, -0.195948, -0.174019, 0.964742
778, 0.045323, -0.099415, 1.387541,-0.027514, -0.196206, -0.173291, 0.964737
779, 0.045174, -0.099304, 1.388900,-0.030564, -0.196497, -0.172850, 0.964665
780, 0.044968, -0.099202, 1.390634,-0.033998, -0.196505, -0.172364, 0.964635
781, 0.044710, -0.099262, 1.392530,-0.037622, -0.196168, -0.171647, 0.964697
782, 0.044466, -0.099299, 1.394316,-0.040851, -0.196105, -0.170918, 0.964708
783, 0.044271, -0.099152, 1.395634,-0.043681, -0.196300, -0.170389, 0.964638
784, 0.044080, -0.099060, 1.397202,-0.047376, -0.196457, -0.169891, 0.964519
785, 0.043819, -0.099124, 1.399139,-0.051338, -0.196263, -0.169094, 0.964496
786, 0.043512, -0.099210, 1.401084,-0.055283, -0.196229, -0.168334, 0.964418
787, 0.043288, -0.099153, 1.402395,-0.059055, -0.196529, -0.167889, 0.964211
788, 0.043069, -0.099042, 1.403862,-0.063345, -0.197243, -0.167582, 0.963846
789, 0.042794, -0.099096, 1.405586,-0.067755, -0.197790, -0.167122, 0.963514
790, 0.042511, -0.099221, 1.407350,-0.072143, -0.198732, -0.166646, 0.963084
791, 0.042309, -0.099169, 1.408621,-0.076271, -0.199494, -0.166730, 0.962593
792, 0.042072, -0.099107, 1.409856,-0.081163, -0.200669, -0.166995, 0.961903
793, 0.041823, -0.099202, 1.411085,-0.086210, -0.201971, -0.167067, 0.961178
794, 0.041546, -0.099245, 1.412330,-0.090437, -0.202847, -0.167227, 0.960578
795, 0.041236, -0.099338, 1.413510,-0.095614, -0.204670, -0.167502, 0.959641
796, 0.040555, -0.099396, 1.415440,-0.105700, -0.207611, -0.168457, 0.957783
797, 0.039828, -0.099587, 1.417364,-0.115271, -0.210307, -0.169183, 0.955961
798, 0.039022, -0.099555, 1.418843,-0.124712, -0.213245, -0.170193, 0.953943
799, 0.038048, -0.099566, 1.420671,-0.132264, -0.215320, -0.170394, 0.952423
800, 0.036950, -0.099227, 1.422111,-0.139486, -0.217100, -0.170924, 0.950892
801, 0.035736, -0.098791, 1.423467,-0.145375, -0.219109, -0.171306, 0.949480
802, 0.035045, -0.098440, 1.424102,-0.147861, -0.220014, -0.171723, 0.948811
803, 0.033780, -0.097717, 1.424846,-0.152048, -0.222181, -0.172454, 0.947511
804, 0.032421, -0.096884, 1.425473,-0.156580, -0.224890, -0.173659, 0.945912
805, 0.031267, -0.096131, 1.425618,-0.160766, -0.228267, -0.175363, 0.944085
806, 0.030201, -0.095407, 1.425126,-0.165823, -0.232630, -0.177475, 0.941748
807, 0.029239, -0.095035, 1.424636,-0.171588, -0.237537, -0.180078, 0.938992
808, 0.028509, -0.094411, 1.423099,-0.178176, -0.244813, -0.184601, 0.935009
809, 0.027981, -0.093938, 1.421752,-0.183492, -0.251895, -0.188907, 0.931232
810, 0.027788, -0.093623, 1.420623,-0.186099, -0.255855, -0.191182, 0.929169
811, 0.027556, -0.093375, 1.419576,-0.188617, -0.259571, -0.193344, 0.927181
812, 0.027085, -0.092813, 1.417787,-0.193118, -0.266432, -0.197321, 0.923463
813, 0.026872, -0.092536, 1.416679,-0.195124, -0.270053, -0.199287, 0.921565
814, 0.026706, -0.092338, 1.415647,-0.196551, -0.272724, -0.200783, 0.920150
815, 0.026443, -0.091999, 1.414652,-0.198339, -0.275005, -0.202282, 0.918758
816, 0.025856, -0.091467, 1.412767,-0.201148, -0.278797, -0.204047, 0.916612
817, 0.025636, -0.091153, 1.411826,-0.201623, -0.280133, -0.204526, 0.915993
818, 0.025353, -0.090804, 1.410768,-0.202680, -0.280843, -0.205025, 0.915430
819, 0.024694, -0.090175, 1.409069,-0.203855, -0.281644, -0.205209, 0.914882
820, 0.024226, -0.089527, 1.407065,-0.204642, -0.282025, -0.205395, 0.914547
821, 0.023951, -0.089178, 1.406049,-0.204589, -0.282097, -0.205264, 0.914566
822, 0.023653, -0.088734, 1.405088,-0.204618, -0.281912, -0.205228, 0.914625
823, 0.023457, -0.088395, 1.404138,-0.204650, -0.282006, -0.205220, 0.914590
824, 0.023279, -0.088039, 1.402907,-0.204075, -0.282168, -0.205043, 0.914709
825, 0.023082, -0.087601, 1.401744,-0.203679, -0.281355, -0.204947, 0.915069
826, 0.022892, -0.087180, 1.400653,-0.203595, -0.280896, -0.204833, 0.915254
827, 0.022758, -0.086897, 1.399659,-0.203141, -0.280865, -0.204627, 0.915410
828, 0.022618, -0.086396, 1.398377,-0.202418, -0.280895, -0.204500, 0.915590
829, 0.022516, -0.085947, 1.397001,-0.201717, -0.280571, -0.204535, 0.915836
830, 0.022446, -0.085633, 1.395842,-0.200929, -0.280486, -0.204360, 0.916074
831, 0.022386, -0.085170, 1.394568,-0.199975, -0.280317, -0.204300, 0.916348
832, 0.022360, -0.084674, 1.393134,-0.198854, -0.279891, -0.204571, 0.916662
833, 0.022378, -0.084229, 1.391601,-0.197430, -0.279721, -0.204806, 0.916969
834, 0.022373, -0.083868, 1.390405,-0.196115, -0.279972, -0.204824, 0.917171
835, 0.022345, -0.083396, 1.389012,-0.194665, -0.279416, -0.204955, 0.917619
836, 0.022378, -0.082912, 1.387462,-0.192767, -0.279489, -0.205156, 0.917953
837, 0.022459, -0.082480, 1.385773,-0.190897, -0.278932, -0.205482, 0.918440
838, 0.022544, -0.082071, 1.384436,-0.189088, -0.278815, -0.205524, 0.918841
839, 0.022653, -0.081584, 1.382970,-0.187031, -0.278018, -0.205614, 0.919483
840, 0.022812, -0.081192, 1.381385,-0.184903, -0.277242, -0.205652, 0.920139
841, 0.022984, -0.080746, 1.379789,-0.182659, -0.276541, -0.205865, 0.920750
842, 0.023105, -0.080341, 1.378453,-0.180796, -0.276187, -0.205887, 0.921219
843, 0.023275, -0.079958, 1.376893,-0.178559, -0.275685, -0.205950, 0.921791
844, 0.023479, -0.079518, 1.375249,-0.176532, -0.274684, -0.206299, 0.922402
845, 0.023632, -0.079195, 1.373907,-0.175125, -0.274701, -0.206347, 0.922655
846, 0.023785, -0.078865, 1.372480,-0.173814, -0.274139, -0.206546, 0.923025
847, 0.023959, -0.078588, 1.370952,-0.172633, -0.273850, -0.206666, 0.923305
848, 0.024231, -0.078106, 1.368607,-0.170736, -0.274071, -0.207016, 0.923514
849, 0.024358, -0.077846, 1.367188,-0.170076, -0.273729, -0.207295, 0.923675
850, 0.024440, -0.077689, 1.366053,-0.169180, -0.273847, -0.207279, 0.923808
851, 0.024566, -0.077445, 1.364556,-0.168589, -0.273468, -0.207398, 0.924002
852, 0.024727, -0.077232, 1.362962,-0.168129, -0.273641, -0.207345, 0.924046
853, 0.024776, -0.077079, 1.361653,-0.168142, -0.272914, -0.207228, 0.924285
854, 0.024767, -0.077037, 1.360650,-0.168146, -0.272847, -0.206801, 0.924400
855, 0.024754, -0.076983, 1.359282,-0.168200, -0.272567, -0.206690, 0.924497
856, 0.024756, -0.076793, 1.357694,-0.168305, -0.272501, -0.206828, 0.924467
857, 0.024677, -0.076675, 1.356277,-0.168371, -0.272756, -0.206758, 0.924395
858, 0.024575, -0.076620, 1.355203,-0.168384, -0.272361, -0.206626, 0.924539
859, 0.024465, -0.076478, 1.353810,-0.168561, -0.272213, -0.206451, 0.924589
860, 0.024396, -0.076360, 1.352242,-0.168587, -0.272203, -0.206353, 0.924610
861, 0.024261, -0.076227, 1.350809,-0.168584, -0.272088, -0.206245, 0.924668
862, 0.024124, -0.076109, 1.349658,-0.168665, -0.271676, -0.206174, 0.924790
863, 0.023933, -0.075937, 1.348195,-0.168762, -0.271532, -0.205998, 0.924854
864, 0.023738, -0.075775, 1.346729,-0.168670, -0.271348, -0.205743, 0.924981
865, 0.023494, -0.075554, 1.345379,-0.168400, -0.271029, -0.205423, 0.925195
866, 0.023253, -0.075362, 1.344220,-0.168132, -0.270445, -0.205154, 0.925474
867, 0.022918, -0.075153, 1.342937,-0.167857, -0.269795, -0.204856, 0.925780
868, 0.022563, -0.074919, 1.341667,-0.167760, -0.269203, -0.204381, 0.926075
869, 0.022267, -0.074679, 1.340526,-0.167337, -0.268881, -0.204141, 0.926298
870, 0.021855, -0.074353, 1.339309,-0.166887, -0.268345, -0.203708, 0.926630
871, 0.021368, -0.074101, 1.338191,-0.166818, -0.267182, -0.203344, 0.927058
872, 0.020880, -0.073808, 1.337037,-0.166623, -0.266447, -0.202769, 0.927431
873, 0.020384, -0.073448, 1.335834,-0.166212, -0.265736, -0.202296, 0.927812
874, 0.019930, -0.073175, 1.334889,-0.165767, -0.264709, -0.201821, 0.928288
875, 0.019338, -0.072793, 1.333926,-0.164953, -0.263674, -0.201022, 0.928901
876, 0.018663, -0.072410, 1.332951,-0.164086, -0.262086, -0.200186, 0.929684
877, 0.018059, -0.072083, 1.332108,-0.163498, -0.261018, -0.199108, 0.930319
878, 0.017275, -0.071653, 1.331217,-0.162612, -0.259137, -0.198070, 0.931222
879, 0.016379, -0.071259, 1.330483,-0.161704, -0.257118, -0.196844, 0.932199
880, 0.015431, -0.070825, 1.329810,-0.160716, -0.255062, -0.195488, 0.933219
881, 0.014592, -0.070438, 1.329173,-0.159619, -0.253277, -0.194366, 0.934128
882, 0.013548, -0.069952, 1.328447,-0.158398, -0.251111, -0.193031, 0.935196
883, 0.012473, -0.069431, 1.327993,-0.156858, -0.248789, -0.191782, 0.936333
884, 0.011360, -0.068838, 1.327649,-0.155081, -0.246217, -0.190377, 0.937595
885, 0.010481, -0.068341, 1.327217,-0.153198, -0.244585, -0.189004, 0.938609
886, 0.009384, -0.067634, 1.326664,-0.151067, -0.242212, -0.187602, 0.939850
887, 0.008181, -0.066853, 1.326365,-0.148678, -0.239766, -0.186045, 0.941167
888, 0.007139, -0.066253, 1.326322,-0.146542, -0.237212, -0.184727, 0.942407
889, 0.005920, -0.065562, 1.326316,-0.144044, -0.234710, -0.183181, 0.943720
890, 0.004754, -0.064769, 1.326025,-0.141459, -0.232354, -0.181681, 0.944983
891, 0.003547, -0.063841, 1.325799,-0.138892, -0.230327, -0.180446, 0.946096
892, 0.002437, -0.063086, 1.325819,-0.136759, -0.228117, -0.179342, 0.947152
893, 0.001149, -0.062295, 1.325993,-0.134439, -0.225323, -0.178060, 0.948394
894, -0.000096, -0.061428, 1.326104,-0.131715, -0.222761, -0.176590, 0.949655
895, -0.001289, -0.060492, 1.326081,-0.128970, -0.220670, -0.175303, 0.950758
896, -0.002317, -0.059676, 1.326126,-0.126483, -0.218606, -0.174198, 0.951771
897, -0.003539, -0.058713, 1.326417,-0.123952, -0.216505, -0.172910, 0.952819
898, -0.004675, -0.057796, 1.326724,-0.120914, -0.213940, -0.171865, 0.953977
899, -0.005766, -0.056816, 1.326957,-0.117877, -0.212027, -0.170612, 0.955008
900, -0.006699, -0.055893, 1.327145,-0.114739, -0.210673, -0.169563, 0.955877
901, -0.007779, -0.054886, 1.327453,-0.111131, -0.208693, -0.168464, 0.956931
902, -0.008825, -0.053897, 1.327869,-0.107698, -0.206153, -0.167338, 0.958071
903, -0.009790, -0.052888, 1.328220,-0.103771, -0.203913, -0.165979, 0.959220
904, -0.010591, -0.052014, 1.328448,-0.100259, -0.202061, -0.164556, 0.960229
905, -0.011551, -0.050914, 1.328812,-0.096069, -0.199624, -0.163143, 0.961408
906, -0.012467, -0.049936, 1.329270,-0.091596, -0.197060, -0.161685, 0.962619
907, -0.013215, -0.049100, 1.329703,-0.087852, -0.195124, -0.160415, 0.963574
908, -0.014009, -0.048055, 1.330065,-0.083497, -0.192753, -0.159146, 0.964649
909, -0.014781, -0.046969, 1.330381,-0.078810, -0.190732, -0.158109, 0.965615
910, -0.015538, -0.045893, 1.330795,-0.074174, -0.188791, -0.157058, 0.966535
911, -0.016118, -0.044980, 1.331183,-0.070007, -0.186691, -0.156126, 0.967404
912, -0.016720, -0.043900, 1.331568,-0.064955, -0.184709, -0.155097, 0.968302
913, -0.017334, -0.042801, 1.332042,-0.059890, -0.182862, -0.154025, 0.969150
914, -0.017928, -0.041735, 1.332533,-0.055134, -0.180936, -0.152956, 0.969962
915, -0.018400, -0.040808, 1.333004,-0.050873, -0.179336, -0.151875, 0.970662
916, -0.018891, -0.039752, 1.333537,-0.045597, -0.177460, -0.150759, 0.971442
917, -0.019371, -0.038663, 1.334058,-0.040712, -0.175737, -0.149770, 0.972126
918, -0.019827, -0.037591, 1.334604,-0.035535, -0.174226, -0.148871, 0.972738
919, -0.020198, -0.036695, 1.335112,-0.031206, -0.172796, -0.148121, 0.973256
920, -0.020622, -0.035643, 1.335728,-0.025914, -0.171513, -0.147119, 0.973790
921, -0.021015, -0.034604, 1.336405,-0.020609, -0.169924, -0.146219, 0.974331
922, -0.021356, -0.033635, 1.337076,-0.015290, -0.168094, -0.145118, 0.974911
923, -0.021600, -0.032771, 1.337624,-0.010779, -0.166911, -0.144238, 0.975305
924, -0.021831, -0.031782, 1.338201,-0.005422, -0.165434, -0.143342, 0.975733
925, -0.022056, -0.030780, 1.338952,-0.000130, -0.163922, -0.142519, 0.976124
926, -0.022182, -0.029868, 1.339646,0.005197, -0.162713, -0.141720, 0.976429
927, -0.022259, -0.029012, 1.340164,0.010111, -0.161733, -0.141232, 0.976624
928, -0.022260, -0.028056, 1.340718,0.015296, -0.160873, -0.140684, 0.976777
929, -0.022203, -0.027180, 1.341399,0.020921, -0.159600, -0.140413, 0.976921
930, -0.021996, -0.025624, 1.342512,0.031115, -0.157996, -0.139792, 0.976999
931, -0.021803, -0.024800, 1.343176,0.036850, -0.156943, -0.139635, 0.976992
932, -0.021508, -0.024147, 1.343912,0.042109, -0.156040, -0.139429, 0.976953
933, -0.020755, -0.022888, 1.344867,0.052624, -0.155312, -0.139517, 0.976547
934, -0.019889, -0.021953, 1.346280,0.063846, -0.154466, -0.139783, 0.975974
935, -0.019171, -0.021359, 1.346984,0.071908, -0.154045, -0.140367, 0.975395
936, -0.018124, -0.020808, 1.347833,0.082193, -0.153659, -0.140958, 0.974558
937, -0.017353, -0.020765, 1.348702,0.089780, -0.152611, -0.141157, 0.974025
938, -0.014628, -0.021180, 1.350314,0.114220, -0.151437, -0.141540, 0.971590
939, -0.013329, -0.021645, 1.350546,0.124101, -0.150692, -0.141897, 0.970441
940, -0.011993, -0.022595, 1.350970,0.134587, -0.148565, -0.141954, 0.969363
941, -0.010645, -0.023336, 1.350866,0.144614, -0.147899, -0.142733, 0.967905
942, -0.009392, -0.024538, 1.350985,0.154377, -0.146632, -0.143114, 0.966533
943, -0.008068, -0.025706, 1.350529,0.165343, -0.146113, -0.143999, 0.964664
944, -0.007411, -0.026447, 1.350312,0.170437, -0.145809, -0.144214, 0.963791
945, 0.014886, -0.087114, 1.330023,0.259098, -0.124772, -0.124517, 0.949629
946, 0.016970, -0.090242, 1.327899,0.261175, -0.125835, -0.127088, 0.948579
947, 0.017728, -0.091284, 1.327160,0.262334, -0.125979, -0.127952, 0.948124
948, 0.018396, -0.092181, 1.326437,0.263039, -0.126196, -0.128725, 0.947795
949, 0.019171, -0.092968, 1.325625,0.264514, -0.126671, -0.129848, 0.947168
950, 0.019945, -0.093747, 1.324839,0.265993, -0.126920, -0.131046, 0.946555
951, 0.020750, -0.094517, 1.323990,0.267674, -0.127492, -0.132121, 0.945854
952, 0.021432, -0.095038, 1.323220,0.269509, -0.127545, -0.133075, 0.945192
953, 0.022211, -0.095443, 1.322357,0.272284, -0.127953, -0.134497, 0.944140
954, 0.023027, -0.095774, 1.321524,0.275192, -0.127922, -0.135900, 0.943099
955, 0.023852, -0.096057, 1.320649,0.278646, -0.128097, -0.137352, 0.941850
956, 0.024545, -0.096144, 1.319870,0.281790, -0.128231, -0.138660, 0.940704
957, 0.025337, -0.096114, 1.318985,0.285893, -0.128704, -0.140393, 0.939144
958, 0.026137, -0.096050, 1.318114,0.290209, -0.128849, -0.142151, 0.937534
959, 0.026955, -0.095887, 1.317170,0.295039, -0.128789, -0.144018, 0.935748
960, 0.027652, -0.095612, 1.316336,0.299237, -0.129346, -0.145859, 0.934051
961, 0.028433, -0.095180, 1.315443,0.304016, -0.129249, -0.148249, 0.932144
962, 0.029237, -0.094829, 1.314532,0.308683, -0.129753, -0.150600, 0.930161
963, 0.030074, -0.094351, 1.313599,0.313214, -0.129852, -0.153196, 0.928206
964, 0.030803, -0.093835, 1.312809,0.316897, -0.130602, -0.155632, 0.926444
965, 0.031670, -0.093215, 1.311889,0.320905, -0.130982, -0.158618, 0.924502
966, 0.032529, -0.092552, 1.310975,0.324929, -0.131373, -0.161740, 0.922498
967, 0.033365, -0.091811, 1.310109,0.329139, -0.132339, -0.165033, 0.920282
968, 0.034106, -0.091132, 1.309343,0.332466, -0.132915, -0.167905, 0.918481
969, 0.034942, -0.090305, 1.308424,0.336269, -0.133569, -0.171321, 0.916369
970, 0.035635, -0.089558, 1.307707,0.339673, -0.134234, -0.174261, 0.914460
971, 0.036398, -0.088592, 1.306924,0.343389, -0.134783, -0.177786, 0.912310
972, 0.037131, -0.087662, 1.306165,0.347202, -0.135407, -0.181222, 0.910096
973, 0.038101, -0.086256, 1.305133,0.352519, -0.136512, -0.186185, 0.906879
974, 0.038742, -0.085175, 1.304469,0.356339, -0.136776, -0.189722, 0.904611
975, 0.039309, -0.084132, 1.303847,0.359647, -0.137034, -0.193290, 0.902505
976, 0.039726, -0.083217, 1.303294,0.362638, -0.137055, -0.196321, 0.900649
977, 0.040140, -0.082298, 1.302815,0.365710, -0.137182, -0.199277, 0.898736
978, 0.040648, -0.080982, 1.302274,0.369540, -0.137160, -0.203339, 0.896259
979, 0.041055, -0.079950, 1.301877,0.372478, -0.137241, -0.206476, 0.894312
980, 0.041458, -0.078772, 1.301431,0.375968, -0.137358, -0.210002, 0.892009
981, 0.041806, -0.077568, 1.301063,0.379268, -0.137568, -0.213472, 0.889753
982, 0.042146, -0.076292, 1.300729,0.382939, -0.137770, -0.217033, 0.887284
983, 0.042400, -0.075214, 1.300484,0.385884, -0.137862, -0.220033, 0.885253
984, 0.042642, -0.073960, 1.300208,0.389374, -0.137988, -0.223585, 0.882812
985, 0.042889, -0.072627, 1.299973,0.392882, -0.138455, -0.227156, 0.880270
986, 0.043113, -0.071267, 1.299724,0.396290, -0.138220, -0.230693, 0.877855
987, 0.043281, -0.070144, 1.299542,0.399275, -0.138495, -0.233630, 0.875680
988, 0.043436, -0.068701, 1.299319,0.402589, -0.138485, -0.237207, 0.873199
989, 0.043618, -0.067216, 1.299044,0.406027, -0.138192, -0.240813, 0.870663
990, 0.043785, -0.065762, 1.298835,0.409310, -0.138222, -0.244292, 0.868148
991, 0.043890, -0.064444, 1.298682,0.412407, -0.138340, -0.247296, 0.865810
992, 0.044085, -0.061185, 1.298304,0.418949, -0.137971, -0.254346, 0.860671
993, 0.044128, -0.059543, 1.298202,0.422359, -0.137535, -0.257717, 0.858067
994, 0.044132, -0.058025, 1.298115,0.425172, -0.137210, -0.260721, 0.855819
995, 0.044095, -0.056173, 1.298021,0.428683, -0.136891, -0.264130, 0.853069
996, 0.044004, -0.054425, 1.297998,0.432184, -0.136577, -0.267337, 0.850350
997, 0.043880, -0.052565, 1.298036,0.435645, -0.136259, -0.270559, 0.847612
998, 0.043746, -0.050863, 1.298067,0.438832, -0.135990, -0.273277, 0.845134
999, 0.043475, -0.048964, 1.298173,0.442567, -0.135032, -0.276089, 0.842423
1000, 0.043103, -0.046877, 1.298389,0.446545, -0.134219, -0.278869, 0.839532
