0, 0.021904, 0.058597, 1.258381,0.148108, -0.094005, -0.263545, 0.948563
1, 0.021976, 0.058701, 1.258223,0.148657, -0.093946, -0.263501, 0.948495
2, 0.022067, 0.058811, 1.258053,0.149421, -0.094277, -0.263343, 0.948386
3, 0.022214, 0.058905, 1.257889,0.150051, -0.094112, -0.263160, 0.948354
4, 0.022326, 0.058980, 1.257754,0.150473, -0.094166, -0.262979, 0.948332
5, 0.022393, 0.059060, 1.257596,0.151053, -0.094326, -0.262820, 0.948268
6, 0.022470, 0.059123, 1.257463,0.151544, -0.094493, -0.262682, 0.948211
7, 0.022626, 0.059220, 1.257308,0.152091, -0.094390, -0.262488, 0.948187
8, 0.022689, 0.059285, 1.257190,0.152518, -0.094629, -0.262426, 0.948112
9, 0.022767, 0.059381, 1.257050,0.153247, -0.095071, -0.262273, 0.947993
10, 0.022889, 0.059443, 1.256940,0.153735, -0.095037, -0.262119, 0.947959
11, 0.023028, 0.059534, 1.256814,0.154410, -0.095400, -0.261957, 0.947858
12, 0.023144, 0.059621, 1.256682,0.154774, -0.095189, -0.261809, 0.947861
13, 0.023234, 0.059708, 1.256528,0.155127, -0.095139, -0.261749, 0.947825
14, 0.023315, 0.059787, 1.256393,0.155845, -0.095413, -0.261561, 0.947731
15, 0.023449, 0.059871, 1.256241,0.156449, -0.095424, -0.261392, 0.947677
16, 0.023553, 0.059960, 1.256102,0.156847, -0.095472, -0.261291, 0.947634
17, 0.023613, 0.060039, 1.255989,0.157543, -0.095959, -0.261197, 0.947496
18, 0.023696, 0.060132, 1.255844,0.158136, -0.096109, -0.261028, 0.947428
19, 0.023812, 0.060228, 1.255706,0.158644, -0.096075, -0.260907, 0.947380
20, 0.023953, 0.060306, 1.255585,0.159290, -0.096435, -0.260674, 0.947299
21, 0.024076, 0.060390, 1.255462,0.159881, -0.096621, -0.260472, 0.947236
22, 0.024171, 0.060477, 1.255321,0.160293, -0.096556, -0.260321, 0.947215
23, 0.024235, 0.060552, 1.255196,0.160706, -0.096425, -0.260257, 0.947176
24, 0.024354, 0.060632, 1.255064,0.161256, -0.096552, -0.260060, 0.947124
25, 0.024442, 0.060686, 1.254962,0.161712, -0.096925, -0.259877, 0.947058
26, 0.024542, 0.060796, 1.254814,0.162448, -0.097008, -0.259669, 0.946981
27, 0.024658, 0.060880, 1.254700,0.163031, -0.097410, -0.259528, 0.946878
28, 0.024768, 0.060976, 1.254572,0.163628, -0.097364, -0.259393, 0.946816
29, 0.024856, 0.061063, 1.254448,0.163941, -0.097567, -0.259312, 0.946764
30, 0.024939, 0.061141, 1.254297,0.164666, -0.097441, -0.259233, 0.946673
31, 0.024979, 0.061229, 1.254158,0.165047, -0.097658, -0.259174, 0.946600
32, 0.025037, 0.061301, 1.254027,0.165749, -0.097564, -0.259056, 0.946519
33, 0.025123, 0.061353, 1.253923,0.166117, -0.097740, -0.258922, 0.946473
34, 0.025185, 0.061435, 1.253792,0.166483, -0.097583, -0.258900, 0.946431
35, 0.025223, 0.061499, 1.253662,0.166939, -0.097727, -0.258847, 0.946350
36, 0.025324, 0.061615, 1.253510,0.167524, -0.097852, -0.258784, 0.946251
37, 0.025430, 0.061697, 1.253390,0.168285, -0.098343, -0.258652, 0.946101
38, 0.025514, 0.061781, 1.253281,0.168752, -0.098311, -0.258527, 0.946056
39, 0.025597, 0.061850, 1.253174,0.169252, -0.098536, -0.258431, 0.945969
40, 0.025739, 0.061919, 1.253064,0.169700, -0.098492, -0.258102, 0.945984
41, 0.026006, 0.061973, 1.252953,0.170083, -0.098575, -0.257364, 0.946107
42, 0.026173, 0.062003, 1.252875,0.170391, -0.098868, -0.256895, 0.946148
43, 0.026337, 0.062057, 1.252773,0.170822, -0.099281, -0.256437, 0.946152
44, 0.026496, 0.062108, 1.252699,0.171099, -0.099016, -0.256084, 0.946225
45, 0.026716, 0.062211, 1.252605,0.171672, -0.099791, -0.255611, 0.946168
46, 0.026896, 0.062286, 1.252509,0.172259, -0.099556, -0.255287, 0.946173
47, 0.027110, 0.062380, 1.252400,0.172907, -0.099782, -0.254860, 0.946147
48, 0.027294, 0.062453, 1.252325,0.173245, -0.099922, -0.254509, 0.946164
49, 0.027546, 0.062539, 1.252207,0.173896, -0.100201, -0.253932, 0.946170
50, 0.027712, 0.062595, 1.252120,0.174049, -0.100377, -0.253484, 0.946244
51, 0.027932, 0.062652, 1.252017,0.174306, -0.100346, -0.252849, 0.946370
52, 0.028103, 0.062698, 1.251936,0.174724, -0.100317, -0.252344, 0.946430
53, 0.028281, 0.062743, 1.251858,0.175210, -0.100555, -0.251808, 0.946458
54, 0.028527, 0.062825, 1.251764,0.175493, -0.100281, -0.251322, 0.946564
55, 0.028795, 0.062911, 1.251681,0.176215, -0.100563, -0.250683, 0.946569
56, 0.028995, 0.062979, 1.251621,0.176594, -0.100574, -0.250151, 0.946638
57, 0.029248, 0.063062, 1.251540,0.176905, -0.100741, -0.249496, 0.946735
58, 0.029452, 0.063120, 1.251462,0.177493, -0.100929, -0.249062, 0.946719
59, 0.029649, 0.063188, 1.251365,0.177814, -0.100838, -0.248586, 0.946794
60, 0.029784, 0.063222, 1.251296,0.178135, -0.100949, -0.248193, 0.946825
61, 0.029983, 0.063283, 1.251213,0.178338, -0.100645, -0.247677, 0.946954
62, 0.030188, 0.063340, 1.251140,0.178704, -0.100949, -0.247120, 0.946998
63, 0.030397, 0.063416, 1.251067,0.179160, -0.101161, -0.246514, 0.947048
64, 0.030602, 0.063499, 1.250990,0.179858, -0.101240, -0.246014, 0.947037
65, 0.030768, 0.063560, 1.250918,0.180160, -0.101374, -0.245626, 0.947066
66, 0.030991, 0.063645, 1.250834,0.180556, -0.101443, -0.245084, 0.947123
67, 0.031208, 0.063733, 1.250754,0.181052, -0.101395, -0.244597, 0.947160
68, 0.031434, 0.063806, 1.250662,0.181657, -0.101789, -0.243891, 0.947184
69, 0.031655, 0.063856, 1.250596,0.181694, -0.101690, -0.243320, 0.947334
70, 0.031870, 0.063934, 1.250490,0.182206, -0.101986, -0.242789, 0.947340
71, 0.032013, 0.063987, 1.250408,0.182446, -0.101665, -0.242498, 0.947403
72, 0.032219, 0.064069, 1.250328,0.182974, -0.101864, -0.242041, 0.947397
73, 0.032407, 0.064139, 1.250258,0.183390, -0.102009, -0.241642, 0.947403
74, 0.032649, 0.064231, 1.250184,0.183907, -0.102109, -0.241073, 0.947436
75, 0.032869, 0.064311, 1.250122,0.184196, -0.102250, -0.240504, 0.947510
76, 0.033115, 0.064380, 1.250049,0.184605, -0.102344, -0.239893, 0.947575
77, 0.033290, 0.064452, 1.249972,0.185036, -0.102419, -0.239395, 0.947608
78, 0.033482, 0.064503, 1.249867,0.185352, -0.102288, -0.238951, 0.947673
79, 0.033619, 0.064553, 1.249800,0.185526, -0.102226, -0.238549, 0.947747
80, 0.033812, 0.064593, 1.249720,0.185896, -0.102386, -0.238041, 0.947785
81, 0.033999, 0.064642, 1.249683,0.186217, -0.102252, -0.237478, 0.947878
82, 0.034294, 0.064737, 1.249618,0.186673, -0.102612, -0.236678, 0.947949
83, 0.034501, 0.064816, 1.249546,0.187257, -0.102549, -0.236111, 0.947982
84, 0.034762, 0.064919, 1.249473,0.187602, -0.102975, -0.235545, 0.948009
85, 0.034998, 0.064991, 1.249417,0.188138, -0.103194, -0.234905, 0.948037
86, 0.035220, 0.065062, 1.249342,0.188324, -0.102953, -0.234387, 0.948155
87, 0.035495, 0.065145, 1.249260,0.189018, -0.103394, -0.233572, 0.948170
88, 0.035667, 0.065177, 1.249210,0.188979, -0.103010, -0.233110, 0.948333
89, 0.035850, 0.065235, 1.249141,0.189355, -0.103188, -0.232667, 0.948347
90, 0.035992, 0.065283, 1.249058,0.189604, -0.103324, -0.232395, 0.948350
91, 0.036217, 0.065369, 1.248982,0.189983, -0.103221, -0.231778, 0.948436
92, 0.036511, 0.065485, 1.248932,0.190715, -0.103740, -0.231030, 0.948415
93, 0.036793, 0.065601, 1.248839,0.191190, -0.103752, -0.230383, 0.948476
94, 0.036948, 0.065668, 1.248779,0.191419, -0.103655, -0.229996, 0.948534
95, 0.037093, 0.065720, 1.248722,0.191675, -0.103731, -0.229552, 0.948581
96, 0.037303, 0.065777, 1.248675,0.192131, -0.103911, -0.228992, 0.948605
97, 0.037443, 0.065815, 1.248603,0.192163, -0.103888, -0.228638, 0.948686
98, 0.037592, 0.065866, 1.248526,0.192680, -0.103767, -0.228182, 0.948704
99, 0.037767, 0.065908, 1.248467,0.192859, -0.103559, -0.227685, 0.948810
100, 0.037938, 0.065969, 1.248429,0.193115, -0.103799, -0.227239, 0.948839
101, 0.038154, 0.066066, 1.248376,0.193669, -0.103950, -0.226725, 0.948832
102, 0.038356, 0.066152, 1.248332,0.194155, -0.104191, -0.226201, 0.948831
103, 0.038595, 0.066253, 1.248271,0.194704, -0.104295, -0.225670, 0.948834
104, 0.038763, 0.066321, 1.248221,0.194986, -0.104074, -0.225252, 0.948900
105, 0.038964, 0.066384, 1.248144,0.195277, -0.104132, -0.224738, 0.948955
106, 0.039089, 0.066427, 1.248067,0.195522, -0.104090, -0.224370, 0.948997
107, 0.039287, 0.066451, 1.247997,0.195507, -0.103994, -0.223855, 0.949132
108, 0.039426, 0.066493, 1.247954,0.195693, -0.103991, -0.223461, 0.949187
109, 0.039589, 0.066554, 1.247903,0.196066, -0.104031, -0.222983, 0.949218
110, 0.039796, 0.066629, 1.247886,0.196230, -0.103968, -0.222490, 0.949306
111, 0.040051, 0.066731, 1.247844,0.196835, -0.104278, -0.221874, 0.949291
112, 0.040254, 0.066831, 1.247814,0.197424, -0.104677, -0.221389, 0.949238
113, 0.040475, 0.066916, 1.247755,0.197803, -0.104475, -0.220839, 0.949310
114, 0.040664, 0.066971, 1.247705,0.197967, -0.104590, -0.220382, 0.949369
115, 0.040850, 0.067013, 1.247656,0.198173, -0.104241, -0.219855, 0.949487
116, 0.041003, 0.067025, 1.247609,0.198282, -0.104502, -0.219398, 0.949541
117, 0.041169, 0.067071, 1.247531,0.198378, -0.104411, -0.218784, 0.949672
118, 0.041315, 0.067096, 1.247514,0.198581, -0.104258, -0.218361, 0.949744
119, 0.041523, 0.067152, 1.247495,0.198824, -0.104537, -0.217766, 0.949799
120, 0.041730, 0.067242, 1.247485,0.199165, -0.104574, -0.217326, 0.949825
121, 0.041946, 0.067345, 1.247474,0.199780, -0.104867, -0.216768, 0.949791
122, 0.042177, 0.067443, 1.247439,0.200056, -0.105013, -0.216208, 0.949844
123, 0.042349, 0.067492, 1.247396,0.200336, -0.105127, -0.215727, 0.949882
124, 0.042524, 0.067530, 1.247365,0.200577, -0.105184, -0.215213, 0.949941
125, 0.042660, 0.067557, 1.247310,0.200747, -0.105149, -0.214821, 0.949998
126, 0.042816, 0.067577, 1.247243,0.200668, -0.104852, -0.214280, 0.950170
127, 0.042953, 0.067594, 1.247214,0.200623, -0.104885, -0.213830, 0.950277
128, 0.043108, 0.067611, 1.247202,0.200922, -0.104680, -0.213346, 0.950345
129, 0.043277, 0.067653, 1.247204,0.201203, -0.105068, -0.212800, 0.950365
130, 0.043550, 0.067755, 1.247186,0.201636, -0.105195, -0.212147, 0.950405
131, 0.043753, 0.067847, 1.247186,0.202117, -0.105478, -0.211687, 0.950375
132, 0.044001, 0.067951, 1.247149,0.202487, -0.105484, -0.211078, 0.950430
133, 0.044180, 0.068000, 1.247136,0.202643, -0.105336, -0.210671, 0.950504
134, 0.044382, 0.068039, 1.247112,0.203006, -0.105586, -0.209982, 0.950551
135, 0.044540, 0.068055, 1.247063,0.203010, -0.105591, -0.209475, 0.950662
136, 0.044666, 0.068048, 1.247028,0.202863, -0.105141, -0.209009, 0.950846
137, 0.044916, 0.068055, 1.247043,0.203063, -0.105348, -0.208054, 0.950989
138, 0.045091, 0.068110, 1.247051,0.202938, -0.105094, -0.207628, 0.951137
139, 0.045345, 0.068195, 1.247074,0.203439, -0.105502, -0.206934, 0.951136
140, 0.045540, 0.068294, 1.247079,0.203815, -0.105518, -0.206452, 0.951159
141, 0.045810, 0.068411, 1.247098,0.204290, -0.105705, -0.205860, 0.951164
142, 0.045998, 0.068462, 1.247096,0.204546, -0.105972, -0.205417, 0.951176
143, 0.046180, 0.068503, 1.247061,0.204743, -0.105625, -0.204876, 0.951288
144, 0.046282, 0.068494, 1.247041,0.204469, -0.105514, -0.204468, 0.951447
145, 0.046409, 0.068469, 1.247022,0.204271, -0.105341, -0.204019, 0.951605
146, 0.046613, 0.068422, 1.247020,0.204113, -0.105152, -0.203135, 0.951849
147, 0.046781, 0.068461, 1.247042,0.204144, -0.105003, -0.202635, 0.951966
148, 0.046975, 0.068532, 1.247044,0.204505, -0.105229, -0.202044, 0.951989
149, 0.047186, 0.068652, 1.247033,0.204890, -0.105466, -0.201593, 0.951975
150, 0.047434, 0.068778, 1.247035,0.205683, -0.105465, -0.201024, 0.951925
151, 0.047682, 0.068852, 1.247071,0.205823, -0.105676, -0.200407, 0.952001
152, 0.047813, 0.068858, 1.247118,0.205862, -0.105661, -0.199954, 0.952090
153, 0.047968, 0.068846, 1.247144,0.205758, -0.105649, -0.199391, 0.952232
154, 0.048082, 0.068855, 1.247102,0.205704, -0.105495, -0.198959, 0.952351
155, 0.048207, 0.068737, 1.247068,0.205103, -0.104897, -0.198157, 0.952714
156, 0.048375, 0.068745, 1.247109,0.205034, -0.104975, -0.197616, 0.952832
157, 0.048591, 0.068806, 1.247121,0.205316, -0.104923, -0.197035, 0.952898
158, 0.048867, 0.068942, 1.247116,0.205781, -0.105061, -0.196402, 0.952913
159, 0.049093, 0.069061, 1.247129,0.206419, -0.105533, -0.195833, 0.952840
160, 0.049391, 0.069185, 1.247166,0.206856, -0.105709, -0.195097, 0.952876
161, 0.049561, 0.069237, 1.247206,0.206939, -0.106069, -0.194623, 0.952915
162, 0.049745, 0.069229, 1.247283,0.207059, -0.105895, -0.194032, 0.953029
163, 0.049891, 0.069206, 1.247307,0.206705, -0.105625, -0.193475, 0.953249
164, 0.049974, 0.069135, 1.247276,0.206426, -0.105203, -0.192953, 0.953462
165, 0.050092, 0.069033, 1.247277,0.205770, -0.104919, -0.192155, 0.953796
166, 0.050237, 0.069065, 1.247285,0.205642, -0.104889, -0.191688, 0.953921
167, 0.050481, 0.069176, 1.247299,0.206228, -0.104995, -0.191069, 0.953907
168, 0.050797, 0.069319, 1.247359,0.206776, -0.105399, -0.190349, 0.953888
169, 0.051075, 0.069452, 1.247414,0.207042, -0.105511, -0.189748, 0.953937
170, 0.051272, 0.069549, 1.247447,0.207494, -0.105651, -0.189216, 0.953929
171, 0.051457, 0.069590, 1.247499,0.207468, -0.105741, -0.188631, 0.954041
172, 0.051563, 0.069565, 1.247551,0.207340, -0.105423, -0.188240, 0.954181
173, 0.051677, 0.069489, 1.247554,0.206849, -0.104904, -0.187704, 0.954450
174, 0.051719, 0.069385, 1.247539,0.206244, -0.104640, -0.187254, 0.954699
175, 0.051859, 0.069340, 1.247572,0.205970, -0.104421, -0.186489, 0.954932
176, 0.052079, 0.069432, 1.247576,0.206387, -0.104247, -0.186035, 0.954949
177, 0.052346, 0.069549, 1.247642,0.206881, -0.104796, -0.185383, 0.954909
178, 0.052600, 0.069669, 1.247701,0.207100, -0.105153, -0.184766, 0.954942
179, 0.052913, 0.069811, 1.247772,0.207730, -0.105629, -0.184053, 0.954890
180, 0.053060, 0.069862, 1.247798,0.207846, -0.105662, -0.183591, 0.954950
181, 0.053218, 0.069796, 1.247903,0.207467, -0.105399, -0.182934, 0.955188
182, 0.053286, 0.069675, 1.247921,0.206866, -0.105230, -0.182511, 0.955418
183, 0.053269, 0.069559, 1.247906,0.206184, -0.104587, -0.182275, 0.955681
184, 0.053452, 0.069512, 1.247941,0.205840, -0.104443, -0.181346, 0.955947
185, 0.053653, 0.069593, 1.247972,0.206104, -0.104685, -0.180886, 0.955951
186, 0.053937, 0.069707, 1.248099,0.206535, -0.105065, -0.180262, 0.955934
187, 0.054249, 0.069866, 1.248205,0.207106, -0.105005, -0.179581, 0.955946
188, 0.054448, 0.069985, 1.248246,0.207599, -0.105522, -0.179080, 0.955876
189, 0.054603, 0.070024, 1.248241,0.207617, -0.105807, -0.178527, 0.955944
190, 0.054653, 0.069926, 1.248318,0.207085, -0.105490, -0.178185, 0.956158
191, 0.054629, 0.069778, 1.248355,0.206412, -0.104948, -0.178004, 0.956397
192, 0.054541, 0.069621, 1.248363,0.205531, -0.104469, -0.177900, 0.956658
193, 0.054487, 0.069526, 1.248366,0.204970, -0.104304, -0.177775, 0.956820
194, 0.054742, 0.069573, 1.248418,0.204986, -0.103941, -0.177084, 0.956984
195, 0.054989, 0.069671, 1.248552,0.205379, -0.104467, -0.176462, 0.956957
196, 0.055257, 0.069786, 1.248687,0.205639, -0.104519, -0.175903, 0.956999
197, 0.055487, 0.069917, 1.248761,0.206211, -0.105043, -0.175389, 0.956912
198, 0.055590, 0.069953, 1.248777,0.206182, -0.105126, -0.175063, 0.956969
199, 0.055496, 0.069722, 1.248800,0.204961, -0.104692, -0.174871, 0.957314
200, 0.055283, 0.069524, 1.248829,0.204148, -0.104179, -0.175180, 0.957488
201, 0.055180, 0.069394, 1.248862,0.203515, -0.103667, -0.175263, 0.957663
202, 0.055369, 0.069380, 1.248951,0.203097, -0.103636, -0.174628, 0.957871
203, 0.055526, 0.069430, 1.249080,0.203288, -0.103687, -0.174300, 0.957884
204, 0.055814, 0.069537, 1.249230,0.203813, -0.104270, -0.173642, 0.957829
205, 0.056163, 0.069707, 1.249341,0.204387, -0.105008, -0.172867, 0.957766
206, 0.056254, 0.069664, 1.249410,0.203958, -0.104872, -0.172454, 0.957947
207, 0.056207, 0.069527, 1.249416,0.203203, -0.104491, -0.172423, 0.958155
208, 0.055972, 0.069293, 1.249435,0.201929, -0.104045, -0.172752, 0.958413
209, 0.055823, 0.069136, 1.249490,0.201463, -0.103435, -0.172953, 0.958541
210, 0.055976, 0.069104, 1.249546,0.201106, -0.103549, -0.172501, 0.958685
211, 0.056129, 0.069161, 1.249685,0.201274, -0.103816, -0.172152, 0.958684
212, 0.056413, 0.069280, 1.249856,0.201825, -0.104328, -0.171450, 0.958638
213, 0.056710, 0.069417, 1.249985,0.202366, -0.104790, -0.170790, 0.958592
214, 0.056805, 0.069458, 1.250017,0.202450, -0.104682, -0.170525, 0.958633
215, 0.056835, 0.069320, 1.250044,0.201485, -0.104252, -0.170097, 0.958959
216, 0.056612, 0.069081, 1.250055,0.200195, -0.103842, -0.170404, 0.959219
217, 0.056432, 0.068935, 1.250090,0.199809, -0.103498, -0.170665, 0.959290
218, 0.056548, 0.068860, 1.250178,0.199203, -0.103467, -0.170348, 0.959476
219, 0.056739, 0.068915, 1.250342,0.199603, -0.103896, -0.169913, 0.959424
220, 0.056984, 0.069025, 1.250497,0.199847, -0.104178, -0.169337, 0.959444
221, 0.057291, 0.069184, 1.250611,0.200486, -0.104491, -0.168668, 0.959395
222, 0.057479, 0.069256, 1.250660,0.200768, -0.104826, -0.168188, 0.959383
223, 0.057473, 0.069060, 1.250696,0.199664, -0.104431, -0.167880, 0.959711
224, 0.057303, 0.068903, 1.250711,0.198770, -0.104103, -0.168057, 0.959901
225, 0.057091, 0.068714, 1.250753,0.198031, -0.103471, -0.168333, 0.960074
226, 0.057235, 0.068652, 1.250842,0.197495, -0.103610, -0.167968, 0.960233
227, 0.057383, 0.068702, 1.250961,0.197609, -0.103649, -0.167648, 0.960261
228, 0.057691, 0.068842, 1.251129,0.198193, -0.104254, -0.166904, 0.960205
229, 0.057955, 0.068969, 1.251247,0.198633, -0.104712, -0.166305, 0.960168
230, 0.058153, 0.069068, 1.251304,0.198886, -0.104778, -0.165734, 0.960207
231, 0.058141, 0.068900, 1.251329,0.197970, -0.104476, -0.165358, 0.960494
232, 0.058009, 0.068716, 1.251356,0.197097, -0.104084, -0.165550, 0.960683
233, 0.057737, 0.068480, 1.251400,0.195963, -0.103363, -0.165977, 0.960919
234, 0.057853, 0.068435, 1.251475,0.195583, -0.103182, -0.165619, 0.961078
235, 0.058014, 0.068494, 1.251586,0.195857, -0.103579, -0.165281, 0.961038
236, 0.058325, 0.068625, 1.251766,0.196327, -0.104027, -0.164592, 0.961012
237, 0.058673, 0.068803, 1.251891,0.196932, -0.104640, -0.163745, 0.960966
238, 0.058863, 0.068907, 1.251957,0.197335, -0.104456, -0.163266, 0.960985
239, 0.058855, 0.068718, 1.251999,0.196073, -0.104346, -0.162722, 0.961347
240, 0.058719, 0.068542, 1.252012,0.195253, -0.103970, -0.162923, 0.961521
241, 0.058407, 0.068289, 1.252053,0.194116, -0.103310, -0.163432, 0.961736
242, 0.058369, 0.068192, 1.252109,0.193812, -0.103092, -0.163368, 0.961832
243, 0.058498, 0.068201, 1.252146,0.193669, -0.102870, -0.163054, 0.961937
244, 0.058635, 0.068256, 1.252264,0.193785, -0.103101, -0.162744, 0.961942
245, 0.058990, 0.068414, 1.252473,0.194327, -0.103898, -0.161890, 0.961891
246, 0.059302, 0.068572, 1.252604,0.194908, -0.104575, -0.161195, 0.961817
247, 0.059503, 0.068679, 1.252652,0.195193, -0.104609, -0.160635, 0.961849
248, 0.059603, 0.068672, 1.252679,0.194997, -0.104364, -0.160261, 0.961978
249, 0.059546, 0.068507, 1.252710,0.194154, -0.104178, -0.160117, 0.962192
250, 0.059345, 0.068268, 1.252753,0.192931, -0.103861, -0.160349, 0.962434
251, 0.059035, 0.068017, 1.252803,0.191912, -0.102978, -0.160827, 0.962653
252, 0.058946, 0.067893, 1.252846,0.191170, -0.102606, -0.160895, 0.962829
253, 0.059081, 0.067875, 1.252924,0.191173, -0.102544, -0.160619, 0.962881
254, 0.059242, 0.067910, 1.253115,0.191037, -0.102925, -0.160230, 0.962932
255, 0.059577, 0.068056, 1.253352,0.191785, -0.103776, -0.159506, 0.962812
256, 0.059873, 0.068223, 1.253484,0.192251, -0.103952, -0.158865, 0.962806
257, 0.060020, 0.068302, 1.253564,0.192394, -0.104057, -0.158490, 0.962828
258, 0.060043, 0.068202, 1.253631,0.191695, -0.103847, -0.158012, 0.963069
259, 0.059892, 0.067950, 1.253658,0.190557, -0.103347, -0.158116, 0.963331
260, 0.059514, 0.067635, 1.253678,0.189052, -0.102545, -0.158834, 0.963595
261, 0.059141, 0.067385, 1.253703,0.187990, -0.101594, -0.159322, 0.963823
262, 0.059138, 0.067223, 1.253823,0.187428, -0.101419, -0.159523, 0.963918
263, 0.059377, 0.067225, 1.254059,0.187075, -0.101920, -0.159196, 0.963988
264, 0.059537, 0.067273, 1.254207,0.187423, -0.102510, -0.158886, 0.963909
265, 0.059780, 0.067411, 1.254390,0.187708, -0.102909, -0.158389, 0.963892
266, 0.059896, 0.067471, 1.254490,0.187979, -0.103027, -0.158157, 0.963865
267, 0.059971, 0.067461, 1.254607,0.187651, -0.103028, -0.157766, 0.963993
268, 0.059901, 0.067333, 1.254642,0.187268, -0.102973, -0.157751, 0.964076
269, 0.059678, 0.067151, 1.254683,0.186428, -0.102681, -0.158042, 0.964222
270, 0.059463, 0.066966, 1.254749,0.185493, -0.101693, -0.158341, 0.964458
271, 0.059354, 0.066863, 1.254778,0.185002, -0.101569, -0.158512, 0.964537
272, 0.059360, 0.066774, 1.254991,0.184546, -0.101506, -0.158355, 0.964657
273, 0.059427, 0.066784, 1.255105,0.184277, -0.101638, -0.158211, 0.964718
274, 0.059478, 0.066810, 1.255195,0.184411, -0.101740, -0.158092, 0.964701
275, 0.059605, 0.066834, 1.255323,0.184556, -0.102059, -0.157851, 0.964679
276, 0.059612, 0.066790, 1.255424,0.184177, -0.102339, -0.157712, 0.964745
277, 0.059552, 0.066706, 1.255447,0.183676, -0.101823, -0.157782, 0.964883
278, 0.059470, 0.066618, 1.255469,0.182961, -0.101625, -0.157874, 0.965025
279, 0.059294, 0.066454, 1.255509,0.182294, -0.101205, -0.158183, 0.965145
280, 0.059191, 0.066341, 1.255562,0.181985, -0.101532, -0.158245, 0.965159
281, 0.059163, 0.066266, 1.255670,0.181590, -0.101583, -0.158224, 0.965231
282, 0.059202, 0.066245, 1.255787,0.181305, -0.101454, -0.158134, 0.965313
283, 0.059295, 0.066231, 1.255948,0.181362, -0.101559, -0.157969, 0.965318
284, 0.059318, 0.066217, 1.256062,0.181123, -0.101807, -0.157924, 0.965344
285, 0.059312, 0.066179, 1.256219,0.180594, -0.101970, -0.157822, 0.965443
286, 0.059367, 0.066141, 1.256296,0.180221, -0.101764, -0.157629, 0.965566
287, 0.059262, 0.066060, 1.256343,0.180021, -0.101467, -0.157808, 0.965605
288, 0.059054, 0.065888, 1.256390,0.179168, -0.101250, -0.158131, 0.965734
289, 0.058976, 0.065795, 1.256458,0.178581, -0.100883, -0.158256, 0.965861
290, 0.058923, 0.065699, 1.256554,0.178128, -0.100907, -0.158292, 0.965936
291, 0.058887, 0.065631, 1.256645,0.177774, -0.101051, -0.158364, 0.965974
292, 0.058851, 0.065579, 1.256750,0.177466, -0.100965, -0.158500, 0.966017
293, 0.058902, 0.065536, 1.256938,0.176964, -0.100912, -0.158389, 0.966133
294, 0.058852, 0.065449, 1.257082,0.176543, -0.101045, -0.158439, 0.966188
295, 0.058776, 0.065280, 1.257222,0.175823, -0.101078, -0.158365, 0.966328
296, 0.058684, 0.065191, 1.257291,0.175314, -0.100823, -0.158491, 0.966426
297, 0.058596, 0.065083, 1.257359,0.174694, -0.100609, -0.158633, 0.966538
298, 0.058565, 0.065015, 1.257440,0.174253, -0.100642, -0.158612, 0.966618
299, 0.058560, 0.064979, 1.257541,0.173930, -0.100495, -0.158702, 0.966676
300, 0.058527, 0.064946, 1.257650,0.173953, -0.100677, -0.158849, 0.966629
301, 0.058527, 0.064891, 1.257824,0.173535, -0.100866, -0.158789, 0.966694
302, 0.058523, 0.064846, 1.257931,0.173263, -0.100658, -0.158811, 0.966761
303, 0.058469, 0.064695, 1.258071,0.172303, -0.100576, -0.158689, 0.966961
304, 0.058384, 0.064566, 1.258183,0.171809, -0.100706, -0.158728, 0.967029
305, 0.058331, 0.064481, 1.258281,0.171333, -0.100655, -0.158790, 0.967109
306, 0.058315, 0.064410, 1.258417,0.170775, -0.100528, -0.158807, 0.967218
307, 0.058319, 0.064370, 1.258525,0.170713, -0.100629, -0.158770, 0.967224
308, 0.058332, 0.064327, 1.258630,0.170223, -0.100682, -0.158734, 0.967311
309, 0.058354, 0.064304, 1.258760,0.170049, -0.100708, -0.158760, 0.967335
310, 0.058361, 0.064271, 1.258856,0.169776, -0.100689, -0.158740, 0.967388
311, 0.058270, 0.064122, 1.259009,0.169011, -0.100514, -0.158804, 0.967530
312, 0.058288, 0.064049, 1.259087,0.168594, -0.100582, -0.158592, 0.967630
313, 0.058307, 0.063953, 1.259203,0.167759, -0.100126, -0.158422, 0.967850
314, 0.058228, 0.063853, 1.259299,0.167298, -0.100130, -0.158490, 0.967919
315, 0.058195, 0.063776, 1.259441,0.166823, -0.100044, -0.158516, 0.968005
316, 0.058226, 0.063746, 1.259553,0.166711, -0.100087, -0.158449, 0.968031
317, 0.058252, 0.063723, 1.259682,0.166443, -0.100215, -0.158372, 0.968076
318, 0.058255, 0.063652, 1.259885,0.165873, -0.100177, -0.158303, 0.968189
319, 0.058224, 0.063590, 1.259960,0.165257, -0.100055, -0.158351, 0.968300
320, 0.058201, 0.063465, 1.260104,0.164698, -0.099911, -0.158153, 0.968442
321, 0.058235, 0.063395, 1.260181,0.164244, -0.099921, -0.157954, 0.968551
322, 0.058169, 0.063293, 1.260276,0.163637, -0.099670, -0.158048, 0.968664
323, 0.058120, 0.063204, 1.260376,0.163160, -0.099504, -0.158108, 0.968752
324, 0.058125, 0.063143, 1.260519,0.162761, -0.099418, -0.158052, 0.968837
325, 0.058130, 0.063121, 1.260619,0.162463, -0.099304, -0.158044, 0.968900
326, 0.058161, 0.063100, 1.260754,0.162301, -0.099630, -0.157930, 0.968912
327, 0.058170, 0.063077, 1.260869,0.162264, -0.099884, -0.157856, 0.968904
328, 0.058187, 0.063016, 1.260962,0.161678, -0.099838, -0.157639, 0.969042
329, 0.058193, 0.062946, 1.261051,0.161313, -0.099732, -0.157518, 0.969133
330, 0.058106, 0.062816, 1.261162,0.160425, -0.099134, -0.157601, 0.969329
331, 0.058061, 0.062719, 1.261255,0.159963, -0.099138, -0.157635, 0.969399
332, 0.058011, 0.062610, 1.261389,0.159269, -0.099003, -0.157665, 0.969522
333, 0.057995, 0.062545, 1.261524,0.159085, -0.099248, -0.157607, 0.969537
334, 0.058017, 0.062508, 1.261666,0.158725, -0.099354, -0.157502, 0.969602
335, 0.058050, 0.062505, 1.261771,0.158588, -0.099314, -0.157410, 0.969643
336, 0.058080, 0.062477, 1.261895,0.158299, -0.099204, -0.157314, 0.969718
337, 0.058096, 0.062429, 1.261997,0.157988, -0.099318, -0.157151, 0.969783
338, 0.058056, 0.062300, 1.262163,0.157037, -0.098875, -0.157147, 0.969983
339, 0.058009, 0.062200, 1.262248,0.156441, -0.098871, -0.157097, 0.970088
340, 0.057924, 0.062043, 1.262385,0.155705, -0.098608, -0.157181, 0.970220
341, 0.057863, 0.061942, 1.262497,0.155061, -0.098506, -0.157187, 0.970332
342, 0.057843, 0.061876, 1.262637,0.154645, -0.098638, -0.157183, 0.970386
343, 0.057874, 0.061862, 1.262744,0.154502, -0.098508, -0.157107, 0.970434
344, 0.057914, 0.061857, 1.262883,0.154211, -0.098709, -0.156995, 0.970478
345, 0.057938, 0.061838, 1.263012,0.154075, -0.098822, -0.156943, 0.970497
346, 0.057961, 0.061823, 1.263109,0.153858, -0.099010, -0.156850, 0.970527
347, 0.057979, 0.061779, 1.263204,0.153491, -0.098886, -0.156722, 0.970619
348, 0.057995, 0.061712, 1.263297,0.153104, -0.098773, -0.156573, 0.970715
349, 0.057916, 0.061602, 1.263357,0.152332, -0.098315, -0.156601, 0.970879
350, 0.057812, 0.061471, 1.263448,0.151752, -0.098115, -0.156710, 0.970972
351, 0.057737, 0.061361, 1.263542,0.151074, -0.097859, -0.156821, 0.971086
352, 0.057708, 0.061277, 1.263684,0.150662, -0.098009, -0.156807, 0.971137
353, 0.057713, 0.061253, 1.263786,0.150536, -0.098190, -0.156738, 0.971149
354, 0.057747, 0.061235, 1.263923,0.150235, -0.098128, -0.156688, 0.971210
355, 0.057771, 0.061225, 1.264061,0.150155, -0.098049, -0.156638, 0.971239
356, 0.057799, 0.061207, 1.264164,0.150105, -0.098162, -0.156620, 0.971238
357, 0.057819, 0.061188, 1.264265,0.149982, -0.098244, -0.156526, 0.971264
358, 0.057779, 0.061044, 1.264427,0.148791, -0.098018, -0.156386, 0.971492
359, 0.057735, 0.060946, 1.264510,0.148367, -0.097659, -0.156418, 0.971588
360, 0.057585, 0.060808, 1.264612,0.147615, -0.097445, -0.156618, 0.971692
361, 0.057522, 0.060716, 1.264727,0.147121, -0.097446, -0.156686, 0.971756
362, 0.057492, 0.060645, 1.264854,0.146545, -0.097355, -0.156674, 0.971854
363, 0.057497, 0.060626, 1.264964,0.146423, -0.097351, -0.156658, 0.971875
364, 0.057536, 0.060610, 1.265120,0.146252, -0.097521, -0.156545, 0.971902
365, 0.057535, 0.060580, 1.265294,0.145830, -0.097487, -0.156544, 0.971969
366, 0.057483, 0.060525, 1.265388,0.145414, -0.097335, -0.156631, 0.972032
367, 0.057417, 0.060430, 1.265469,0.144863, -0.097254, -0.156719, 0.972109
368, 0.057345, 0.060333, 1.265551,0.144414, -0.097106, -0.156811, 0.972176
369, 0.057242, 0.060215, 1.265655,0.143745, -0.096810, -0.156946, 0.972282
370, 0.057168, 0.060124, 1.265774,0.143155, -0.096555, -0.157029, 0.972381
371, 0.057107, 0.060036, 1.265912,0.142620, -0.096774, -0.157039, 0.972437
372, 0.057112, 0.060005, 1.266015,0.142354, -0.096614, -0.157025, 0.972494
373, 0.057134, 0.059981, 1.266138,0.142194, -0.096970, -0.156913, 0.972500
374, 0.057131, 0.059961, 1.266253,0.142023, -0.097066, -0.156913, 0.972515
375, 0.057102, 0.059926, 1.266367,0.141870, -0.097159, -0.156936, 0.972525
376, 0.057073, 0.059873, 1.266455,0.141279, -0.096997, -0.156982, 0.972619
377, 0.057008, 0.059797, 1.266529,0.140718, -0.096624, -0.157199, 0.972703
378, 0.056942, 0.059708, 1.266604,0.140282, -0.096520, -0.157255, 0.972767
379, 0.056822, 0.059581, 1.266718,0.139584, -0.096266, -0.157452, 0.972861
380, 0.056748, 0.059500, 1.266829,0.139193, -0.096113, -0.157514, 0.972922
381, 0.056720, 0.059432, 1.266931,0.138893, -0.096173, -0.157535, 0.972955
382, 0.056706, 0.059403, 1.267032,0.138536, -0.096352, -0.157560, 0.972985
383, 0.056704, 0.059370, 1.267135,0.138308, -0.096348, -0.157539, 0.973021
384, 0.056725, 0.059347, 1.267274,0.138053, -0.096376, -0.157498, 0.973061
385, 0.056689, 0.059263, 1.267442,0.137541, -0.096600, -0.157522, 0.973107
386, 0.056617, 0.059190, 1.267521,0.137078, -0.096354, -0.157651, 0.973176
387, 0.056478, 0.059061, 1.267621,0.136380, -0.095931, -0.157971, 0.973264
388, 0.056420, 0.058965, 1.267710,0.135706, -0.095686, -0.158029, 0.973373
389, 0.056355, 0.058875, 1.267825,0.135147, -0.095607, -0.158153, 0.973438
390, 0.056299, 0.058806, 1.267945,0.134789, -0.095670, -0.158175, 0.973478
391, 0.056289, 0.058788, 1.268066,0.134539, -0.095741, -0.158142, 0.973511
392, 0.056313, 0.058764, 1.268182,0.134294, -0.095820, -0.158086, 0.973546
393, 0.056320, 0.058745, 1.268299,0.134263, -0.095970, -0.158053, 0.973541
394, 0.056295, 0.058703, 1.268387,0.133974, -0.095905, -0.158117, 0.973577
395, 0.056218, 0.058620, 1.268497,0.133451, -0.095766, -0.158215, 0.973647
396, 0.056153, 0.058552, 1.268602,0.132903, -0.095715, -0.158261, 0.973719
397, 0.056050, 0.058415, 1.268719,0.132281, -0.095380, -0.158418, 0.973811
398, 0.055963, 0.058316, 1.268812,0.131571, -0.095027, -0.158551, 0.973920
399, 0.055865, 0.058213, 1.268935,0.130992, -0.094900, -0.158755, 0.973977
400, 0.055806, 0.058166, 1.269050,0.130512, -0.094992, -0.158909, 0.974008
401, 0.055826, 0.058133, 1.269203,0.130269, -0.095091, -0.158829, 0.974044
402, 0.055820, 0.058106, 1.269316,0.130058, -0.095190, -0.158824, 0.974063
403, 0.055800, 0.058072, 1.269436,0.129880, -0.095220, -0.158858, 0.974078
404, 0.055783, 0.058032, 1.269530,0.129589, -0.095255, -0.158852, 0.974115
405, 0.055697, 0.057922, 1.269678,0.129066, -0.095098, -0.158955, 0.974182
406, 0.055612, 0.057815, 1.269772,0.128396, -0.094677, -0.159034, 0.974299
407, 0.055523, 0.057689, 1.269880,0.127438, -0.094361, -0.159133, 0.974440
408, 0.055409, 0.057587, 1.269994,0.126884, -0.094479, -0.159289, 0.974475
409, 0.055325, 0.057500, 1.270135,0.126369, -0.094306, -0.159463, 0.974530
410, 0.055265, 0.057453, 1.270253,0.126087, -0.094293, -0.159717, 0.974526
411, 0.055242, 0.057429, 1.270401,0.125972, -0.094398, -0.159814, 0.974515
412, 0.055258, 0.057423, 1.270506,0.125676, -0.094406, -0.159729, 0.974566
413, 0.055271, 0.057410, 1.270618,0.125566, -0.094663, -0.159699, 0.974561
414, 0.055139, 0.057237, 1.270811,0.124497, -0.094609, -0.159723, 0.974699
415, 0.055086, 0.057127, 1.270917,0.123602, -0.094248, -0.159754, 0.974843
416, 0.054884, 0.056960, 1.271057,0.122813, -0.093858, -0.160136, 0.974918
417, 0.054693, 0.056841, 1.271164,0.122227, -0.093321, -0.160509, 0.974981
418, 0.054614, 0.056762, 1.271302,0.121599, -0.093216, -0.160716, 0.975036
419, 0.054576, 0.056724, 1.271461,0.121503, -0.093489, -0.160887, 0.974993
420, 0.054643, 0.056717, 1.271693,0.121121, -0.093876, -0.160756, 0.975025
421, 0.054533, 0.056615, 1.271883,0.120406, -0.093603, -0.160952, 0.975108
422, 0.054411, 0.056512, 1.271974,0.119621, -0.093300, -0.161158, 0.975199
423, 0.054244, 0.056359, 1.272107,0.118952, -0.093351, -0.161344, 0.975246
424, 0.054158, 0.056294, 1.272163,0.118577, -0.093365, -0.161481, 0.975267
425, 0.053909, 0.056145, 1.272282,0.117780, -0.092332, -0.161973, 0.975381
426, 0.053741, 0.056054, 1.272386,0.117212, -0.092156, -0.162350, 0.975403
427, 0.053657, 0.055993, 1.272522,0.116888, -0.092332, -0.162515, 0.975398
428, 0.053680, 0.055971, 1.272646,0.116587, -0.092619, -0.162450, 0.975418
429, 0.053718, 0.055956, 1.272791,0.116382, -0.092849, -0.162401, 0.975428
430, 0.053638, 0.055896, 1.272972,0.116021, -0.092990, -0.162603, 0.975424
431, 0.053562, 0.055836, 1.273048,0.115434, -0.092848, -0.162778, 0.975478
432, 0.053400, 0.055704, 1.273175,0.114693, -0.092576, -0.163045, 0.975547
433, 0.053236, 0.055569, 1.273289,0.114193, -0.092409, -0.163334, 0.975573
434, 0.053005, 0.055452, 1.273397,0.113351, -0.091693, -0.163843, 0.975653
435, 0.052779, 0.055317, 1.273539,0.112826, -0.091499, -0.164304, 0.975655
436, 0.052732, 0.055286, 1.273628,0.112469, -0.091422, -0.164401, 0.975687
437, 0.052773, 0.055267, 1.273743,0.112339, -0.091665, -0.164346, 0.975688
438, 0.052715, 0.055212, 1.273935,0.111835, -0.092181, -0.164556, 0.975662
439, 0.052639, 0.055162, 1.274036,0.111327, -0.092130, -0.164724, 0.975697
440, 0.052584, 0.055112, 1.274139,0.111003, -0.091786, -0.164881, 0.975740
441, 0.052503, 0.055049, 1.274234,0.110784, -0.091794, -0.165049, 0.975735
442, 0.052345, 0.054937, 1.274350,0.110183, -0.091700, -0.165281, 0.975773
443, 0.052169, 0.054827, 1.274460,0.109764, -0.091542, -0.165623, 0.975777
444, 0.051991, 0.054713, 1.274604,0.109184, -0.091329, -0.166016, 0.975795
445, 0.051904, 0.054659, 1.274697,0.108765, -0.091152, -0.166196, 0.975828
446, 0.051857, 0.054614, 1.274826,0.108436, -0.091360, -0.166292, 0.975829
447, 0.051817, 0.054572, 1.274928,0.108081, -0.091474, -0.166469, 0.975827
448, 0.051790, 0.054523, 1.275052,0.107733, -0.091665, -0.166557, 0.975833
449, 0.051766, 0.054486, 1.275163,0.107546, -0.091654, -0.166656, 0.975838
450, 0.051618, 0.054399, 1.275279,0.106973, -0.091636, -0.166912, 0.975859
451, 0.051488, 0.054307, 1.275389,0.106384, -0.091702, -0.167177, 0.975872
452, 0.051371, 0.054211, 1.275520,0.105669, -0.091498, -0.167369, 0.975935
453, 0.051238, 0.054104, 1.275671,0.105237, -0.091182, -0.167683, 0.975958
454, 0.051053, 0.054014, 1.275794,0.104891, -0.090892, -0.168119, 0.975947
455, 0.050961, 0.053960, 1.275885,0.104256, -0.090849, -0.168317, 0.975985
456, 0.050875, 0.053894, 1.276033,0.103933, -0.090762, -0.168550, 0.975987
457, 0.050803, 0.053838, 1.276140,0.103528, -0.090949, -0.168703, 0.975986
458, 0.050694, 0.053772, 1.276273,0.102950, -0.090906, -0.168990, 0.976002
459, 0.050620, 0.053719, 1.276364,0.102545, -0.091041, -0.169115, 0.976010
460, 0.050507, 0.053644, 1.276485,0.102203, -0.091001, -0.169292, 0.976019
461, 0.050369, 0.053544, 1.276602,0.101511, -0.090648, -0.169689, 0.976055
462, 0.050200, 0.053434, 1.276761,0.100832, -0.090652, -0.169963, 0.976078
463, 0.050085, 0.053347, 1.276887,0.100537, -0.090814, -0.170214, 0.976049
464, 0.049953, 0.053276, 1.277010,0.099913, -0.090358, -0.170522, 0.976102
465, 0.049827, 0.053200, 1.277156,0.099210, -0.090368, -0.170816, 0.976121
466, 0.049736, 0.053136, 1.277265,0.098968, -0.090345, -0.171028, 0.976111
467, 0.049624, 0.053066, 1.277441,0.098487, -0.090336, -0.171346, 0.976105
468, 0.049521, 0.053003, 1.277532,0.097879, -0.090110, -0.171576, 0.976146
469, 0.049383, 0.052926, 1.277661,0.097402, -0.090151, -0.171854, 0.976141
470, 0.049261, 0.052853, 1.277804,0.096998, -0.089836, -0.172103, 0.976167
471, 0.049117, 0.052749, 1.277951,0.096251, -0.089787, -0.172425, 0.976188
472, 0.048973, 0.052668, 1.278064,0.095756, -0.089532, -0.172756, 0.976202
473, 0.048768, 0.052571, 1.278191,0.095057, -0.089285, -0.173193, 0.976215
474, 0.048649, 0.052513, 1.278294,0.094514, -0.089167, -0.173479, 0.976228
475, 0.048566, 0.052435, 1.278451,0.094106, -0.089287, -0.173678, 0.976221
476, 0.048436, 0.052367, 1.278578,0.093742, -0.089212, -0.174038, 0.976199
477, 0.048253, 0.052284, 1.278688,0.093058, -0.088953, -0.174419, 0.976220
478, 0.048149, 0.052214, 1.278793,0.092577, -0.089057, -0.174616, 0.976221
479, 0.048009, 0.052134, 1.278920,0.092140, -0.088804, -0.174926, 0.976230
480, 0.047836, 0.052054, 1.279028,0.091550, -0.088566, -0.175380, 0.976226
481, 0.047652, 0.051948, 1.279197,0.091051, -0.088753, -0.175720, 0.976194
482, 0.047558, 0.051891, 1.279295,0.090546, -0.088492, -0.175949, 0.976224
483, 0.047394, 0.051799, 1.279453,0.090167, -0.088553, -0.176329, 0.976185
484, 0.047247, 0.051735, 1.279575,0.089682, -0.088278, -0.176671, 0.976192
485, 0.047089, 0.051654, 1.279706,0.089086, -0.088194, -0.177034, 0.976189
486, 0.046898, 0.051574, 1.279840,0.088535, -0.088512, -0.177484, 0.976128
487, 0.046738, 0.051510, 1.279943,0.088145, -0.087936, -0.177906, 0.976139
488, 0.046586, 0.051433, 1.280087,0.087613, -0.087829, -0.178230, 0.976137
489, 0.046435, 0.051357, 1.280190,0.087160, -0.087875, -0.178568, 0.976112
490, 0.046217, 0.051260, 1.280321,0.086486, -0.087401, -0.179084, 0.976120
491, 0.046072, 0.051209, 1.280425,0.086150, -0.087414, -0.179372, 0.976096
492, 0.045926, 0.051131, 1.280564,0.085884, -0.087515, -0.179701, 0.976049
493, 0.045809, 0.051078, 1.280653,0.085309, -0.087208, -0.180008, 0.976071
494, 0.045588, 0.050983, 1.280771,0.084893, -0.087019, -0.180525, 0.976028
495, 0.045401, 0.050917, 1.280867,0.084130, -0.086765, -0.180968, 0.976035
496, 0.045265, 0.050849, 1.280991,0.083768, -0.086781, -0.181270, 0.976009
497, 0.045148, 0.050780, 1.281117,0.083233, -0.086301, -0.181583, 0.976039
498, 0.044926, 0.050697, 1.281254,0.082895, -0.086348, -0.182086, 0.975970
499, 0.044703, 0.050608, 1.281351,0.082293, -0.086196, -0.182558, 0.975946
500, 0.044571, 0.050545, 1.281494,0.081708, -0.086075, -0.182902, 0.975942
501, 0.044441, 0.050482, 1.281598,0.081428, -0.086046, -0.183213, 0.975909
502, 0.044211, 0.050410, 1.281700,0.081017, -0.085767, -0.183768, 0.975864
503, 0.044017, 0.050343, 1.281786,0.080312, -0.085792, -0.184260, 0.975827
504, 0.043803, 0.050254, 1.281942,0.080007, -0.085615, -0.184729, 0.975779
505, 0.043668, 0.050209, 1.282042,0.079735, -0.085084, -0.185112, 0.975775
506, 0.043450, 0.050131, 1.282149,0.079168, -0.084717, -0.185639, 0.975753
507, 0.043249, 0.050055, 1.282249,0.078683, -0.085014, -0.186051, 0.975688
508, 0.043063, 0.049979, 1.282389,0.078080, -0.084498, -0.186537, 0.975688
509, 0.042911, 0.049914, 1.282506,0.077744, -0.084574, -0.186865, 0.975646
510, 0.042721, 0.049855, 1.282613,0.077355, -0.084387, -0.187362, 0.975598
511, 0.042510, 0.049790, 1.282707,0.076880, -0.084312, -0.187859, 0.975546
512, 0.042332, 0.049726, 1.282809,0.076389, -0.084096, -0.188325, 0.975513
513, 0.042142, 0.049654, 1.282955,0.075839, -0.083676, -0.188849, 0.975491
514, 0.042005, 0.049583, 1.283039,0.075426, -0.083775, -0.189171, 0.975452
515, 0.041768, 0.049512, 1.283159,0.074850, -0.083603, -0.189777, 0.975394
516, 0.041591, 0.049435, 1.283275,0.074327, -0.083595, -0.190185, 0.975355
517, 0.041412, 0.049370, 1.283381,0.073759, -0.083247, -0.190635, 0.975340
518, 0.041131, 0.049274, 1.283549,0.073190, -0.082989, -0.191309, 0.975273
519, 0.040997, 0.049225, 1.283656,0.072950, -0.082823, -0.191675, 0.975233
520, 0.040794, 0.049148, 1.283790,0.072400, -0.083017, -0.192205, 0.975153
521, 0.040628, 0.049074, 1.283922,0.071935, -0.082885, -0.192571, 0.975126
522, 0.040465, 0.049020, 1.284022,0.071374, -0.082593, -0.192972, 0.975113
523, 0.040256, 0.048934, 1.284130,0.070887, -0.082562, -0.193416, 0.975064
524, 0.040124, 0.048877, 1.284255,0.070302, -0.082426, -0.193758, 0.975049
525, 0.039876, 0.048789, 1.284402,0.069971, -0.082364, -0.194343, 0.974962
526, 0.039708, 0.048729, 1.284495,0.069486, -0.082553, -0.194668, 0.974916
527, 0.039543, 0.048674, 1.284633,0.068933, -0.082639, -0.195121, 0.974857
528, 0.039361, 0.048611, 1.284722,0.068502, -0.082357, -0.195618, 0.974812
529, 0.039165, 0.048554, 1.284855,0.068058, -0.082242, -0.196084, 0.974759
530, 0.039011, 0.048489, 1.284959,0.067777, -0.082282, -0.196448, 0.974702
531, 0.038829, 0.048422, 1.285078,0.067336, -0.081796, -0.196941, 0.974674
532, 0.038688, 0.048358, 1.285190,0.066724, -0.081851, -0.197296, 0.974640
533, 0.038463, 0.048276, 1.285329,0.066298, -0.081365, -0.197781, 0.974611
534, 0.038300, 0.048222, 1.285417,0.065887, -0.081527, -0.198101, 0.974561
535, 0.038112, 0.048147, 1.285531,0.065423, -0.081081, -0.198673, 0.974513
536, 0.037965, 0.048097, 1.285649,0.065113, -0.081410, -0.199003, 0.974439
537, 0.037806, 0.048038, 1.285771,0.064479, -0.081030, -0.199419, 0.974427
538, 0.037620, 0.047991, 1.285866,0.064226, -0.081112, -0.199894, 0.974340
539, 0.037438, 0.047929, 1.286003,0.063605, -0.081054, -0.200325, 0.974297
540, 0.037288, 0.047873, 1.286122,0.063294, -0.080888, -0.200759, 0.974242
541, 0.037117, 0.047822, 1.286208,0.062859, -0.080588, -0.201217, 0.974200
542, 0.036914, 0.047753, 1.286313,0.062376, -0.080563, -0.201627, 0.974149
543, 0.036677, 0.047678, 1.286424,0.061783, -0.080287, -0.202193, 0.974092
544, 0.036470, 0.047615, 1.286533,0.061276, -0.080216, -0.202675, 0.974030
545, 0.036297, 0.047560, 1.286650,0.060812, -0.080325, -0.203080, 0.973965
546, 0.036092, 0.047509, 1.286766,0.060522, -0.080087, -0.203618, 0.973891
547, 0.035940, 0.047468, 1.286836,0.060218, -0.080145, -0.203996, 0.973826
548, 0.035790, 0.047420, 1.286937,0.059709, -0.080066, -0.204377, 0.973784
549, 0.035639, 0.047368, 1.287041,0.059373, -0.079742, -0.204840, 0.973733
550, 0.035437, 0.047319, 1.287115,0.058913, -0.079743, -0.205345, 0.973655
551, 0.035220, 0.047263, 1.287185,0.058587, -0.079668, -0.205791, 0.973586
552, 0.035026, 0.047191, 1.287306,0.058067, -0.079626, -0.206237, 0.973527
553, 0.034786, 0.047121, 1.287423,0.057657, -0.079521, -0.206812, 0.973438
554, 0.034562, 0.047074, 1.287499,0.057182, -0.079471, -0.207355, 0.973354
555, 0.034321, 0.047018, 1.287590,0.056693, -0.079293, -0.207943, 0.973272
556, 0.034169, 0.046973, 1.287690,0.056305, -0.079121, -0.208347, 0.973222
557, 0.033991, 0.046935, 1.287773,0.056027, -0.078649, -0.208972, 0.973142
558, 0.033812, 0.046912, 1.287839,0.055588, -0.078935, -0.209412, 0.973050
559, 0.033590, 0.046852, 1.287952,0.055165, -0.078548, -0.209967, 0.972986
560, 0.033387, 0.046804, 1.288028,0.054825, -0.078356, -0.210473, 0.972911
561, 0.033187, 0.046748, 1.288125,0.054551, -0.078314, -0.210984, 0.972819
562, 0.033004, 0.046698, 1.288194,0.053915, -0.077890, -0.211500, 0.972776
563, 0.032744, 0.046635, 1.288313,0.053568, -0.077675, -0.212114, 0.972679
564, 0.032565, 0.046595, 1.288378,0.053309, -0.077797, -0.212549, 0.972589
565, 0.032329, 0.046548, 1.288476,0.053021, -0.077592, -0.213170, 0.972485
566, 0.032131, 0.046498, 1.288565,0.052409, -0.077418, -0.213697, 0.972416
567, 0.031963, 0.046472, 1.288632,0.052129, -0.076922, -0.214209, 0.972358
568, 0.031733, 0.046427, 1.288699,0.051689, -0.077175, -0.214780, 0.972236
569, 0.031554, 0.046384, 1.288768,0.051341, -0.076937, -0.215249, 0.972169
570, 0.031306, 0.046331, 1.288871,0.050964, -0.076650, -0.215879, 0.972072
571, 0.031086, 0.046270, 1.288958,0.050566, -0.076637, -0.216333, 0.971993
572, 0.030852, 0.046222, 1.289038,0.050045, -0.075981, -0.217016, 0.971919
573, 0.030643, 0.046169, 1.289113,0.049811, -0.076240, -0.217423, 0.971820
574, 0.030407, 0.046113, 1.289238,0.049343, -0.076080, -0.218047, 0.971716
575, 0.030251, 0.046091, 1.289307,0.049128, -0.075890, -0.218508, 0.971638
576, 0.030022, 0.046047, 1.289388,0.048996, -0.076292, -0.219098, 0.971481
577, 0.029823, 0.046020, 1.289454,0.049023, -0.075762, -0.219674, 0.971391
578, 0.029616, 0.045981, 1.289528,0.048191, -0.075841, -0.220206, 0.971306
579, 0.029421, 0.045933, 1.289601,0.048001, -0.075525, -0.220746, 0.971217
580, 0.029175, 0.045893, 1.289674,0.047532, -0.075192, -0.221373, 0.971124
581, 0.028986, 0.045841, 1.289724,0.047251, -0.075234, -0.221758, 0.971046
582, 0.028752, 0.045792, 1.289803,0.046746, -0.074951, -0.222428, 0.970939
583, 0.028502, 0.045747, 1.289906,0.046251, -0.074672, -0.223062, 0.970839
584, 0.028310, 0.045712, 1.289983,0.046088, -0.074953, -0.223526, 0.970718
585, 0.028143, 0.045693, 1.290034,0.045952, -0.074820, -0.223969, 0.970633
586, 0.027893, 0.045661, 1.290118,0.045701, -0.074788, -0.224644, 0.970491
587, 0.027729, 0.045628, 1.290187,0.045268, -0.074814, -0.225098, 0.970404
588, 0.027534, 0.045595, 1.290257,0.044913, -0.074584, -0.225613, 0.970319
589, 0.027269, 0.045544, 1.290341,0.044646, -0.074372, -0.226265, 0.970196
590, 0.027094, 0.045504, 1.290406,0.043977, -0.074052, -0.226699, 0.970149
591, 0.026876, 0.045456, 1.290511,0.043979, -0.073998, -0.227217, 0.970032
592, 0.026608, 0.045406, 1.290608,0.043351, -0.073535, -0.227910, 0.969933
593, 0.026417, 0.045379, 1.290675,0.043127, -0.073586, -0.228413, 0.969821
594, 0.026235, 0.045353, 1.290723,0.042993, -0.073762, -0.228851, 0.969710
595, 0.026042, 0.045342, 1.290780,0.042748, -0.073593, -0.229380, 0.969609
596, 0.025801, 0.045299, 1.290858,0.042226, -0.073378, -0.230039, 0.969492
597, 0.025631, 0.045278, 1.290919,0.042112, -0.073458, -0.230462, 0.969390
598, 0.025400, 0.045245, 1.290978,0.041785, -0.073207, -0.231105, 0.969270
599, 0.025168, 0.045205, 1.291035,0.041529, -0.072990, -0.231617, 0.969176
600, 0.024906, 0.045169, 1.291114,0.041028, -0.072816, -0.232282, 0.969051
601, 0.024686, 0.045124, 1.291193,0.040821, -0.072390, -0.232838, 0.968958
602, 0.024499, 0.045110, 1.291246,0.040417, -0.072265, -0.233358, 0.968859
603, 0.024228, 0.045076, 1.291303,0.040364, -0.072108, -0.234050, 0.968706
604, 0.024040, 0.045060, 1.291339,0.040080, -0.071978, -0.234531, 0.968611
605, 0.023818, 0.045036, 1.291385,0.039767, -0.071871, -0.235166, 0.968478
606, 0.023599, 0.045009, 1.291456,0.039569, -0.071947, -0.235764, 0.968335
607, 0.023388, 0.044989, 1.291499,0.039263, -0.071543, -0.236393, 0.968224
608, 0.023188, 0.044975, 1.291550,0.038929, -0.071322, -0.236872, 0.968137
609, 0.022920, 0.044932, 1.291604,0.038808, -0.071449, -0.237488, 0.967981
610, 0.022748, 0.044906, 1.291665,0.038396, -0.071038, -0.237937, 0.967918
611, 0.022538, 0.044882, 1.291743,0.038019, -0.071105, -0.238514, 0.967786
612, 0.022380, 0.044866, 1.291782,0.037992, -0.070932, -0.238920, 0.967700
613, 0.022154, 0.044844, 1.291835,0.037579, -0.070992, -0.239446, 0.967581
614, 0.021986, 0.044820, 1.291868,0.037479, -0.070917, -0.239891, 0.967480
615, 0.021721, 0.044798, 1.291917,0.037069, -0.070490, -0.240600, 0.967351
616, 0.021554, 0.044773, 1.291963,0.036566, -0.070476, -0.241046, 0.967260
617, 0.021335, 0.044754, 1.292040,0.036501, -0.070360, -0.241679, 0.967114
618, 0.021129, 0.044728, 1.292121,0.036188, -0.070141, -0.242215, 0.967007
619, 0.020959, 0.044701, 1.292172,0.036180, -0.070193, -0.242573, 0.966914
620, 0.020727, 0.044674, 1.292241,0.035800, -0.070284, -0.243097, 0.966790
621, 0.020519, 0.044646, 1.292322,0.035539, -0.069973, -0.243627, 0.966689
622, 0.020270, 0.044614, 1.292406,0.035036, -0.069823, -0.244304, 0.966547
623, 0.020073, 0.044588, 1.292478,0.034808, -0.069541, -0.244792, 0.966452
624, 0.019814, 0.044572, 1.292521,0.034484, -0.069485, -0.245427, 0.966306
625, 0.019601, 0.044558, 1.292568,0.034377, -0.069433, -0.245930, 0.966186
626, 0.019377, 0.044536, 1.292640,0.033991, -0.069061, -0.246563, 0.966065
627, 0.019130, 0.044511, 1.292715,0.033466, -0.068917, -0.247198, 0.965932
628, 0.018939, 0.044502, 1.292777,0.033385, -0.068736, -0.247719, 0.965814
629, 0.018663, 0.044472, 1.292851,0.033150, -0.068543, -0.248398, 0.965661
630, 0.018444, 0.044445, 1.292904,0.032827, -0.068376, -0.248951, 0.965542
631, 0.018201, 0.044422, 1.292982,0.032423, -0.068345, -0.249558, 0.965401
632, 0.018014, 0.044403, 1.293063,0.032260, -0.067986, -0.250068, 0.965299
633, 0.017756, 0.044373, 1.293131,0.031815, -0.068314, -0.250696, 0.965128
634, 0.017525, 0.044360, 1.293177,0.031623, -0.068083, -0.251322, 0.964988
635, 0.017290, 0.044330, 1.293213,0.031335, -0.067783, -0.251855, 0.964880
636, 0.017041, 0.044314, 1.293317,0.030882, -0.067818, -0.252514, 0.964719
637, 0.016788, 0.044283, 1.293400,0.030753, -0.067625, -0.253137, 0.964574
638, 0.016583, 0.044270, 1.293445,0.030247, -0.067611, -0.253599, 0.964470
639, 0.016330, 0.044250, 1.293507,0.030041, -0.066995, -0.254233, 0.964352
640, 0.016028, 0.044224, 1.293592,0.029613, -0.066974, -0.254934, 0.964182
641, 0.015846, 0.044213, 1.293666,0.029334, -0.066859, -0.255369, 0.964083
642, 0.015603, 0.044191, 1.293736,0.028955, -0.066970, -0.255956, 0.963931
643, 0.015314, 0.044175, 1.293803,0.028778, -0.066486, -0.256601, 0.963798
644, 0.015064, 0.044149, 1.293859,0.028304, -0.066627, -0.257132, 0.963661
645, 0.014836, 0.044135, 1.293926,0.027987, -0.066305, -0.257821, 0.963508
646, 0.014546, 0.044113, 1.294000,0.027701, -0.066172, -0.258477, 0.963350
647, 0.014352, 0.044097, 1.294053,0.027459, -0.065850, -0.258984, 0.963243
648, 0.014123, 0.044085, 1.294099,0.027203, -0.065630, -0.259583, 0.963104
649, 0.013837, 0.044072, 1.294176,0.026917, -0.065288, -0.260309, 0.962939
650, 0.013592, 0.044052, 1.294250,0.026420, -0.065633, -0.260895, 0.962771
651, 0.013320, 0.044048, 1.294314,0.026413, -0.065524, -0.261535, 0.962605
652, 0.011015, 0.044103, 1.294723,0.029960, -0.061506, -0.268073, 0.960966
653, 0.010770, 0.044101, 1.294780,0.029258, -0.061566, -0.268670, 0.960817
654, 0.010493, 0.044092, 1.294834,0.028428, -0.061113, -0.269383, 0.960671
655, 0.010279, 0.044082, 1.294890,0.027643, -0.061356, -0.269842, 0.960550
656, 0.009990, 0.044067, 1.294965,0.026808, -0.061393, -0.270566, 0.960368
657, 0.009674, 0.044055, 1.295054,0.025603, -0.061655, -0.271323, 0.960170
658, 0.009417, 0.044047, 1.295104,0.024600, -0.061401, -0.271954, 0.960034
659, 0.009183, 0.044028, 1.295148,0.023939, -0.061569, -0.272484, 0.959890
660, 0.008878, 0.044019, 1.295196,0.022862, -0.061467, -0.273286, 0.959695
661, 0.008591, 0.044002, 1.295268,0.022083, -0.061481, -0.274049, 0.959494
662, 0.008385, 0.043988, 1.295334,0.021639, -0.061592, -0.274508, 0.959366
663, 0.008084, 0.043978, 1.295367,0.020957, -0.061698, -0.275287, 0.959151
664, 0.007792, 0.043965, 1.295388,0.020659, -0.061236, -0.275971, 0.958991
665, 0.007554, 0.043964, 1.295432,0.020348, -0.060983, -0.276611, 0.958829
666, 0.007262, 0.043951, 1.295484,0.019733, -0.060863, -0.277395, 0.958623
667, 0.007019, 0.043955, 1.295527,0.019906, -0.060793, -0.278041, 0.958437
668, 0.006745, 0.043966, 1.295543,0.019535, -0.060600, -0.278764, 0.958247
669, 0.006487, 0.043970, 1.295580,0.019436, -0.060414, -0.279433, 0.958066
670, 0.006232, 0.043976, 1.295616,0.019268, -0.060518, -0.280080, 0.957873
671, 0.005955, 0.043986, 1.295653,0.018917, -0.060142, -0.280859, 0.957676
672, 0.005717, 0.043989, 1.295699,0.018983, -0.060054, -0.281439, 0.957510
673, 0.005447, 0.043994, 1.295756,0.018593, -0.060219, -0.282172, 0.957292
674, 0.005187, 0.044002, 1.295800,0.018322, -0.059866, -0.282901, 0.957104
675, 0.004883, 0.044014, 1.295831,0.018265, -0.059507, -0.283671, 0.956899
676, 0.004591, 0.044031, 1.295861,0.017899, -0.059326, -0.284431, 0.956692
677, 0.004351, 0.044039, 1.295891,0.017994, -0.059337, -0.285042, 0.956507
678, 0.003985, 0.044064, 1.295917,0.017724, -0.058852, -0.286054, 0.956240
679, 0.003710, 0.044077, 1.295944,0.017634, -0.058843, -0.286724, 0.956042
680, 0.003422, 0.044097, 1.295981,0.017394, -0.058575, -0.287526, 0.955822
681, 0.003182, 0.044111, 1.296003,0.017383, -0.058381, -0.288142, 0.955648
682, 0.002870, 0.044137, 1.296014,0.017296, -0.058035, -0.288964, 0.955423
683, 0.002529, 0.044171, 1.296011,0.016845, -0.057812, -0.289861, 0.955172
684, 0.002272, 0.044179, 1.296044,0.016778, -0.057194, -0.290539, 0.955005
685, 0.002014, 0.044213, 1.296044,0.016641, -0.056961, -0.291295, 0.954791
686, 0.001649, 0.044238, 1.296047,0.016466, -0.056641, -0.292247, 0.954522
687, 0.001322, 0.044265, 1.296051,0.016337, -0.056664, -0.293044, 0.954279
688, 0.001048, 0.044294, 1.296078,0.016194, -0.056088, -0.293829, 0.954074
689, 0.000726, 0.044317, 1.296091,0.016101, -0.055901, -0.294685, 0.953822
690, 0.000453, 0.044356, 1.296078,0.015885, -0.055729, -0.295401, 0.953614
691, 0.000177, 0.044377, 1.296074,0.015919, -0.055581, -0.296144, 0.953392
692, -0.000117, 0.044414, 1.296070,0.015697, -0.055431, -0.297012, 0.953134
693, -0.000382, 0.044448, 1.296066,0.015895, -0.055308, -0.297697, 0.952924
694, -0.000590, 0.044470, 1.296057,0.015886, -0.055318, -0.298266, 0.952746
695, -0.000907, 0.044512, 1.296050,0.015847, -0.054781, -0.299124, 0.952509
696, -0.001202, 0.044544, 1.296045,0.015723, -0.054803, -0.299943, 0.952252
697, -0.001412, 0.044563, 1.296062,0.015603, -0.054459, -0.300522, 0.952091
698, -0.001655, 0.044583, 1.296063,0.015573, -0.054200, -0.301155, 0.951906
699, -0.001895, 0.044605, 1.296067,0.015433, -0.054330, -0.301725, 0.951721
700, -0.002024, 0.044605, 1.296058,0.015517, -0.054303, -0.301978, 0.951641
701, -0.002147, 0.044613, 1.296052,0.015345, -0.054093, -0.302232, 0.951575
702, -0.002254, 0.044613, 1.296047,0.015512, -0.054361, -0.302386, 0.951508
703, -0.002384, 0.044628, 1.296034,0.015507, -0.054614, -0.302761, 0.951374
704, -0.002472, 0.044665, 1.295972,0.015938, -0.054914, -0.303013, 0.951270
705, -0.002535, 0.044676, 1.295892,0.015928, -0.054667, -0.303137, 0.951244
706, -0.002624, 0.044677, 1.295803,0.016110, -0.054255, -0.303268, 0.951223
707, -0.002666, 0.044714, 1.295681,0.016326, -0.054501, -0.303351, 0.951179
708, -0.002646, 0.044777, 1.295551,0.016675, -0.054563, -0.303464, 0.951133
709, -0.002809, 0.044838, 1.295431,0.016975, -0.054832, -0.304006, 0.950939
710, -0.002947, 0.044861, 1.295388,0.017048, -0.054644, -0.304407, 0.950821
711, -0.003174, 0.044893, 1.295329,0.016872, -0.053977, -0.305104, 0.950638
712, -0.003355, 0.044910, 1.295295,0.016808, -0.053870, -0.305612, 0.950482
713, -0.003487, 0.044918, 1.295309,0.016872, -0.053910, -0.305962, 0.950366
714, -0.003662, 0.044944, 1.295280,0.016684, -0.053480, -0.306572, 0.950197
715, -0.003829, 0.044981, 1.295226,0.016777, -0.053348, -0.307090, 0.950036
716, -0.004017, 0.045016, 1.295190,0.016579, -0.053313, -0.307642, 0.949863
717, -0.004274, 0.045071, 1.295210,0.016613, -0.053230, -0.308374, 0.949629
718, -0.004425, 0.045103, 1.295230,0.016573, -0.053206, -0.308830, 0.949483
719, -0.004612, 0.045140, 1.295253,0.016646, -0.053551, -0.309381, 0.949283
720, -0.004832, 0.045176, 1.295266,0.016707, -0.053145, -0.310056, 0.949085
721, -0.005093, 0.045207, 1.295253,0.016596, -0.053413, -0.310708, 0.948858
722, -0.005351, 0.045233, 1.295276,0.016419, -0.053017, -0.311380, 0.948663
723, -0.005684, 0.045247, 1.295296,0.016289, -0.052901, -0.312136, 0.948423
724, -0.005985, 0.045249, 1.295326,0.015929, -0.052314, -0.312863, 0.948223
725, -0.006227, 0.045267, 1.295357,0.015775, -0.052066, -0.313486, 0.948033
726, -0.006563, 0.045315, 1.295368,0.015621, -0.052006, -0.314398, 0.947737
727, -0.006798, 0.045324, 1.295373,0.016074, -0.051852, -0.315079, 0.947512
728, -0.011638, 0.046211, 1.295376,0.018359, -0.047884, -0.328503, 0.943110
729, -0.011804, 0.046289, 1.295348,0.017994, -0.048206, -0.329035, 0.942915
730, -0.012003, 0.046363, 1.295298,0.017305, -0.048916, -0.329619, 0.942687
731, -0.012153, 0.046411, 1.295266,0.017030, -0.048840, -0.330051, 0.942545
732, -0.012310, 0.046441, 1.295254,0.016641, -0.048746, -0.330402, 0.942434
733, -0.012542, 0.046434, 1.295291,0.015885, -0.048942, -0.330837, 0.942284
734, -0.012855, 0.046416, 1.295383,0.014851, -0.048638, -0.331374, 0.942128
735, -0.013134, 0.046386, 1.295431,0.014284, -0.048558, -0.331828, 0.941981
736, -0.013511, 0.046387, 1.295458,0.013429, -0.048074, -0.332660, 0.941725
737, -0.013703, 0.046425, 1.295422,0.013385, -0.048117, -0.333128, 0.941558
738, -0.013809, 0.046470, 1.295326,0.013217, -0.047997, -0.333572, 0.941409
739, -0.013952, 0.046574, 1.295210,0.013659, -0.048366, -0.334151, 0.941179
740, -0.014040, 0.046645, 1.295126,0.013917, -0.048774, -0.334535, 0.941018
741, -0.014135, 0.046719, 1.295050,0.014395, -0.048798, -0.334967, 0.940855
742, -0.014291, 0.046781, 1.294981,0.014607, -0.048745, -0.335419, 0.940694
743, -0.014392, 0.046783, 1.295000,0.014509, -0.048522, -0.335631, 0.940631
744, -0.014561, 0.046764, 1.295066,0.014197, -0.048528, -0.335913, 0.940535
745, -0.014798, 0.046731, 1.295086,0.014118, -0.048078, -0.336258, 0.940436
746, -0.014991, 0.046717, 1.295088,0.013747, -0.047569, -0.336631, 0.940334
747, -0.015297, 0.046716, 1.295094,0.013713, -0.047174, -0.337285, 0.940120
748, -0.015514, 0.046798, 1.295021,0.013853, -0.047120, -0.338004, 0.939862
749, -0.015654, 0.046884, 1.294891,0.014411, -0.047365, -0.338543, 0.939648
750, -0.015744, 0.046986, 1.294766,0.014691, -0.047495, -0.339035, 0.939459
751, -0.015808, 0.047099, 1.294649,0.015227, -0.047660, -0.339541, 0.939260
752, -0.015911, 0.047178, 1.294568,0.015611, -0.047968, -0.340014, 0.939066
753, -0.016106, 0.047233, 1.294538,0.015738, -0.047849, -0.340510, 0.938891
754, -0.016317, 0.047243, 1.294568,0.015447, -0.047564, -0.341023, 0.938724
755, -0.016673, 0.047232, 1.294660,0.015062, -0.047260, -0.341710, 0.938496
756, -0.016907, 0.047215, 1.294689,0.014726, -0.046626, -0.342234, 0.938342
757, -0.017149, 0.047196, 1.294723,0.014360, -0.046158, -0.342680, 0.938208
758, -0.017376, 0.047219, 1.294716,0.014508, -0.046404, -0.343198, 0.938004
759, -0.017495, 0.047267, 1.294643,0.014510, -0.046325, -0.343734, 0.937812
760, -0.017591, 0.047390, 1.294517,0.015157, -0.046457, -0.344315, 0.937581
761, -0.017529, 0.047478, 1.294444,0.015874, -0.047171, -0.344540, 0.937451
762, -0.017603, 0.047432, 1.294538,0.015783, -0.047494, -0.344569, 0.937426
763, -0.017743, 0.047348, 1.294584,0.015556, -0.047119, -0.344626, 0.937428
764, -0.017849, 0.047182, 1.294629,0.014916, -0.046926, -0.344416, 0.937525
765, -0.018114, 0.047001, 1.294684,0.014509, -0.046269, -0.344502, 0.937532
766, -0.018174, 0.046934, 1.294730,0.014256, -0.046669, -0.344533, 0.937505
767, -0.018038, 0.046952, 1.294720,0.014959, -0.047299, -0.344485, 0.937480
768, -0.017955, 0.047018, 1.294679,0.015667, -0.047489, -0.344518, 0.937447
769, -0.018030, 0.046966, 1.294723,0.015628, -0.046935, -0.344674, 0.937418
770, -0.018157, 0.046842, 1.294753,0.015327, -0.047042, -0.344768, 0.937383
771, -0.018200, 0.046732, 1.294816,0.015052, -0.047134, -0.344726, 0.937398
772, -0.018122, 0.046767, 1.294874,0.015480, -0.047516, -0.344811, 0.937341
773, -0.018154, 0.046873, 1.294850,0.015863, -0.047182, -0.344958, 0.937297
774, -0.018078, 0.046981, 1.294822,0.016196, -0.047511, -0.345012, 0.937255
775, -0.018086, 0.047101, 1.294760,0.016471, -0.047705, -0.345126, 0.937198
776, -0.018050, 0.047161, 1.294680,0.016165, -0.047762, -0.345151, 0.937192
777, -0.018122, 0.047233, 1.294601,0.016244, -0.047311, -0.345297, 0.937159
778, -0.018216, 0.047247, 1.294535,0.015819, -0.047085, -0.345482, 0.937110
779, -0.022059, 0.048553, 1.294382,0.018889, -0.042821, -0.357787, 0.932629
780, -0.022201, 0.048578, 1.294411,0.018295, -0.042698, -0.358153, 0.932507
781, -0.022345, 0.048605, 1.294437,0.017431, -0.042749, -0.358458, 0.932404
782, -0.022500, 0.048623, 1.294455,0.016792, -0.042627, -0.358702, 0.932327
783, -0.022604, 0.048632, 1.294488,0.016486, -0.042500, -0.358928, 0.932251
784, -0.022844, 0.048672, 1.294519,0.015519, -0.042448, -0.359598, 0.932012
785, -0.023154, 0.048739, 1.294542,0.014505, -0.042423, -0.360374, 0.931730
786, -0.023324, 0.048785, 1.294579,0.014027, -0.042441, -0.360798, 0.931572
787, -0.023481, 0.048829, 1.294607,0.013595, -0.042546, -0.361152, 0.931437
788, -0.023586, 0.048842, 1.294646,0.013328, -0.042634, -0.361404, 0.931339
789, -0.023699, 0.048862, 1.294675,0.013125, -0.042599, -0.361660, 0.931244
790, -0.023925, 0.048901, 1.294700,0.012625, -0.042188, -0.362158, 0.931076
791, -0.024154, 0.048942, 1.294707,0.012176, -0.042303, -0.362710, 0.930862
792, -0.024353, 0.048970, 1.294722,0.011797, -0.042317, -0.363188, 0.930680
793, -0.024507, 0.048996, 1.294773,0.011634, -0.042371, -0.363567, 0.930531
794, -0.024615, 0.049021, 1.294797,0.011428, -0.042171, -0.363862, 0.930427
795, -0.024774, 0.049055, 1.294816,0.011338, -0.042118, -0.364264, 0.930274
796, -0.024935, 0.049085, 1.294831,0.011179, -0.042418, -0.364679, 0.930100
797, -0.025124, 0.049128, 1.294854,0.011136, -0.042236, -0.365189, 0.929908
798, -0.025326, 0.049162, 1.294883,0.010810, -0.041966, -0.365610, 0.929759
799, -0.025498, 0.049184, 1.294921,0.010786, -0.042097, -0.365989, 0.929604
800, -0.025611, 0.049182, 1.294966,0.010883, -0.041964, -0.366178, 0.929534
801, -0.025733, 0.049186, 1.294990,0.010563, -0.041928, -0.366392, 0.929455
802, -0.025850, 0.049192, 1.295004,0.010353, -0.041867, -0.366624, 0.929369
803, -0.026018, 0.049218, 1.295028,0.010461, -0.041537, -0.367045, 0.929216
804, -0.026147, 0.049245, 1.295043,0.010514, -0.041375, -0.367394, 0.929085
805, -0.026280, 0.049285, 1.295056,0.010603, -0.041450, -0.367838, 0.928905
806, -0.026422, 0.049339, 1.295051,0.010740, -0.041365, -0.368270, 0.928736
807, -0.026612, 0.049398, 1.295049,0.010851, -0.041179, -0.368827, 0.928522
808, -0.026793, 0.049451, 1.295050,0.010867, -0.041147, -0.369280, 0.928343
809, -0.026943, 0.049487, 1.295059,0.010927, -0.041087, -0.369674, 0.928188
810, -0.027095, 0.049524, 1.295083,0.010747, -0.041103, -0.370062, 0.928035
811, -0.027341, 0.049563, 1.295106,0.010614, -0.040431, -0.370679, 0.927820
812, -0.027602, 0.049606, 1.295123,0.010397, -0.040348, -0.371286, 0.927583
813, -0.027849, 0.049650, 1.295142,0.010364, -0.039867, -0.371960, 0.927334
814, -0.028014, 0.049693, 1.295164,0.010316, -0.039725, -0.372461, 0.927140
815, -0.028175, 0.049751, 1.295174,0.010318, -0.040055, -0.372901, 0.926949
816, -0.028364, 0.049815, 1.295179,0.010236, -0.039686, -0.373502, 0.926724
817, -0.028556, 0.049890, 1.295183,0.010281, -0.039801, -0.374068, 0.926490
818, -0.028711, 0.049960, 1.295183,0.010217, -0.039825, -0.374538, 0.926300
819, -0.028869, 0.050005, 1.295198,0.010382, -0.040015, -0.374907, 0.926140
820, -0.029119, 0.050048, 1.295219,0.009965, -0.039634, -0.375567, 0.925894
821, -0.029253, 0.050054, 1.295249,0.009763, -0.039266, -0.375794, 0.925820
822, -0.029400, 0.050052, 1.295301,0.009604, -0.039064, -0.376055, 0.925724
823, -0.029585, 0.050060, 1.295354,0.009437, -0.038677, -0.376503, 0.925560
824, -0.029704, 0.050092, 1.295371,0.009449, -0.038840, -0.376809, 0.925428
825, -0.029841, 0.050150, 1.295368,0.009566, -0.038633, -0.377240, 0.925260
826, -0.029943, 0.050202, 1.295375,0.009704, -0.038860, -0.377534, 0.925129
827, -0.030042, 0.050301, 1.295367,0.009887, -0.039232, -0.377972, 0.924932
828, -0.030204, 0.050368, 1.295329,0.010146, -0.039189, -0.378324, 0.924788
829, -0.030385, 0.050328, 1.295451,0.009698, -0.038960, -0.378520, 0.924722
830, -0.030552, 0.050303, 1.295444,0.009359, -0.038566, -0.378663, 0.924683
831, -0.030435, 0.050356, 1.295273,0.009938, -0.039039, -0.378558, 0.924701
832, -0.030334, 0.050420, 1.295178,0.010436, -0.039178, -0.378526, 0.924702
833, -0.030255, 0.050456, 1.295105,0.010734, -0.039626, -0.378464, 0.924705
834, -0.030260, 0.050486, 1.294994,0.010939, -0.039319, -0.378529, 0.924689
835, -0.030439, 0.050443, 1.294916,0.010569, -0.039184, -0.378605, 0.924668
836, -0.030572, 0.050413, 1.294840,0.010511, -0.038841, -0.378654, 0.924663
837, -0.030486, 0.050470, 1.294708,0.010949, -0.039138, -0.378648, 0.924648
838, -0.030380, 0.050514, 1.294613,0.011372, -0.039451, -0.378585, 0.924655
839, -0.030254, 0.050565, 1.294521,0.011983, -0.039808, -0.378454, 0.924686
840, -0.030232, 0.050610, 1.294341,0.012221, -0.039810, -0.378463, 0.924679
841, -0.030367, 0.050602, 1.294220,0.012291, -0.039352, -0.378688, 0.924606
842, -0.030473, 0.050592, 1.294052,0.012053, -0.039099, -0.378853, 0.924552
843, -0.030464, 0.050628, 1.293938,0.012388, -0.039378, -0.378822, 0.924548
844, -0.030385, 0.050665, 1.293839,0.013144, -0.039568, -0.378751, 0.924559
845, -0.030246, 0.050720, 1.293714,0.013570, -0.039941, -0.378653, 0.924577
846, -0.030102, 0.050797, 1.293541,0.014537, -0.040339, -0.378530, 0.924595
847, -0.030007, 0.050844, 1.293395,0.015086, -0.040637, -0.378500, 0.924586
848, -0.029969, 0.050890, 1.293225,0.015460, -0.040562, -0.378494, 0.924585
849, -0.029981, 0.050898, 1.293113,0.015636, -0.040630, -0.378504, 0.924575
850, -0.030105, 0.050889, 1.292986,0.015565, -0.040034, -0.378654, 0.924541
851, -0.030115, 0.050857, 1.292871,0.015683, -0.039838, -0.378657, 0.924546
852, -0.029990, 0.050929, 1.292679,0.016550, -0.040604, -0.378535, 0.924548
853, -0.029827, 0.050994, 1.292501,0.017231, -0.041270, -0.378432, 0.924548
854, -0.029664, 0.051075, 1.292295,0.018137, -0.042079, -0.378285, 0.924554
855, -0.029569, 0.051125, 1.292155,0.019005, -0.042219, -0.378219, 0.924558
856, -0.029511, 0.051156, 1.292010,0.019330, -0.042366, -0.378190, 0.924556
857, -0.029594, 0.051141, 1.291787,0.019257, -0.041816, -0.378292, 0.924541
858, -0.029646, 0.051119, 1.291697,0.019353, -0.041799, -0.378301, 0.924536
859, -0.029630, 0.051108, 1.291570,0.019557, -0.041529, -0.378270, 0.924557
860, -0.029550, 0.051121, 1.291465,0.020163, -0.041738, -0.378157, 0.924580
861, -0.029351, 0.051200, 1.291265,0.021120, -0.042747, -0.377919, 0.924610
862, -0.029144, 0.051285, 1.291089,0.022087, -0.043433, -0.377744, 0.924627
863, -0.028950, 0.051361, 1.290887,0.022950, -0.043878, -0.377590, 0.924648
864, -0.028812, 0.051443, 1.290642,0.023770, -0.044435, -0.377511, 0.924633
865, -0.028801, 0.051469, 1.290496,0.024348, -0.044508, -0.377508, 0.924615
866, -0.028936, 0.051471, 1.290253,0.024430, -0.043941, -0.377640, 0.924587
867, -0.029054, 0.051457, 1.290145,0.024435, -0.043633, -0.377816, 0.924529
868, -0.029071, 0.051455, 1.290030,0.024532, -0.043722, -0.377805, 0.924527
869, -0.028969, 0.051486, 1.289906,0.025157, -0.043845, -0.377732, 0.924534
870, -0.028811, 0.051551, 1.289764,0.026122, -0.044395, -0.377582, 0.924542
871, -0.028552, 0.051654, 1.289511,0.027275, -0.045261, -0.377370, 0.924554
872, -0.028307, 0.051759, 1.289244,0.028372, -0.045902, -0.377209, 0.924555
873, -0.028194, 0.051823, 1.289056,0.028924, -0.046216, -0.377151, 0.924546
874, -0.028160, 0.051863, 1.288881,0.029486, -0.046590, -0.377107, 0.924527
875, -0.028211, 0.051867, 1.288730,0.029509, -0.046228, -0.377158, 0.924524
876, -0.028308, 0.051862, 1.288615,0.029679, -0.046068, -0.377240, 0.924493
877, -0.028384, 0.051836, 1.288499,0.029729, -0.045450, -0.377276, 0.924507
878, -0.028279, 0.051869, 1.288279,0.030459, -0.046054, -0.377156, 0.924502
879, -0.028124, 0.051943, 1.288074,0.031424, -0.046770, -0.376998, 0.924499
880, -0.027893, 0.052055, 1.287837,0.032566, -0.047311, -0.376869, 0.924484
881, -0.027651, 0.052136, 1.287629,0.033533, -0.047820, -0.376631, 0.924520
882, -0.027450, 0.052192, 1.287445,0.034237, -0.048644, -0.376389, 0.924550
883, -0.027362, 0.052236, 1.287229,0.035047, -0.048829, -0.376295, 0.924548
884, -0.027386, 0.052245, 1.287102,0.035117, -0.048639, -0.376318, 0.924546
885, -0.027508, 0.052225, 1.286928,0.035138, -0.048176, -0.376354, 0.924555
886, -0.027594, 0.052229, 1.286827,0.035306, -0.047952, -0.376435, 0.924527
887, -0.027610, 0.052204, 1.286728,0.035420, -0.047923, -0.376382, 0.924546
888, -0.027526, 0.052237, 1.286578,0.035859, -0.048088, -0.376335, 0.924540
889, -0.027354, 0.052297, 1.286428,0.036790, -0.048525, -0.376154, 0.924554
890, -0.027054, 0.052380, 1.286219,0.038009, -0.049525, -0.375810, 0.924591
891, -0.026650, 0.052456, 1.285948,0.039105, -0.050928, -0.375279, 0.924685
892, -0.026415, 0.052458, 1.285807,0.039632, -0.051607, -0.374973, 0.924749
893, -0.026302, 0.052482, 1.285622,0.040268, -0.051816, -0.374781, 0.924788
894, -0.026330, 0.052506, 1.285493,0.040458, -0.051527, -0.374827, 0.924777
895, -0.026390, 0.052524, 1.285368,0.040856, -0.051136, -0.374831, 0.924780
896, -0.026493, 0.052524, 1.285208,0.040949, -0.050714, -0.374859, 0.924788
897, -0.026461, 0.052515, 1.284999,0.041381, -0.050623, -0.374786, 0.924803
898, -0.026332, 0.052564, 1.284834,0.042063, -0.050900, -0.374652, 0.924811
899, -0.026121, 0.052629, 1.284647,0.042853, -0.051471, -0.374442, 0.924828
900, -0.025780, 0.052691, 1.284419,0.043876, -0.052488, -0.373969, 0.924915
901, -0.025477, 0.052725, 1.284206,0.044480, -0.053527, -0.373544, 0.924998
902, -0.025296, 0.052747, 1.284021,0.044932, -0.053836, -0.373326, 0.925046
903, -0.025221, 0.052758, 1.283887,0.045394, -0.054067, -0.373154, 0.925080
904, -0.025188, 0.052779, 1.283757,0.045852, -0.053979, -0.373051, 0.925104
905, -0.025207, 0.052828, 1.283572,0.046467, -0.053563, -0.373057, 0.925095
906, -0.025210, 0.052833, 1.283409,0.046743, -0.053258, -0.373077, 0.925091
907, -0.025170, 0.052856, 1.283260,0.047125, -0.053377, -0.372954, 0.925114
908, -0.025095, 0.052884, 1.283130,0.047722, -0.053582, -0.372892, 0.925096
909, -0.024879, 0.052921, 1.282952,0.048198, -0.054168, -0.372572, 0.925166
910, -0.024551, 0.052972, 1.282681,0.049309, -0.055049, -0.372028, 0.925275
911, -0.024361, 0.052997, 1.282499,0.050028, -0.055766, -0.371737, 0.925310
912, -0.024220, 0.053053, 1.282325,0.050667, -0.056371, -0.371533, 0.925321
913, -0.024093, 0.053069, 1.282148,0.050919, -0.056545, -0.371370, 0.925362
914, -0.023946, 0.053086, 1.281966,0.051332, -0.056473, -0.371054, 0.925470
915, -0.023940, 0.053107, 1.281820,0.051879, -0.056246, -0.370983, 0.925482
916, -0.023988, 0.053134, 1.281663,0.052074, -0.055973, -0.371007, 0.925478
917, -0.023970, 0.053143, 1.281516,0.052322, -0.055834, -0.370976, 0.925484
918, -0.023889, 0.053152, 1.281373,0.052716, -0.055829, -0.370810, 0.925529
919, -0.023790, 0.053186, 1.281241,0.053367, -0.056082, -0.370664, 0.925535
920, -0.023557, 0.053236, 1.281049,0.054087, -0.056497, -0.370333, 0.925600
921, -0.023299, 0.053277, 1.280879,0.054799, -0.057276, -0.369869, 0.925696
922, -0.023038, 0.053298, 1.280699,0.055530, -0.058009, -0.369449, 0.925775
923, -0.022875, 0.053326, 1.280517,0.056081, -0.058691, -0.369161, 0.925813
924, -0.022764, 0.053368, 1.280347,0.056748, -0.058593, -0.369008, 0.925840
925, -0.022682, 0.053385, 1.280211,0.057117, -0.058664, -0.368807, 0.925893
926, -0.022547, 0.053406, 1.280014,0.057786, -0.058681, -0.368504, 0.925971
927, -0.022531, 0.053440, 1.279873,0.058095, -0.058491, -0.368505, 0.925963
928, -0.022442, 0.053476, 1.279688,0.058808, -0.058822, -0.368345, 0.925961
929, -0.022282, 0.053507, 1.279551,0.059474, -0.059150, -0.368033, 0.926021
930, -0.022079, 0.053545, 1.279338,0.060182, -0.059548, -0.367781, 0.926051
931, -0.021938, 0.053600, 1.279188,0.060801, -0.059706, -0.367569, 0.926084
932, -0.021736, 0.053638, 1.278962,0.061283, -0.060235, -0.367267, 0.926138
933, -0.021586, 0.053665, 1.278832,0.061860, -0.060827, -0.366966, 0.926180
934, -0.021450, 0.053706, 1.278650,0.062556, -0.061025, -0.366751, 0.926206
935, -0.021312, 0.053744, 1.278477,0.063264, -0.061352, -0.366520, 0.926227
936, -0.021152, 0.053765, 1.278301,0.063841, -0.061470, -0.366242, 0.926290
937, -0.021067, 0.053806, 1.278116,0.064326, -0.061711, -0.366060, 0.926312
938, -0.020902, 0.053836, 1.277954,0.065150, -0.062050, -0.365687, 0.926379
939, -0.020731, 0.053866, 1.277788,0.065584, -0.062428, -0.365412, 0.926432
940, -0.020598, 0.053916, 1.277604,0.066235, -0.062782, -0.365243, 0.926428
941, -0.020408, 0.053954, 1.277399,0.067037, -0.063427, -0.364847, 0.926482
942, -0.020141, 0.053980, 1.277226,0.067695, -0.063865, -0.364401, 0.926580
943, -0.019998, 0.054035, 1.277027,0.068351, -0.064210, -0.364243, 0.926570
944, -0.019892, 0.054102, 1.276812,0.069140, -0.064448, -0.364097, 0.926553
945, -0.019815, 0.054161, 1.276620,0.069879, -0.064422, -0.364022, 0.926528
946, -0.019561, 0.054270, 1.276203,0.071371, -0.064993, -0.363710, 0.926497
947, -0.019394, 0.054359, 1.275901,0.072212, -0.065190, -0.363552, 0.926480
948, -0.019279, 0.054422, 1.275719,0.073016, -0.065479, -0.363455, 0.926435
949, -0.019204, 0.054487, 1.275552,0.073588, -0.065657, -0.363422, 0.926390
950, -0.019125, 0.054557, 1.275354,0.074243, -0.066012, -0.363420, 0.926313
951, -0.019013, 0.054622, 1.275154,0.075006, -0.066063, -0.363323, 0.926286
952, -0.018911, 0.054685, 1.274957,0.075608, -0.066393, -0.363209, 0.926258
953, -0.018845, 0.054746, 1.274768,0.076190, -0.066509, -0.363216, 0.926200
954, -0.018768, 0.054795, 1.274582,0.076942, -0.066878, -0.363112, 0.926152
955, -0.018698, 0.054852, 1.274438,0.077570, -0.066864, -0.363044, 0.926127
956, -0.018579, 0.054926, 1.274211,0.078217, -0.067362, -0.362927, 0.926082
957, -0.018484, 0.054985, 1.274042,0.078813, -0.067122, -0.362827, 0.926088
958, -0.018399, 0.055062, 1.273855,0.079530, -0.067525, -0.362756, 0.926026
959, -0.018311, 0.055120, 1.273662,0.080157, -0.067820, -0.362685, 0.925978
960, -0.018169, 0.055184, 1.273486,0.080810, -0.068113, -0.362532, 0.925960
961, -0.018072, 0.055242, 1.273304,0.081457, -0.068268, -0.362431, 0.925931
962, -0.017991, 0.055305, 1.273107,0.082193, -0.068408, -0.362349, 0.925888
963, -0.017900, 0.055353, 1.272945,0.082779, -0.068543, -0.362250, 0.925864
964, -0.017798, 0.055419, 1.272746,0.083388, -0.068946, -0.362080, 0.925846
965, -0.017700, 0.055471, 1.272575,0.083888, -0.069001, -0.362016, 0.925822
966, -0.017579, 0.055554, 1.272369,0.084855, -0.069452, -0.361835, 0.925771
967, -0.017451, 0.055611, 1.272232,0.085456, -0.069420, -0.361717, 0.925764
968, -0.017271, 0.055667, 1.272030,0.086255, -0.069712, -0.361472, 0.925764
969, -0.017123, 0.055717, 1.271862,0.087098, -0.070465, -0.361172, 0.925745
970, -0.017009, 0.055802, 1.271640,0.087811, -0.070650, -0.361044, 0.925713
971, -0.016899, 0.055854, 1.271484,0.088406, -0.071004, -0.360853, 0.925704
972, -0.016745, 0.055907, 1.271294,0.089065, -0.070839, -0.360660, 0.925729
973, -0.016635, 0.055975, 1.271103,0.089749, -0.071186, -0.360515, 0.925692
974, -0.016495, 0.056041, 1.270929,0.090627, -0.071532, -0.360297, 0.925665
975, -0.016374, 0.056083, 1.270756,0.091094, -0.071882, -0.360054, 0.925687
976, -0.016236, 0.056160, 1.270562,0.092049, -0.071803, -0.359892, 0.925661
977, -0.016093, 0.056209, 1.270395,0.092647, -0.072077, -0.359644, 0.925677
978, -0.015993, 0.056285, 1.270200,0.093378, -0.072109, -0.359550, 0.925637
979, -0.015893, 0.056348, 1.270027,0.094166, -0.072407, -0.359434, 0.925579
980, -0.015727, 0.056419, 1.269805,0.094875, -0.072618, -0.359206, 0.925579
981, -0.015582, 0.056479, 1.269618,0.095409, -0.072867, -0.359013, 0.925579
982, -0.015484, 0.056529, 1.269448,0.096045, -0.072884, -0.358891, 0.925559
983, -0.015400, 0.056625, 1.269265,0.096945, -0.073165, -0.358802, 0.925478
984, -0.015314, 0.056687, 1.269098,0.097335, -0.073427, -0.358747, 0.925438
985, -0.015192, 0.056761, 1.268890,0.098142, -0.073760, -0.358600, 0.925383
986, -0.015094, 0.056825, 1.268729,0.098589, -0.074051, -0.358497, 0.925352
987, -0.015006, 0.056893, 1.268541,0.099308, -0.074177, -0.358446, 0.925285
988, -0.014909, 0.056974, 1.268350,0.099910, -0.074456, -0.358382, 0.925222
989, -0.014825, 0.057050, 1.268155,0.100631, -0.074710, -0.358299, 0.925156
990, -0.014771, 0.057107, 1.267988,0.101265, -0.074728, -0.358252, 0.925103
991, -0.014660, 0.057184, 1.267797,0.101838, -0.075115, -0.358124, 0.925059
992, -0.014560, 0.057243, 1.267626,0.102244, -0.075067, -0.358047, 0.925048
993, -0.014449, 0.057323, 1.267432,0.103090, -0.075595, -0.357924, 0.924959
994, -0.014370, 0.057390, 1.267249,0.103768, -0.075664, -0.357845, 0.924908
995, -0.014279, 0.057458, 1.267072,0.104251, -0.075854, -0.357767, 0.924868
996, -0.014204, 0.057526, 1.266918,0.104906, -0.075934, -0.357728, 0.924802
997, -0.014090, 0.057611, 1.266701,0.105694, -0.076399, -0.357645, 0.924706
998, -0.014026, 0.057685, 1.266536,0.106185, -0.076583, -0.357591, 0.924656
999, -0.013955, 0.057745, 1.266353,0.106958, -0.076579, -0.357539, 0.924587
1000, -0.013846, 0.057813, 1.266200,0.107443, -0.077222, -0.357414, 0.924526
