0, 0.152346, 0.000161, -0.369897,-0.002369, -0.062453, 0.000144, 0.998045
1, 0.152352, 0.000033, -0.369971,0.002939, -0.058661, 0.000683, 0.998273
2, 0.151752, 0.000818, -0.369467,0.007738, -0.046338, -0.000416, 0.998896
3, 0.149888, 0.002326, -0.368519,0.014700, -0.031803, 0.000293, 0.999386
4, 0.117243, -0.005335, -0.356457,0.043000, 0.178904, 0.007552, 0.982897
5, 0.116646, -0.006073, -0.356491,0.041506, 0.180004, 0.007252, 0.982763
6, 0.116087, -0.006830, -0.356550,0.040011, 0.180930, 0.006955, 0.982657
7, 0.115564, -0.007603, -0.356632,0.038473, 0.181647, 0.006627, 0.982589
8, 0.114628, -0.009192, -0.356862,0.035147, 0.182368, 0.005972, 0.982584
9, 0.113846, -0.010822, -0.357178,0.032370, 0.182255, 0.005530, 0.982703
10, 0.113218, -0.012490, -0.357553,0.030782, 0.181446, 0.005020, 0.982906
11, 0.112755, -0.014184, -0.357987,0.028545, 0.179838, 0.004662, 0.983271
12, 0.112440, -0.015925, -0.358449,0.025763, 0.177700, 0.004245, 0.983738
13, 0.112272, -0.017738, -0.358899,0.023294, 0.175271, 0.003604, 0.984238
14, 0.112243, -0.018675, -0.359109,0.022266, 0.173847, 0.003196, 0.984516
15, 0.112256, -0.019631, -0.359345,0.021234, 0.172340, 0.002941, 0.984804
16, 0.112300, -0.020606, -0.359564,0.020219, 0.170522, 0.002598, 0.985143
17, 0.112383, -0.021604, -0.359803,0.019113, 0.168500, 0.002435, 0.985513
18, 0.112504, -0.022626, -0.360056,0.017962, 0.166298, 0.002308, 0.985909
19, 0.112669, -0.023665, -0.360356,0.016774, 0.164169, 0.002402, 0.986287
20, 0.112865, -0.024718, -0.360655,0.015768, 0.162069, 0.002376, 0.986651
21, 0.113356, -0.026867, -0.361300,0.014266, 0.158436, 0.002178, 0.987264
22, 0.113646, -0.027952, -0.361656,0.013592, 0.156963, 0.002052, 0.987509
23, 0.113958, -0.029032, -0.362023,0.012908, 0.155654, 0.001891, 0.987726
24, 0.114626, -0.031154, -0.362760,0.011584, 0.153188, 0.001463, 0.988128
25, 0.114988, -0.032198, -0.363158,0.010927, 0.152010, 0.001340, 0.988318
26, 0.115360, -0.033220, -0.363558,0.010335, 0.150747, 0.001203, 0.988518
27, 0.115749, -0.034223, -0.363983,0.009831, 0.149449, 0.001104, 0.988720
28, 0.116150, -0.035209, -0.364422,0.009418, 0.148061, 0.000973, 0.988933
29, 0.116574, -0.036178, -0.364900,0.008977, 0.146663, 0.000935, 0.989145
30, 0.117015, -0.037131, -0.365406,0.008480, 0.145250, 0.000924, 0.989358
31, 0.117472, -0.038070, -0.365939,0.007927, 0.143850, 0.000928, 0.989567
32, 0.117945, -0.039001, -0.366484,0.007389, 0.142432, 0.000827, 0.989777
33, 0.118440, -0.039933, -0.367060,0.006867, 0.141066, 0.000696, 0.989976
34, 0.118952, -0.040864, -0.367653,0.006394, 0.139712, 0.000557, 0.990171
35, 0.119479, -0.041794, -0.368256,0.005997, 0.138310, 0.000428, 0.990371
36, 0.120020, -0.042727, -0.368870,0.005697, 0.136811, 0.000311, 0.990581
37, 0.120583, -0.043669, -0.369519,0.005446, 0.135310, 0.000311, 0.990788
38, 0.121161, -0.044615, -0.370180,0.005253, 0.133785, 0.000388, 0.990996
39, 0.121742, -0.045562, -0.370813,0.005153, 0.132118, 0.000406, 0.991221
40, 0.122341, -0.046520, -0.371459,0.005059, 0.130484, 0.000445, 0.991437
41, 0.122952, -0.047485, -0.372102,0.004989, 0.128865, 0.000446, 0.991649
42, 0.123580, -0.048457, -0.372763,0.004942, 0.127392, 0.000519, 0.991840
43, 0.124208, -0.049429, -0.373392,0.005067, 0.125878, 0.000467, 0.992033
44, 0.124851, -0.050403, -0.374033,0.005275, 0.124456, 0.000445, 0.992211
45, 0.125503, -0.051379, -0.374678,0.005581, 0.123035, 0.000391, 0.992387
46, 0.126175, -0.052350, -0.375350,0.005916, 0.121728, 0.000472, 0.992546
47, 0.126846, -0.053306, -0.376010,0.006370, 0.120382, 0.000562, 0.992707
48, 0.127526, -0.054247, -0.376688,0.006907, 0.119116, 0.000706, 0.992856
49, 0.128890, -0.056069, -0.378046,0.008183, 0.116766, 0.000951, 0.993125
50, 0.129568, -0.056944, -0.378718,0.008902, 0.115652, 0.000994, 0.993249
51, 0.130244, -0.057788, -0.379399,0.009722, 0.114625, 0.001020, 0.993361
52, 0.131570, -0.059359, -0.380744,0.011920, 0.112576, 0.001085, 0.993571
53, 0.132852, -0.060765, -0.382095,0.014875, 0.110101, 0.001206, 0.993808
54, 0.134076, -0.061981, -0.383463,0.018426, 0.107032, 0.001616, 0.994084
55, 0.135229, -0.063011, -0.384820,0.022369, 0.103285, 0.002031, 0.994398
56, 0.136317, -0.063883, -0.386152,0.026563, 0.099458, 0.002557, 0.994684
57, 0.137321, -0.064640, -0.387388,0.030877, 0.095742, 0.003014, 0.994923
58, 0.138230, -0.065330, -0.388482,0.035398, 0.092313, 0.003314, 0.995095
59, 0.139038, -0.065955, -0.389456,0.040627, 0.089172, 0.003523, 0.995181
60, 0.140382, -0.066901, -0.391251,0.053859, 0.082266, 0.004108, 0.995146
61, 0.140940, -0.067080, -0.392121,0.061799, 0.078660, 0.004742, 0.994973
62, 0.141420, -0.066955, -0.392917,0.070186, 0.075356, 0.005077, 0.994671
63, 0.141834, -0.066468, -0.393606,0.078448, 0.072123, 0.005148, 0.994293
64, 0.142196, -0.065610, -0.394163,0.086692, 0.068673, 0.005438, 0.993851
65, 0.142351, -0.065060, -0.394362,0.090970, 0.066798, 0.005658, 0.993595
66, 0.142485, -0.064442, -0.394495,0.095403, 0.064803, 0.005838, 0.993310
67, 0.142601, -0.063754, -0.394572,0.099880, 0.062861, 0.006093, 0.992993
68, 0.142767, -0.062248, -0.394520,0.108889, 0.059027, 0.006411, 0.992279
69, 0.142842, -0.060628, -0.394207,0.117631, 0.055302, 0.006462, 0.991495
70, 0.142816, -0.058939, -0.393666,0.126156, 0.051708, 0.006506, 0.990640
71, 0.142742, -0.058114, -0.393299,0.130607, 0.049648, 0.006248, 0.990171
72, 0.142639, -0.057267, -0.392889,0.134965, 0.047638, 0.006298, 0.989685
73, 0.142502, -0.056435, -0.392431,0.139533, 0.045523, 0.006205, 0.989151
74, 0.142137, -0.054759, -0.391375,0.148604, 0.041437, 0.006232, 0.988009
75, 0.141904, -0.053922, -0.390757,0.153034, 0.039445, 0.006192, 0.987414
76, 0.141637, -0.053098, -0.390081,0.157498, 0.037458, 0.005945, 0.986791
77, 0.141344, -0.052261, -0.389357,0.161790, 0.035638, 0.005896, 0.986164
78, 0.141015, -0.051455, -0.388587,0.166273, 0.033743, 0.005561, 0.985487
79, 0.140654, -0.050641, -0.387761,0.170686, 0.031904, 0.005414, 0.984794
80, 0.140257, -0.049844, -0.386891,0.175265, 0.030003, 0.005157, 0.984051
81, 0.139829, -0.049032, -0.385980,0.179765, 0.028183, 0.005138, 0.983292
82, 0.139366, -0.048242, -0.385052,0.184358, 0.026313, 0.004946, 0.982494
83, 0.138861, -0.047467, -0.384088,0.188934, 0.024382, 0.004674, 0.981676
84, 0.138308, -0.046697, -0.383079,0.193390, 0.022416, 0.004429, 0.980856
85, 0.137714, -0.045919, -0.382050,0.197501, 0.020510, 0.004378, 0.980078
86, 0.137074, -0.045163, -0.381035,0.201317, 0.018565, 0.004152, 0.979341
87, 0.136384, -0.044422, -0.380021,0.204617, 0.016588, 0.003898, 0.978694
88, 0.135636, -0.043695, -0.379002,0.207352, 0.014613, 0.003651, 0.978151
89, 0.134831, -0.042997, -0.377996,0.209678, 0.012659, 0.003300, 0.977683
90, 0.133972, -0.042332, -0.377018,0.211662, 0.010778, 0.002955, 0.977279
91, 0.133050, -0.041708, -0.376069,0.213459, 0.008976, 0.002574, 0.976907
92, 0.132065, -0.041120, -0.375146,0.215055, 0.007273, 0.002322, 0.976572
93, 0.131016, -0.040584, -0.374269,0.216569, 0.005688, 0.002059, 0.976249
94, 0.129905, -0.040104, -0.373439,0.217974, 0.004223, 0.001785, 0.975944
95, 0.128727, -0.039677, -0.372647,0.219236, 0.002876, 0.001483, 0.975667
96, 0.127481, -0.039287, -0.371883,0.220258, 0.001684, 0.001286, 0.975439
97, 0.126171, -0.038942, -0.371155,0.221140, 0.000672, 0.001068, 0.975241
98, 0.124796, -0.038642, -0.370457,0.221917, -0.000179, 0.000827, 0.975065
99, 0.123358, -0.038386, -0.369779,0.222562, -0.000879, 0.000596, 0.974918
100, 0.121856, -0.038176, -0.369114,0.223047, -0.001526, 0.000387, 0.974806
101, 0.120311, -0.038015, -0.368490,0.223429, -0.002065, 0.000134, 0.974718
102, 0.118716, -0.037895, -0.367885,0.223653, -0.002568, -0.000008, 0.974665
103, 0.117080, -0.037822, -0.367312,0.223833, -0.003014, -0.000145, 0.974623
104, 0.115406, -0.037801, -0.366763,0.224026, -0.003441, -0.000283, 0.974577
105, 0.113718, -0.037830, -0.366256,0.224289, -0.003748, -0.000467, 0.974515
106, 0.112009, -0.037899, -0.365765,0.224562, -0.003977, -0.000564, 0.974452
107, 0.110291, -0.038006, -0.365298,0.224887, -0.004114, -0.000675, 0.974376
108, 0.108564, -0.038143, -0.364839,0.225221, -0.004197, -0.000758, 0.974298
109, 0.106852, -0.038302, -0.364408,0.225564, -0.004147, -0.000843, 0.974219
110, 0.105143, -0.038479, -0.363979,0.225899, -0.004056, -0.000885, 0.974142
111, 0.103450, -0.038673, -0.363556,0.226258, -0.003915, -0.000945, 0.974059
112, 0.101772, -0.038874, -0.363131,0.226601, -0.003758, -0.000969, 0.973980
113, 0.100135, -0.039079, -0.362729,0.226935, -0.003518, -0.001003, 0.973903
114, 0.098522, -0.039283, -0.362320,0.227217, -0.003299, -0.000983, 0.973838
115, 0.096940, -0.039484, -0.361913,0.227451, -0.003095, -0.000948, 0.973784
116, 0.095388, -0.039683, -0.361501,0.227631, -0.002932, -0.000909, 0.973743
117, 0.093889, -0.039873, -0.361113,0.227741, -0.002696, -0.000855, 0.973718
118, 0.092423, -0.040059, -0.360719,0.227778, -0.002467, -0.000768, 0.973710
119, 0.091004, -0.040239, -0.360341,0.227743, -0.002190, -0.000672, 0.973719
120, 0.089599, -0.040429, -0.359943,0.227695, -0.002005, -0.000607, 0.973730
121, 0.088234, -0.040621, -0.359555,0.227628, -0.001797, -0.000582, 0.973746
122, 0.086887, -0.040824, -0.359159,0.227605, -0.001663, -0.000598, 0.973752
123, 0.085563, -0.041035, -0.358762,0.227638, -0.001567, -0.000602, 0.973744
124, 0.084255, -0.041255, -0.358359,0.227752, -0.001547, -0.000575, 0.973718
125, 0.082977, -0.041482, -0.357968,0.227919, -0.001534, -0.000561, 0.973679
126, 0.081738, -0.041681, -0.357564,0.227927, -0.001502, -0.000650, 0.973677
127, 0.079705, -0.041789, -0.356675,0.226928, -0.000205, -0.001398, 0.973910
128, 0.078987, -0.041670, -0.356161,0.226247, 0.000920, -0.001902, 0.974068
129, 0.078475, -0.041458, -0.355605,0.225810, 0.001914, -0.002249, 0.974167
130, 0.078160, -0.041174, -0.355031,0.225757, 0.002474, -0.002305, 0.974178
131, 0.077992, -0.040858, -0.354427,0.226065, 0.002240, -0.001972, 0.974108
132, 0.077930, -0.040553, -0.353808,0.226554, 0.001153, -0.001375, 0.973997
133, 0.077927, -0.040304, -0.353182,0.226949, -0.000670, -0.000676, 0.973906
134, 0.077951, -0.040145, -0.352571,0.227026, -0.002889, -0.000143, 0.973884
135, 0.077968, -0.040105, -0.351984,0.226643, -0.005173, 0.000166, 0.973964
136, 0.077964, -0.040191, -0.351445,0.225818, -0.007139, 0.000146, 0.974143
137, 0.077878, -0.040745, -0.350578,0.223406, -0.009534, -0.000850, 0.974678
138, 0.077711, -0.041693, -0.350024,0.220667, -0.010753, -0.002517, 0.975287
139, 0.077540, -0.042815, -0.349787,0.217635, -0.012989, -0.003960, 0.975936
140, 0.077467, -0.043399, -0.349740,0.216094, -0.015088, -0.004644, 0.976245
141, 0.077425, -0.043988, -0.349747,0.214535, -0.017914, -0.005315, 0.976538
142, 0.077506, -0.045085, -0.349921,0.211204, -0.024892, -0.006399, 0.977104
143, 0.077615, -0.045601, -0.350049,0.209698, -0.028854, -0.007010, 0.977315
144, 0.077767, -0.046109, -0.350205,0.208369, -0.032981, -0.007815, 0.977463
145, 0.077993, -0.046591, -0.350434,0.206959, -0.037089, -0.008455, 0.977610
146, 0.078242, -0.047064, -0.350685,0.205604, -0.041299, -0.009275, 0.977719
147, 0.078527, -0.047523, -0.350975,0.204138, -0.045557, -0.009921, 0.977831
148, 0.078824, -0.047989, -0.351280,0.202669, -0.049881, -0.010652, 0.977918
149, 0.079148, -0.048467, -0.351616,0.201123, -0.054138, -0.011245, 0.978004
150, 0.079474, -0.048960, -0.351920,0.199646, -0.058307, -0.012028, 0.978058
151, 0.079809, -0.049475, -0.352177,0.198239, -0.062395, -0.012897, 0.978081
152, 0.080621, -0.050547, -0.352593,0.195170, -0.070164, -0.014639, 0.978147
153, 0.081072, -0.051098, -0.352696,0.193525, -0.074134, -0.015543, 0.978167
154, 0.082095, -0.052220, -0.352733,0.190007, -0.082642, -0.016990, 0.978151
155, 0.083196, -0.053355, -0.352513,0.186507, -0.091988, -0.018125, 0.977970
156, 0.084308, -0.054481, -0.352043,0.183023, -0.101749, -0.019259, 0.977639
157, 0.085410, -0.055570, -0.351424,0.179212, -0.111344, -0.020475, 0.977275
158, 0.086408, -0.056609, -0.350685,0.175360, -0.120866, -0.021831, 0.976813
159, 0.087282, -0.057589, -0.349908,0.171668, -0.130325, -0.023037, 0.976225
160, 0.087981, -0.058506, -0.349038,0.168297, -0.139795, -0.024140, 0.975475
161, 0.088484, -0.059354, -0.348079,0.165092, -0.149264, -0.025279, 0.974590
162, 0.088827, -0.060128, -0.347044,0.161676, -0.158676, -0.026353, 0.973647
163, 0.088958, -0.060487, -0.346504,0.159838, -0.163311, -0.026873, 0.973170
164, 0.089129, -0.061164, -0.345355,0.156189, -0.172422, -0.027816, 0.972164
165, 0.089188, -0.061498, -0.344740,0.154448, -0.176876, -0.028243, 0.971629
166, 0.089275, -0.062140, -0.343458,0.150840, -0.185615, -0.029002, 0.970543
167, 0.089333, -0.062758, -0.342085,0.146940, -0.194323, -0.029601, 0.969418
168, 0.089348, -0.063063, -0.341376,0.144991, -0.198694, -0.029958, 0.968814
169, 0.089356, -0.063652, -0.339913,0.141106, -0.207540, -0.030560, 0.967514
170, 0.089343, -0.063942, -0.339167,0.139292, -0.211989, -0.030794, 0.966804
171, 0.089318, -0.064230, -0.338423,0.137641, -0.216427, -0.031031, 0.966049
172, 0.089246, -0.064531, -0.337672,0.136317, -0.220963, -0.031360, 0.965199
173, 0.089159, -0.064818, -0.336928,0.135020, -0.225488, -0.031661, 0.964325
174, 0.089067, -0.065080, -0.336216,0.133766, -0.229910, -0.032043, 0.963443
175, 0.088925, -0.065327, -0.335510,0.132876, -0.234356, -0.032638, 0.962474
176, 0.088764, -0.065546, -0.334811,0.132184, -0.238661, -0.033150, 0.961493
177, 0.088559, -0.065752, -0.334119,0.131999, -0.242929, -0.033850, 0.960425
178, 0.088341, -0.065908, -0.333449,0.131791, -0.246973, -0.034204, 0.959409
179, 0.088063, -0.066043, -0.332801,0.131992, -0.251090, -0.034806, 0.958290
180, 0.087744, -0.066144, -0.332169,0.132200, -0.255117, -0.035242, 0.957182
181, 0.087360, -0.066233, -0.331552,0.132617, -0.259137, -0.035821, 0.956022
182, 0.086945, -0.066284, -0.330956,0.132778, -0.262936, -0.036212, 0.954947
183, 0.086448, -0.066338, -0.330375,0.133181, -0.266756, -0.036920, 0.953803
184, 0.085902, -0.066372, -0.329801,0.133409, -0.270395, -0.037504, 0.952724
185, 0.085281, -0.066414, -0.329229,0.133870, -0.274008, -0.038346, 0.951592
186, 0.084625, -0.066438, -0.328673,0.134114, -0.277427, -0.038950, 0.950542
187, 0.083895, -0.066464, -0.328138,0.134661, -0.280954, -0.039860, 0.949390
188, 0.083126, -0.066471, -0.327624,0.135125, -0.284412, -0.040582, 0.948264
189, 0.082307, -0.066474, -0.327136,0.135800, -0.287918, -0.041401, 0.947073
190, 0.081474, -0.066455, -0.326682,0.136396, -0.291354, -0.042090, 0.945905
191, 0.080640, -0.066424, -0.326274,0.137019, -0.294685, -0.042776, 0.944752
192, 0.079830, -0.066378, -0.325918,0.137594, -0.297795, -0.043377, 0.943665
193, 0.079057, -0.066321, -0.325611,0.138189, -0.300533, -0.043924, 0.942685
194, 0.078324, -0.066268, -0.325348,0.138913, -0.302799, -0.044400, 0.941830
195, 0.077652, -0.066216, -0.325137,0.139675, -0.304473, -0.044759, 0.941161
196, 0.076542, -0.066154, -0.324914,0.141068, -0.305718, -0.044918, 0.940542
197, 0.075731, -0.066181, -0.324965,0.142037, -0.304467, -0.045033, 0.940796
198, 0.075302, -0.066317, -0.325275,0.142501, -0.300859, -0.045048, 0.941885
199, 0.075213, -0.066431, -0.325502,0.142692, -0.298452, -0.044877, 0.942630
200, 0.075207, -0.066574, -0.325769,0.142777, -0.295814, -0.044505, 0.943466
201, 0.075300, -0.066739, -0.326079,0.142593, -0.292956, -0.043884, 0.944414
202, 0.075448, -0.066952, -0.326422,0.142498, -0.290118, -0.043340, 0.945329
203, 0.075659, -0.067180, -0.326799,0.142143, -0.287252, -0.042699, 0.946287
204, 0.075933, -0.067421, -0.327207,0.141619, -0.284367, -0.042132, 0.947262
205, 0.076280, -0.067679, -0.327650,0.140931, -0.281388, -0.041508, 0.948281
206, 0.076676, -0.067957, -0.328118,0.140309, -0.278406, -0.040978, 0.949276
207, 0.077133, -0.068236, -0.328596,0.139600, -0.275362, -0.040394, 0.950293
208, 0.077645, -0.068525, -0.329082,0.138854, -0.272280, -0.039736, 0.951317
209, 0.078230, -0.068801, -0.329580,0.137814, -0.269108, -0.038846, 0.952407
210, 0.078854, -0.069092, -0.330077,0.136865, -0.266063, -0.038127, 0.953428
211, 0.079513, -0.069387, -0.330562,0.135749, -0.263062, -0.037276, 0.954453
212, 0.080211, -0.069676, -0.331043,0.134445, -0.260122, -0.036409, 0.955477
213, 0.080955, -0.069954, -0.331529,0.132900, -0.257161, -0.035477, 0.956529
214, 0.081697, -0.070261, -0.332013,0.131599, -0.254383, -0.034766, 0.957477
215, 0.082500, -0.070523, -0.332510,0.129681, -0.251313, -0.033528, 0.958593
216, 0.083306, -0.070816, -0.333036,0.128172, -0.248411, -0.032789, 0.959577
217, 0.084105, -0.071116, -0.333568,0.126676, -0.245555, -0.032002, 0.960537
218, 0.084953, -0.071370, -0.334137,0.124596, -0.242371, -0.030775, 0.961657
219, 0.085759, -0.071667, -0.334724,0.123177, -0.239555, -0.030330, 0.962560
220, 0.086570, -0.071925, -0.335315,0.121264, -0.236515, -0.029315, 0.963585
221, 0.087411, -0.072154, -0.335953,0.119066, -0.233259, -0.028143, 0.964687
222, 0.088216, -0.072409, -0.336614,0.117324, -0.230250, -0.027518, 0.965641
223, 0.089813, -0.072866, -0.337968,0.113189, -0.223821, -0.025610, 0.967696
224, 0.090636, -0.073066, -0.338679,0.110736, -0.220383, -0.024529, 0.968797
225, 0.091430, -0.073308, -0.339404,0.108657, -0.217197, -0.023906, 0.969767
226, 0.092242, -0.073508, -0.340136,0.106019, -0.213817, -0.022863, 0.970834
227, 0.093052, -0.073720, -0.340881,0.103578, -0.210579, -0.022180, 0.971821
228, 0.093873, -0.073917, -0.341637,0.100905, -0.207223, -0.021156, 0.972846
229, 0.094692, -0.074118, -0.342399,0.098391, -0.203946, -0.020287, 0.973814
230, 0.095507, -0.074314, -0.343151,0.095919, -0.200686, -0.019433, 0.974755
231, 0.096318, -0.074514, -0.343906,0.093433, -0.197412, -0.018499, 0.975683
232, 0.097146, -0.074692, -0.344670,0.090681, -0.194034, -0.017456, 0.976639
233, 0.097966, -0.074873, -0.345436,0.088004, -0.190759, -0.016719, 0.977541
234, 0.098774, -0.075047, -0.346198,0.085199, -0.187441, -0.015863, 0.978445
235, 0.099574, -0.075209, -0.346957,0.082340, -0.184114, -0.015043, 0.979334
236, 0.100376, -0.075351, -0.347725,0.079342, -0.180705, -0.014172, 0.980229
237, 0.101158, -0.075508, -0.348503,0.076505, -0.177382, -0.013416, 0.981072
238, 0.101930, -0.075652, -0.349279,0.073590, -0.174027, -0.012579, 0.981907
239, 0.102694, -0.075789, -0.350052,0.070685, -0.170661, -0.011831, 0.982720
240, 0.103456, -0.075916, -0.350834,0.067616, -0.167171, -0.010919, 0.983546
241, 0.104204, -0.076048, -0.351621,0.064568, -0.163752, -0.010171, 0.984334
242, 0.104943, -0.076176, -0.352397,0.061416, -0.160321, -0.009463, 0.985107
243, 0.105665, -0.076312, -0.353157,0.058232, -0.156905, -0.008785, 0.985856
244, 0.106375, -0.076447, -0.353903,0.054940, -0.153524, -0.008096, 0.986583
245, 0.107085, -0.076565, -0.354641,0.051408, -0.150083, -0.007328, 0.987309
246, 0.107771, -0.076708, -0.355357,0.048137, -0.146896, -0.006911, 0.987956
247, 0.108460, -0.076819, -0.356062,0.044539, -0.143507, -0.006065, 0.988628
248, 0.109144, -0.076938, -0.356753,0.041123, -0.140201, -0.005461, 0.989254
249, 0.109836, -0.077044, -0.357429,0.037621, -0.136734, -0.004736, 0.989882
250, 0.110506, -0.077177, -0.358066,0.034428, -0.133401, -0.004264, 0.990455
251, 0.111190, -0.077283, -0.358668,0.030919, -0.129764, -0.003459, 0.991057
252, 0.111867, -0.077412, -0.359222,0.027610, -0.126221, -0.003040, 0.991613
253, 0.112533, -0.077547, -0.359721,0.024171, -0.122618, -0.002489, 0.992156
254, 0.113192, -0.077681, -0.360161,0.020590, -0.119036, -0.001981, 0.992674
255, 0.113849, -0.077807, -0.360556,0.016757, -0.115451, -0.001462, 0.993171
256, 0.114482, -0.077955, -0.360896,0.012933, -0.112126, -0.001113, 0.993609
257, 0.115111, -0.078089, -0.361193,0.008758, -0.108849, -0.000578, 0.994020
258, 0.115728, -0.078252, -0.361434,0.004737, -0.106000, -0.000426, 0.994355
259, 0.116351, -0.078402, -0.361647,0.000400, -0.103158, 0.000066, 0.994665
260, 0.116978, -0.078568, -0.361829,-0.003893, -0.100610, 0.000465, 0.994918
261, 0.117619, -0.078727, -0.361984,-0.008376, -0.098108, 0.001046, 0.995140
262, 0.118255, -0.078927, -0.362092,-0.012570, -0.096013, 0.001295, 0.995300
263, 0.118896, -0.079118, -0.362174,-0.017083, -0.093847, 0.001937, 0.995438
264, 0.119541, -0.079331, -0.362213,-0.021561, -0.091925, 0.002352, 0.995530
265, 0.120186, -0.079547, -0.362217,-0.026269, -0.090057, 0.002770, 0.995586
266, 0.121440, -0.080018, -0.362094,-0.035908, -0.086930, 0.003442, 0.995561
267, 0.122056, -0.080256, -0.361975,-0.040776, -0.085613, 0.003643, 0.995487
268, 0.122659, -0.080492, -0.361822,-0.045736, -0.084314, 0.004082, 0.995381
269, 0.123831, -0.080971, -0.361415,-0.055465, -0.082277, 0.004829, 0.995053
270, 0.124909, -0.081532, -0.360916,-0.065094, -0.080707, 0.005932, 0.994592
271, 0.125444, -0.081809, -0.360627,-0.070086, -0.080030, 0.006138, 0.994307
272, 0.129527, -0.083178, -0.358176,-0.110028, -0.071097, 0.008364, 0.991347
273, 0.130823, -0.083372, -0.357504,-0.125045, -0.068285, 0.007811, 0.989768
274, 0.131290, -0.082912, -0.358021,-0.123432, -0.066188, 0.007130, 0.990118
275, 0.131309, -0.082145, -0.359019,-0.117682, -0.064803, 0.007339, 0.990907
276, 0.131212, -0.081658, -0.359669,-0.114635, -0.064200, 0.007548, 0.991302
277, 0.131039, -0.081139, -0.360369,-0.111573, -0.063820, 0.007482, 0.991677
278, 0.130797, -0.080593, -0.361103,-0.108696, -0.063275, 0.007407, 0.992032
279, 0.130473, -0.080100, -0.361816,-0.105456, -0.062929, 0.007035, 0.992406
280, 0.129654, -0.079202, -0.363146,-0.098449, -0.061932, 0.006160, 0.993194
281, 0.129183, -0.078813, -0.363737,-0.094694, -0.061271, 0.005839, 0.993602
282, 0.128686, -0.078488, -0.364249,-0.090649, -0.060918, 0.005292, 0.994004
283, 0.128189, -0.078177, -0.364708,-0.086828, -0.060554, 0.004931, 0.994369
284, 0.127680, -0.077927, -0.365099,-0.082780, -0.060579, 0.004401, 0.994715
285, 0.127204, -0.077656, -0.365445,-0.079052, -0.060525, 0.004165, 0.995023
286, 0.126766, -0.077395, -0.365720,-0.075082, -0.060830, 0.003583, 0.995314
287, 0.126386, -0.077092, -0.365959,-0.071164, -0.061106, 0.003135, 0.995586
288, 0.126063, -0.076764, -0.366164,-0.066951, -0.061627, 0.002656, 0.995848
289, 0.125815, -0.076374, -0.366365,-0.062731, -0.062034, 0.002552, 0.996097
290, 0.125623, -0.075986, -0.366542,-0.057994, -0.062845, 0.002258, 0.996334
291, 0.125488, -0.075570, -0.366726,-0.053275, -0.063693, 0.002331, 0.996544
292, 0.125392, -0.075160, -0.366901,-0.048358, -0.064849, 0.002298, 0.996720
293, 0.125338, -0.074735, -0.367092,-0.043771, -0.065855, 0.002591, 0.996865
294, 0.125286, -0.074392, -0.367261,-0.038908, -0.067313, 0.002450, 0.996970
295, 0.125253, -0.074062, -0.367443,-0.034445, -0.068594, 0.002433, 0.997047
296, 0.125218, -0.073781, -0.367623,-0.029903, -0.069947, 0.002057, 0.997100
297, 0.125179, -0.073514, -0.367815,-0.025531, -0.070979, 0.001891, 0.997149
298, 0.125117, -0.073305, -0.367988,-0.020767, -0.072148, 0.001345, 0.997177
299, 0.125040, -0.073099, -0.368160,-0.016057, -0.073141, 0.000926, 0.997192
300, 0.124931, -0.072911, -0.368317,-0.011163, -0.074287, 0.000384, 0.997174
301, 0.124645, -0.072469, -0.368608,-0.001745, -0.076598, -0.000344, 0.997060
302, 0.124464, -0.072221, -0.368722,0.002628, -0.077699, -0.000429, 0.996973
303, 0.124227, -0.071901, -0.368822,0.007657, -0.079131, -0.001006, 0.996834
304, 0.123964, -0.071541, -0.368891,0.012492, -0.080272, -0.001317, 0.996694
305, 0.123655, -0.071138, -0.368926,0.017498, -0.081325, -0.001638, 0.996533
306, 0.123296, -0.070693, -0.368916,0.022573, -0.082353, -0.002035, 0.996345
307, 0.122900, -0.070249, -0.368858,0.027455, -0.083424, -0.002468, 0.996133
308, 0.122417, -0.069674, -0.368761,0.032374, -0.084644, -0.002972, 0.995881
309, 0.121892, -0.069131, -0.368622,0.037170, -0.086159, -0.003660, 0.995581
310, 0.121312, -0.068548, -0.368450,0.041813, -0.087806, -0.004207, 0.995251
311, 0.120680, -0.067932, -0.368255,0.046444, -0.089481, -0.004526, 0.994895
312, 0.120026, -0.067351, -0.368049,0.051158, -0.091155, -0.004881, 0.994510
313, 0.119262, -0.066699, -0.367810,0.056409, -0.092811, -0.005119, 0.994071
314, 0.118496, -0.066087, -0.367570,0.061457, -0.094213, -0.005487, 0.993638
315, 0.117700, -0.065487, -0.367321,0.066494, -0.095441, -0.006100, 0.993193
316, 0.116885, -0.064869, -0.367062,0.071295, -0.096319, -0.006731, 0.992771
317, 0.116091, -0.064281, -0.366801,0.075885, -0.097011, -0.007527, 0.992358
318, 0.115204, -0.063616, -0.366500,0.080913, -0.097591, -0.008335, 0.991897
319, 0.114354, -0.062980, -0.366210,0.085805, -0.098211, -0.009176, 0.991417
320, 0.113507, -0.062319, -0.365910,0.090669, -0.098752, -0.009759, 0.990925
321, 0.112670, -0.061641, -0.365608,0.095619, -0.099350, -0.010267, 0.990394
322, 0.111849, -0.060934, -0.365297,0.100573, -0.099926, -0.010731, 0.989841
323, 0.111055, -0.060182, -0.364964,0.105541, -0.100451, -0.011375, 0.989263
324, 0.110304, -0.059332, -0.364593,0.110291, -0.100712, -0.012006, 0.988711
325, 0.109607, -0.058385, -0.364188,0.115000, -0.100776, -0.012782, 0.988158
326, 0.108976, -0.057325, -0.363755,0.119688, -0.100667, -0.013586, 0.987601
327, 0.108448, -0.056212, -0.363321,0.124164, -0.100436, -0.014134, 0.987064
328, 0.107949, -0.054846, -0.362819,0.129421, -0.100315, -0.015167, 0.986386
329, 0.107551, -0.053361, -0.362293,0.134174, -0.099947, -0.015324, 0.985786
330, 0.107229, -0.051813, -0.361762,0.139591, -0.099957, -0.015981, 0.985022
331, 0.106972, -0.050097, -0.361175,0.144639, -0.099811, -0.016067, 0.984306
332, 0.106781, -0.048396, -0.360593,0.149715, -0.099946, -0.016570, 0.983525
333, 0.106630, -0.046369, -0.359910,0.154722, -0.099935, -0.016602, 0.982751
334, 0.106536, -0.044437, -0.359257,0.160053, -0.100261, -0.017531, 0.981847
335, 0.106481, -0.042356, -0.358535,0.164720, -0.100388, -0.017843, 0.981056
336, 0.106453, -0.040367, -0.357813,0.169654, -0.100653, -0.018596, 0.980174
337, 0.106456, -0.038084, -0.356967,0.174782, -0.100766, -0.018764, 0.979258
338, 0.106478, -0.035960, -0.356168,0.180186, -0.101325, -0.019591, 0.978204
339, 0.106520, -0.033793, -0.355315,0.185058, -0.101768, -0.019789, 0.977244
340, 0.106555, -0.031692, -0.354439,0.190231, -0.102654, -0.020587, 0.976141
341, 0.106584, -0.029598, -0.353487,0.194940, -0.103461, -0.020883, 0.975120
342, 0.106582, -0.027617, -0.352489,0.199959, -0.104666, -0.021781, 0.973954
343, 0.106566, -0.025703, -0.351429,0.204626, -0.105940, -0.022395, 0.972833
344, 0.106522, -0.023919, -0.350327,0.209384, -0.107484, -0.023295, 0.971629
345, 0.106461, -0.022242, -0.349179,0.213766, -0.109100, -0.023837, 0.970481
346, 0.106361, -0.020757, -0.348015,0.218382, -0.111092, -0.024868, 0.969200
347, 0.106238, -0.019494, -0.346854,0.222482, -0.113129, -0.025668, 0.968011
348, 0.106068, -0.018306, -0.345535,0.226992, -0.115618, -0.026799, 0.966638
349, 0.105888, -0.017350, -0.344262,0.230839, -0.118079, -0.027569, 0.965407
350, 0.105668, -0.016629, -0.343015,0.234827, -0.120825, -0.028811, 0.964068
351, 0.105413, -0.016112, -0.341726,0.238555, -0.123619, -0.029859, 0.962766
352, 0.105121, -0.015825, -0.340494,0.242150, -0.126439, -0.031140, 0.961461
353, 0.104776, -0.015704, -0.339131,0.245660, -0.129468, -0.032119, 0.960134
354, 0.104379, -0.015832, -0.337859,0.249106, -0.132666, -0.033561, 0.958759
355, 0.103935, -0.016147, -0.336597,0.252018, -0.136046, -0.034792, 0.957480
356, 0.103463, -0.016635, -0.335445,0.254505, -0.139519, -0.036140, 0.956272
357, 0.102933, -0.017319, -0.334290,0.256632, -0.143341, -0.037443, 0.955087
358, 0.102297, -0.018252, -0.333133,0.258890, -0.147676, -0.039277, 0.953743
359, 0.101634, -0.019296, -0.332020,0.260651, -0.151901, -0.040700, 0.952539
360, 0.100948, -0.020439, -0.331001,0.262450, -0.155956, -0.042312, 0.951319
361, 0.100168, -0.021816, -0.329894,0.264068, -0.160308, -0.043706, 0.950084
362, 0.099394, -0.023189, -0.328920,0.265735, -0.164310, -0.045347, 0.948857
363, 0.098501, -0.024788, -0.327834,0.267214, -0.168645, -0.046913, 0.947605
364, 0.097629, -0.026317, -0.326864,0.268572, -0.172636, -0.048591, 0.946417
365, 0.096693, -0.027954, -0.325850,0.269572, -0.176771, -0.050062, 0.945292
366, 0.090254, -0.037643, -0.320190,0.275526, -0.201303, -0.059087, 0.938121
367, 0.085489, -0.042649, -0.317022,0.279310, -0.213627, -0.064220, 0.933930
368, 0.084261, -0.043632, -0.316317,0.279983, -0.216346, -0.065261, 0.933030
369, 0.083011, -0.044525, -0.315654,0.280791, -0.219054, -0.066417, 0.932073
370, 0.081746, -0.045324, -0.315005,0.281462, -0.221726, -0.067354, 0.931171
371, 0.080465, -0.046047, -0.314381,0.282121, -0.224397, -0.068309, 0.930262
372, 0.079189, -0.046699, -0.313782,0.282555, -0.227034, -0.069097, 0.929432
373, 0.077902, -0.047310, -0.313215,0.282968, -0.229688, -0.070035, 0.928584
374, 0.076621, -0.047882, -0.312658,0.283060, -0.232321, -0.070794, 0.927843
375, 0.075354, -0.048440, -0.312143,0.283059, -0.234949, -0.071677, 0.927113
376, 0.074045, -0.049029, -0.311612,0.282841, -0.237684, -0.072466, 0.926421
377, 0.072862, -0.049586, -0.311167,0.282743, -0.240127, -0.073269, 0.925758
378, 0.071643, -0.050205, -0.310714,0.282563, -0.242661, -0.073947, 0.925098
379, 0.070445, -0.050875, -0.310292,0.282405, -0.245130, -0.074596, 0.924442
380, 0.069289, -0.051600, -0.309903,0.282106, -0.247521, -0.075127, 0.923854
381, 0.068102, -0.052435, -0.309528,0.281750, -0.249984, -0.075795, 0.923244
382, 0.065999, -0.054188, -0.308896,0.280704, -0.254448, -0.077280, 0.922220
383, 0.065081, -0.055052, -0.308591,0.279456, -0.256560, -0.078422, 0.921917
384, 0.064315, -0.055804, -0.308289,0.277841, -0.258536, -0.079768, 0.921738
385, 0.063732, -0.056421, -0.307977,0.276241, -0.260472, -0.080988, 0.921567
386, 0.063334, -0.056897, -0.307660,0.275064, -0.262469, -0.081850, 0.921277
387, 0.063118, -0.057234, -0.307333,0.274387, -0.264679, -0.082217, 0.920813
388, 0.063059, -0.057468, -0.307004,0.274132, -0.267207, -0.082102, 0.920169
389, 0.063148, -0.057634, -0.306689,0.273911, -0.270058, -0.081681, 0.919440
390, 0.063350, -0.057771, -0.306404,0.273372, -0.273126, -0.081171, 0.918739
391, 0.063628, -0.057916, -0.306154,0.272304, -0.276245, -0.080799, 0.918156
392, 0.063940, -0.058120, -0.305951,0.270810, -0.279222, -0.080623, 0.917713
393, 0.064281, -0.058422, -0.305818,0.269095, -0.281850, -0.080674, 0.917410
394, 0.064632, -0.058831, -0.305765,0.267295, -0.283960, -0.080773, 0.917276
395, 0.064987, -0.059347, -0.305799,0.265560, -0.285545, -0.080873, 0.917279
396, 0.065340, -0.059966, -0.305926,0.263906, -0.286610, -0.080764, 0.917434
397, 0.065698, -0.060681, -0.306159,0.262402, -0.287280, -0.080599, 0.917670
398, 0.066066, -0.061459, -0.306483,0.260782, -0.287595, -0.080274, 0.918062
399, 0.066447, -0.062260, -0.306887,0.258867, -0.287646, -0.079853, 0.918624
400, 0.066861, -0.063046, -0.307365,0.256490, -0.287389, -0.079197, 0.919428
401, 0.067295, -0.063823, -0.307916,0.254146, -0.286947, -0.078696, 0.920260
402, 0.067781, -0.064517, -0.308503,0.251341, -0.286027, -0.077679, 0.921402
403, 0.068288, -0.065176, -0.309139,0.248935, -0.284805, -0.076708, 0.922514
404, 0.068828, -0.065756, -0.309797,0.246531, -0.283164, -0.075393, 0.923773
405, 0.069390, -0.066265, -0.310468,0.244273, -0.281210, -0.074052, 0.925077
406, 0.069972, -0.066697, -0.311140,0.241840, -0.278947, -0.072425, 0.926530
407, 0.070538, -0.067090, -0.311813,0.239558, -0.276672, -0.071027, 0.927911
408, 0.071077, -0.067457, -0.312469,0.237211, -0.274411, -0.069614, 0.929292
409, 0.071597, -0.067785, -0.313108,0.234618, -0.272214, -0.068221, 0.930699
410, 0.072116, -0.068067, -0.313730,0.231633, -0.270035, -0.066704, 0.932190
411, 0.072610, -0.068357, -0.314350,0.228852, -0.268032, -0.065437, 0.933544
412, 0.073096, -0.068629, -0.314951,0.225942, -0.266022, -0.063990, 0.934927
413, 0.073579, -0.068899, -0.315538,0.223114, -0.264000, -0.062564, 0.936274
414, 0.074074, -0.069174, -0.316122,0.220221, -0.261847, -0.060895, 0.937673
415, 0.074570, -0.069484, -0.316714,0.217524, -0.259721, -0.059438, 0.938986
416, 0.075077, -0.069817, -0.317300,0.214731, -0.257531, -0.058050, 0.940319
417, 0.075626, -0.070201, -0.317916,0.211719, -0.255164, -0.056667, 0.941730
418, 0.076166, -0.070563, -0.318476,0.208645, -0.252797, -0.055182, 0.943142
419, 0.076750, -0.070993, -0.319079,0.205657, -0.250418, -0.054048, 0.944497
420, 0.077365, -0.071448, -0.319689,0.202576, -0.248010, -0.052779, 0.945869
421, 0.078027, -0.071921, -0.320314,0.199482, -0.245602, -0.051508, 0.947224
422, 0.078749, -0.072399, -0.320962,0.196290, -0.243162, -0.050121, 0.948594
423, 0.079502, -0.072920, -0.321644,0.193456, -0.240948, -0.049025, 0.949798
424, 0.080327, -0.073398, -0.322337,0.190091, -0.238582, -0.047439, 0.951154
425, 0.081197, -0.073901, -0.323069,0.187066, -0.236361, -0.046262, 0.952365
426, 0.082123, -0.074390, -0.323825,0.183780, -0.234001, -0.044724, 0.953661
427, 0.083078, -0.074898, -0.324603,0.180817, -0.231751, -0.043633, 0.954826
428, 0.084087, -0.075361, -0.325380,0.177449, -0.229245, -0.042209, 0.956126
429, 0.085125, -0.075841, -0.326183,0.174341, -0.226746, -0.041011, 0.957345
430, 0.086208, -0.076288, -0.326993,0.170972, -0.224055, -0.039568, 0.958646
431, 0.087301, -0.076763, -0.327809,0.168065, -0.221517, -0.038656, 0.959786
432, 0.088431, -0.077195, -0.328624,0.164681, -0.218763, -0.037180, 0.961062
433, 0.089583, -0.077625, -0.329464,0.161459, -0.216140, -0.036031, 0.962245
434, 0.090765, -0.078023, -0.330323,0.158016, -0.213480, -0.034742, 0.963457
435, 0.091946, -0.078436, -0.331209,0.154880, -0.211026, -0.033732, 0.964543
436, 0.093157, -0.078791, -0.332113,0.151321, -0.208407, -0.032287, 0.965726
437, 0.094375, -0.079148, -0.333067,0.148091, -0.205936, -0.031256, 0.966790
438, 0.095610, -0.079471, -0.334073,0.144644, -0.203327, -0.029887, 0.967906
439, 0.096844, -0.079788, -0.335131,0.141498, -0.200807, -0.028910, 0.968927
440, 0.098094, -0.080054, -0.336230,0.138117, -0.198034, -0.027655, 0.970021
441, 0.099343, -0.080320, -0.337409,0.135010, -0.195221, -0.026592, 0.971058
442, 0.100606, -0.080547, -0.338655,0.131736, -0.192172, -0.025321, 0.972149
443, 0.101852, -0.080788, -0.339950,0.128896, -0.189152, -0.024509, 0.973143
444, 0.103089, -0.081001, -0.341267,0.125784, -0.185809, -0.023219, 0.974225
445, 0.104309, -0.081217, -0.342628,0.122803, -0.182474, -0.022234, 0.975258
446, 0.105517, -0.081410, -0.344012,0.119586, -0.179024, -0.021175, 0.976320
447, 0.106678, -0.081632, -0.345406,0.116630, -0.175705, -0.020418, 0.977296
448, 0.107813, -0.081838, -0.346780,0.113456, -0.172264, -0.019375, 0.978303
449, 0.108935, -0.082038, -0.348154,0.110191, -0.168744, -0.018339, 0.979309
450, 0.110030, -0.082262, -0.349521,0.107063, -0.165305, -0.017503, 0.980258
451, 0.111111, -0.082468, -0.350868,0.103649, -0.161770, -0.016456, 0.981232
452, 0.112163, -0.082696, -0.352186,0.100452, -0.158402, -0.015805, 0.982124
453, 0.113209, -0.082906, -0.353462,0.096994, -0.154865, -0.014831, 0.983051
454, 0.114239, -0.083131, -0.354715,0.093665, -0.151434, -0.014054, 0.983919
455, 0.115260, -0.083346, -0.355929,0.090255, -0.148014, -0.013230, 0.984769
456, 0.116275, -0.083558, -0.357111,0.086886, -0.144648, -0.012514, 0.985582
457, 0.117296, -0.083755, -0.358279,0.083351, -0.141206, -0.011582, 0.986397
458, 0.118318, -0.083947, -0.359430,0.079901, -0.137826, -0.010843, 0.987169
459, 0.119337, -0.084126, -0.360547,0.076511, -0.134422, -0.010150, 0.987914
460, 0.120346, -0.084299, -0.361633,0.073230, -0.130970, -0.009406, 0.988633
461, 0.121553, -0.084156, -0.362893,0.066549, -0.125293, -0.005988, 0.989867
462, 0.122657, -0.084301, -0.364173,0.062480, -0.121731, -0.006838, 0.990571
463, 0.123584, -0.084525, -0.365187,0.059714, -0.118787, -0.008017, 0.991090
464, 0.124535, -0.084659, -0.366129,0.056805, -0.114745, -0.007214, 0.991743
465, 0.125511, -0.084771, -0.367109,0.054674, -0.110584, -0.006443, 0.992341
466, 0.126454, -0.084865, -0.368065,0.053157, -0.106795, -0.005819, 0.992842
467, 0.127412, -0.084825, -0.369043,0.050705, -0.102587, -0.004489, 0.993421
468, 0.128346, -0.084790, -0.370008,0.048209, -0.098951, -0.003998, 0.993916
469, 0.129285, -0.084721, -0.371001,0.045489, -0.095050, -0.003811, 0.994425
470, 0.130210, -0.084615, -0.372005,0.043238, -0.090892, -0.003841, 0.994914
471, 0.131125, -0.084474, -0.373012,0.041951, -0.086359, -0.003881, 0.995373
472, 0.132025, -0.084314, -0.374026,0.041810, -0.081639, -0.003939, 0.995777
473, 0.132913, -0.084139, -0.375063,0.042374, -0.076978, -0.003784, 0.996125
474, 0.133781, -0.083940, -0.376113,0.043097, -0.072696, -0.003569, 0.996416
475, 0.134628, -0.083743, -0.377166,0.043584, -0.069070, -0.003327, 0.996654
476, 0.135454, -0.083547, -0.378232,0.043592, -0.066079, -0.003134, 0.996857
477, 0.136258, -0.083360, -0.379285,0.043281, -0.063678, -0.002986, 0.997027
478, 0.137821, -0.083064, -0.381320,0.043114, -0.059909, -0.002946, 0.997268
479, 0.138597, -0.082984, -0.382282,0.043661, -0.058295, -0.002913, 0.997340
480, 0.139391, -0.082946, -0.383208,0.044541, -0.056824, -0.002946, 0.997386
481, 0.140216, -0.082939, -0.384101,0.045491, -0.055461, -0.003000, 0.997420
482, 0.141067, -0.082966, -0.384940,0.046435, -0.054350, -0.003078, 0.997437
483, 0.154724, -0.083630, -0.381509,0.071687, -0.107531, -0.007111, 0.991588
484, 0.153934, -0.083040, -0.380237,0.072192, -0.109653, -0.007507, 0.991316
485, 0.153044, -0.082363, -0.378880,0.072734, -0.111512, -0.007942, 0.991066
486, 0.152065, -0.081598, -0.377447,0.073401, -0.113119, -0.008358, 0.990831
487, 0.151006, -0.080731, -0.375939,0.074133, -0.114512, -0.008632, 0.990614
488, 0.149873, -0.079769, -0.374388,0.074952, -0.115774, -0.008817, 0.990404
489, 0.148673, -0.078715, -0.372807,0.075788, -0.116939, -0.008909, 0.990203
490, 0.147415, -0.077576, -0.371211,0.076599, -0.117985, -0.008951, 0.990016
491, 0.146101, -0.076352, -0.369609,0.077314, -0.118866, -0.008927, 0.989855
492, 0.144746, -0.075064, -0.368045,0.077979, -0.119537, -0.008921, 0.989722
493, 0.143365, -0.073719, -0.366547,0.078578, -0.119858, -0.008881, 0.989637
494, 0.141970, -0.072337, -0.365127,0.079227, -0.119721, -0.008827, 0.989602
495, 0.140542, -0.070934, -0.363760,0.080064, -0.119218, -0.008866, 0.989595
496, 0.139118, -0.069533, -0.362497,0.080961, -0.118289, -0.008890, 0.989633
497, 0.137710, -0.068146, -0.361327,0.081829, -0.116890, -0.008835, 0.989729
498, 0.136298, -0.066790, -0.360212,0.082691, -0.115191, -0.008772, 0.989857
499, 0.134892, -0.065482, -0.359162,0.083490, -0.113258, -0.008702, 0.990013
500, 0.133496, -0.064238, -0.358169,0.084184, -0.111132, -0.008616, 0.990196
501, 0.132112, -0.063070, -0.357220,0.084765, -0.108841, -0.008487, 0.990402
502, 0.130727, -0.061988, -0.356282,0.085296, -0.106450, -0.008343, 0.990618
503, 0.129329, -0.060999, -0.355343,0.085844, -0.104094, -0.008271, 0.990821
504, 0.127964, -0.060107, -0.354458,0.086267, -0.101571, -0.008087, 0.991048
505, 0.126594, -0.059314, -0.353571,0.086755, -0.099060, -0.007997, 0.991260
506, 0.125266, -0.058609, -0.352735,0.087095, -0.096306, -0.007688, 0.991504
507, 0.123918, -0.058000, -0.351871,0.087615, -0.093590, -0.007570, 0.991719
508, 0.122599, -0.057468, -0.351042,0.087997, -0.090723, -0.007320, 0.991954
509, 0.121281, -0.057017, -0.350213,0.088382, -0.087803, -0.007158, 0.992183
510, 0.119977, -0.056630, -0.349397,0.088626, -0.084795, -0.006929, 0.992425
511, 0.118659, -0.056308, -0.348566,0.088896, -0.081876, -0.006850, 0.992646
512, 0.117373, -0.056031, -0.347775,0.088974, -0.078846, -0.006625, 0.992886
513, 0.116083, -0.055798, -0.346977,0.089075, -0.075824, -0.006425, 0.993114
514, 0.114807, -0.055593, -0.346194,0.089111, -0.072716, -0.006074, 0.993345
515, 0.113515, -0.055417, -0.345398,0.089261, -0.069648, -0.005823, 0.993553
516, 0.112252, -0.055244, -0.344649,0.089186, -0.066320, -0.005343, 0.993790
517, 0.110983, -0.055086, -0.343900,0.089107, -0.062884, -0.004961, 0.994023
518, 0.109720, -0.054925, -0.343167,0.088849, -0.059198, -0.004488, 0.994274
519, 0.108436, -0.054773, -0.342419,0.088628, -0.055389, -0.004191, 0.994515
520, 0.107143, -0.054614, -0.341674,0.088322, -0.051423, -0.003929, 0.994756
521, 0.105843, -0.054448, -0.340937,0.087961, -0.047337, -0.003704, 0.994992
522, 0.104550, -0.054256, -0.340208,0.087435, -0.043095, -0.003412, 0.995232
523, 0.103256, -0.054006, -0.339435,0.086807, -0.038938, -0.003417, 0.995458
524, 0.102032, -0.053638, -0.338672,0.085713, -0.034538, -0.003288, 0.995716
525, 0.100852, -0.053160, -0.337863,0.084636, -0.030170, -0.003279, 0.995950
526, 0.099735, -0.052551, -0.337022,0.083603, -0.025794, -0.003051, 0.996161
527, 0.098656, -0.051836, -0.336129,0.082911, -0.021619, -0.002711, 0.996319
528, 0.097620, -0.051027, -0.335206,0.082451, -0.017654, -0.002161, 0.996436
529, 0.096616, -0.050152, -0.334262,0.082068, -0.013913, -0.001441, 0.996529
530, 0.095626, -0.049253, -0.333299,0.081619, -0.010419, -0.000657, 0.996609
531, 0.094637, -0.048357, -0.332322,0.080932, -0.007083, 0.000091, 0.996694
532, 0.093643, -0.047488, -0.331345,0.079883, -0.003661, 0.000854, 0.996797
533, 0.092606, -0.046689, -0.330332,0.078703, -0.000207, 0.001368, 0.996897
534, 0.091549, -0.045963, -0.329322,0.077256, 0.003557, 0.001815, 0.997003
535, 0.090447, -0.045337, -0.328285,0.075824, 0.007420, 0.001841, 0.997092
536, 0.089354, -0.044782, -0.327310,0.074045, 0.011727, 0.002022, 0.997184
537, 0.088244, -0.044326, -0.326351,0.072295, 0.016110, 0.001972, 0.997251
538, 0.087155, -0.043928, -0.325442,0.070279, 0.020659, 0.002052, 0.997311
539, 0.086082, -0.043598, -0.324550,0.068280, 0.025029, 0.001827, 0.997351
540, 0.085091, -0.043279, -0.323756,0.065886, 0.029571, 0.001912, 0.997387
541, 0.084163, -0.042994, -0.323006,0.063539, 0.033950, 0.001842, 0.997400
542, 0.083331, -0.042715, -0.322324,0.061022, 0.038304, 0.001987, 0.997399
543, 0.082628, -0.042470, -0.321668,0.058675, 0.042484, 0.001755, 0.997371
544, 0.081821, -0.042044, -0.320589,0.053500, 0.051229, 0.001544, 0.997252
545, 0.081711, -0.041903, -0.320140,0.050755, 0.055376, 0.001545, 0.997174
546, 0.081763, -0.041845, -0.319722,0.048058, 0.058946, 0.001417, 0.997103
547, 0.081975, -0.041857, -0.319384,0.045078, 0.062133, 0.001652, 0.997048
548, 0.082297, -0.041982, -0.319095,0.042073, 0.064663, 0.001876, 0.997018
549, 0.082702, -0.042209, -0.318867,0.038830, 0.066733, 0.002251, 0.997012
550, 0.083151, -0.042558, -0.318685,0.035526, 0.068297, 0.002450, 0.997029
551, 0.083636, -0.042992, -0.318582,0.031906, 0.069806, 0.002697, 0.997047
552, 0.084118, -0.043530, -0.318539,0.028277, 0.071202, 0.002694, 0.997057
553, 0.084589, -0.044131, -0.318562,0.024500, 0.072719, 0.002577, 0.997048
554, 0.085029, -0.044802, -0.318641,0.020849, 0.074217, 0.002160, 0.997022
555, 0.085455, -0.045477, -0.318789,0.017051, 0.075958, 0.001770, 0.996964
556, 0.085874, -0.046169, -0.318991,0.013376, 0.077716, 0.001134, 0.996885
557, 0.086305, -0.046833, -0.319243,0.009576, 0.079531, 0.000586, 0.996786
558, 0.086763, -0.047474, -0.319539,0.005736, 0.081189, -0.000045, 0.996682
559, 0.087249, -0.048077, -0.319867,0.001836, 0.082596, -0.000578, 0.996581
560, 0.087773, -0.048628, -0.320219,-0.002097, 0.083712, -0.000976, 0.996487
561, 0.088337, -0.049134, -0.320591,-0.005950, 0.084519, -0.001305, 0.996403
562, 0.088937, -0.049613, -0.320980,-0.009635, 0.085019, -0.001488, 0.996332
563, 0.090264, -0.050516, -0.321810,-0.016784, 0.085554, -0.001775, 0.996191
564, 0.090994, -0.050980, -0.322271,-0.020449, 0.085722, -0.001931, 0.996107
565, 0.091774, -0.051480, -0.322781,-0.024167, 0.085882, -0.002228, 0.996010
566, 0.092589, -0.052010, -0.323332,-0.027917, 0.086129, -0.002492, 0.995890
567, 0.093446, -0.052588, -0.323939,-0.031529, 0.086438, -0.002826, 0.995754
568, 0.094339, -0.053212, -0.324597,-0.034950, 0.086826, -0.003221, 0.995605
569, 0.095262, -0.053893, -0.325308,-0.038055, 0.087190, -0.003604, 0.995458
570, 0.096216, -0.054594, -0.326063,-0.041028, 0.087596, -0.003888, 0.995303
571, 0.097213, -0.055344, -0.326893,-0.043761, 0.087948, -0.004277, 0.995154
572, 0.098236, -0.056104, -0.327751,-0.046397, 0.088207, -0.004546, 0.995011
573, 0.099303, -0.056877, -0.328652,-0.048870, 0.088369, -0.004844, 0.994876
574, 0.100395, -0.057649, -0.329565,-0.051138, 0.088365, -0.005124, 0.994761
575, 0.101534, -0.058419, -0.330526,-0.053237, 0.088289, -0.005327, 0.994657
576, 0.102700, -0.059165, -0.331488,-0.055111, 0.088056, -0.005493, 0.994575
577, 0.103898, -0.059902, -0.332480,-0.056767, 0.087726, -0.005573, 0.994510
578, 0.105125, -0.060617, -0.333486,-0.058270, 0.087317, -0.005564, 0.994459
579, 0.106375, -0.061314, -0.334502,-0.059645, 0.086832, -0.005586, 0.994420
580, 0.107635, -0.062002, -0.335527,-0.060945, 0.086255, -0.005583, 0.994392
581, 0.108917, -0.062682, -0.336584,-0.062277, 0.085679, -0.005580, 0.994359
582, 0.110204, -0.063361, -0.337651,-0.063553, 0.085059, -0.005653, 0.994331
583, 0.111488, -0.064045, -0.338727,-0.064756, 0.084352, -0.005733, 0.994313
584, 0.112787, -0.064732, -0.339842,-0.065986, 0.083611, -0.005871, 0.994294
585, 0.114099, -0.065434, -0.341001,-0.067181, 0.082861, -0.005984, 0.994276
586, 0.115392, -0.066147, -0.342150,-0.068174, 0.081933, -0.005983, 0.994285
587, 0.116679, -0.066857, -0.343303,-0.069074, 0.080858, -0.005958, 0.994311
588, 0.117975, -0.067574, -0.344488,-0.069959, 0.079759, -0.005930, 0.994338
589, 0.119263, -0.068296, -0.345672,-0.070780, 0.078643, -0.005763, 0.994370
590, 0.120533, -0.069006, -0.346817,-0.071491, 0.077391, -0.005695, 0.994418
591, 0.121813, -0.069702, -0.347974,-0.072246, 0.076182, -0.005745, 0.994457
592, 0.123102, -0.070388, -0.349147,-0.072995, 0.075083, -0.005761, 0.994485
593, 0.124393, -0.071048, -0.350300,-0.073586, 0.073934, -0.005865, 0.994527
594, 0.125696, -0.071685, -0.351459,-0.074049, 0.072910, -0.005806, 0.994569
595, 0.126961, -0.072299, -0.352539,-0.074110, 0.071565, -0.005813, 0.994662
596, 0.128238, -0.072864, -0.353631,-0.074242, 0.070184, -0.005719, 0.994751
597, 0.129522, -0.073398, -0.354732,-0.074343, 0.068780, -0.005601, 0.994842
598, 0.130788, -0.073905, -0.355810,-0.074306, 0.067366, -0.005252, 0.994944
599, 0.132000, -0.074385, -0.356791,-0.073893, 0.065589, -0.005070, 0.995094
600, 0.133199, -0.074819, -0.357755,-0.073497, 0.063818, -0.004880, 0.995240
601, 0.134365, -0.075224, -0.358688,-0.072925, 0.061914, -0.004841, 0.995402
602, 0.135515, -0.075579, -0.359625,-0.072344, 0.060082, -0.004658, 0.995558
603, 0.136628, -0.075901, -0.360541,-0.071455, 0.058124, -0.004540, 0.995738
604, 0.137712, -0.076185, -0.361466,-0.070390, 0.056267, -0.004174, 0.995923
605, 0.138738, -0.076454, -0.362352,-0.068905, 0.054228, -0.003868, 0.996141
606, 0.139731, -0.076683, -0.363247,-0.067380, 0.052338, -0.003422, 0.996348
607, 0.140673, -0.076895, -0.364130,-0.065680, 0.050547, -0.003042, 0.996555
608, 0.141556, -0.077084, -0.364993,-0.063884, 0.048903, -0.002685, 0.996755
609, 0.142381, -0.077246, -0.365839,-0.061991, 0.047403, -0.002504, 0.996947
610, 0.143160, -0.077373, -0.366697,-0.060066, 0.046221, -0.002390, 0.997121
611, 0.143879, -0.077477, -0.367549,-0.057851, 0.045214, -0.002358, 0.997298
612, 0.144543, -0.077536, -0.368407,-0.055399, 0.044491, -0.002242, 0.997470
613, 0.145137, -0.077560, -0.369240,-0.052512, 0.043872, -0.002130, 0.997654
614, 0.145652, -0.077540, -0.370038,-0.049286, 0.043311, -0.001934, 0.997843
615, 0.146086, -0.077469, -0.370791,-0.045818, 0.042717, -0.001750, 0.998035
616, 0.146446, -0.077326, -0.371511,-0.042346, 0.042225, -0.001493, 0.998209
617, 0.146726, -0.077130, -0.372184,-0.038790, 0.041770, -0.001247, 0.998373
618, 0.146927, -0.076879, -0.372808,-0.035209, 0.041409, -0.000980, 0.998521
619, 0.147049, -0.076581, -0.373376,-0.031573, 0.041185, -0.000734, 0.998652
620, 0.147096, -0.076245, -0.373894,-0.027850, 0.041163, -0.000506, 0.998764
621, 0.147072, -0.075877, -0.374369,-0.024025, 0.041416, -0.000257, 0.998853
622, 0.146830, -0.075049, -0.375232,-0.016009, 0.043004, 0.000169, 0.998947
623, 0.146622, -0.074565, -0.375627,-0.011854, 0.044472, 0.000348, 0.998940
624, 0.146348, -0.074049, -0.375975,-0.007564, 0.046255, 0.000463, 0.998901
625, 0.146019, -0.073511, -0.376293,-0.003310, 0.048262, 0.000568, 0.998829
626, 0.145632, -0.072925, -0.376582,0.000729, 0.050474, 0.000669, 0.998725
627, 0.145182, -0.072289, -0.376820,0.004675, 0.052764, 0.000759, 0.998596
628, 0.144676, -0.071624, -0.377013,0.008651, 0.055069, 0.000875, 0.998445
629, 0.144126, -0.070925, -0.377166,0.012629, 0.057399, 0.001031, 0.998271
630, 0.143549, -0.070173, -0.377286,0.016536, 0.059789, 0.001240, 0.998073
631, 0.137793, -0.057407, -0.375640,0.054669, 0.086188, 0.005074, 0.994765
632, 0.137214, -0.055673, -0.375153,0.058195, 0.088848, 0.005672, 0.994327
633, 0.136615, -0.053910, -0.374612,0.061653, 0.091589, 0.006313, 0.993866
634, 0.135971, -0.052127, -0.373990,0.065171, 0.094358, 0.006886, 0.993379
635, 0.135284, -0.050347, -0.373309,0.068735, 0.097189, 0.007492, 0.992861
636, 0.134556, -0.048586, -0.372595,0.072235, 0.100189, 0.008218, 0.992309
637, 0.133764, -0.046864, -0.371809,0.075605, 0.103240, 0.008933, 0.991739
638, 0.132916, -0.045199, -0.370982,0.078642, 0.106451, 0.009747, 0.991155
639, 0.131988, -0.043618, -0.370064,0.081353, 0.109657, 0.010327, 0.990581
640, 0.131015, -0.042126, -0.369142,0.083456, 0.113251, 0.011168, 0.989992
641, 0.129946, -0.040759, -0.368100,0.085340, 0.116889, 0.011674, 0.989403
642, 0.128803, -0.039522, -0.366978,0.086994, 0.120621, 0.012084, 0.988806
643, 0.127589, -0.038433, -0.365806,0.088523, 0.124414, 0.012267, 0.988198
644, 0.126341, -0.037476, -0.364674,0.089753, 0.128510, 0.012789, 0.987556
645, 0.125008, -0.036676, -0.363451,0.091095, 0.132304, 0.012995, 0.986929
646, 0.123644, -0.036014, -0.362252,0.092230, 0.136039, 0.013390, 0.986310
647, 0.122248, -0.035501, -0.361076,0.093159, 0.139677, 0.013790, 0.985709
648, 0.120836, -0.035118, -0.359931,0.093750, 0.143358, 0.014489, 0.985114
649, 0.119375, -0.034883, -0.358701,0.094327, 0.146710, 0.014783, 0.984561
650, 0.117926, -0.034764, -0.357520,0.094509, 0.150268, 0.015245, 0.984000
651, 0.116469, -0.034777, -0.356320,0.094480, 0.153836, 0.015440, 0.983448
652, 0.115029, -0.034892, -0.355133,0.094074, 0.157547, 0.015709, 0.982895
653, 0.113596, -0.035121, -0.353914,0.093493, 0.161191, 0.015731, 0.982359
654, 0.112191, -0.035443, -0.352694,0.092624, 0.164784, 0.015703, 0.981845
655, 0.110822, -0.035852, -0.351486,0.091477, 0.168282, 0.015634, 0.981361
656, 0.109494, -0.036339, -0.350286,0.090082, 0.171580, 0.015573, 0.980919
657, 0.108212, -0.036891, -0.349108,0.088400, 0.174816, 0.015758, 0.980498
658, 0.106946, -0.037527, -0.347825,0.086803, 0.177434, 0.015533, 0.980174
659, 0.105759, -0.038194, -0.346619,0.084838, 0.180218, 0.015569, 0.979838
660, 0.104612, -0.038924, -0.345390,0.082838, 0.182824, 0.015399, 0.979529
661, 0.103517, -0.039695, -0.344145,0.080597, 0.185323, 0.015249, 0.979248
662, 0.102460, -0.040518, -0.342847,0.078217, 0.187521, 0.014844, 0.979029
663, 0.101468, -0.041361, -0.341594,0.075447, 0.189834, 0.014585, 0.978804
664, 0.100510, -0.042247, -0.340308,0.072637, 0.191940, 0.014170, 0.978612
665, 0.099610, -0.043134, -0.338998,0.069654, 0.193946, 0.013609, 0.978442
666, 0.098812, -0.043934, -0.337611,0.066352, 0.195773, 0.012647, 0.978320
667, 0.098173, -0.044572, -0.336212,0.062628, 0.197621, 0.011509, 0.978208
668, 0.097693, -0.045031, -0.334760,0.058991, 0.199089, 0.010331, 0.978150
669, 0.097375, -0.045304, -0.333277,0.055905, 0.199946, 0.009346, 0.978166
670, 0.097206, -0.045418, -0.331771,0.053752, 0.199927, 0.008635, 0.978297
671, 0.097162, -0.045420, -0.330265,0.052447, 0.198842, 0.008138, 0.978593
672, 0.097203, -0.045369, -0.328724,0.051520, 0.196508, 0.008027, 0.979115
673, 0.097300, -0.045317, -0.327182,0.050273, 0.193147, 0.008273, 0.979846
674, 0.097435, -0.045303, -0.325661,0.048284, 0.189155, 0.008513, 0.980723
675, 0.097582, -0.045377, -0.324169,0.045637, 0.184927, 0.008597, 0.981655
676, 0.097729, -0.045581, -0.322716,0.042666, 0.180891, 0.008317, 0.982542
677, 0.097874, -0.045935, -0.321332,0.039667, 0.177440, 0.007915, 0.983300
678, 0.098021, -0.046444, -0.320023,0.036897, 0.174697, 0.007210, 0.983904
679, 0.098174, -0.047095, -0.318765,0.034455, 0.172540, 0.006336, 0.984379
680, 0.098343, -0.047867, -0.317528,0.032268, 0.170709, 0.005284, 0.984779
681, 0.098544, -0.048729, -0.316306,0.030062, 0.168956, 0.004379, 0.985155
682, 0.098796, -0.049631, -0.315099,0.027616, 0.167083, 0.003557, 0.985550
683, 0.099113, -0.050540, -0.313891,0.025025, 0.164901, 0.002842, 0.985989
684, 0.099507, -0.051420, -0.312679,0.022485, 0.162380, 0.002310, 0.986469
685, 0.099989, -0.052244, -0.311464,0.020260, 0.159565, 0.001909, 0.986978
686, 0.100552, -0.053009, -0.310224,0.018656, 0.156406, 0.001583, 0.987515
687, 0.101202, -0.053695, -0.308976,0.017598, 0.153073, 0.001544, 0.988057
688, 0.101939, -0.054293, -0.307778,0.016841, 0.149787, 0.001693, 0.988573
689, 0.102710, -0.054832, -0.306551,0.016529, 0.146185, 0.001553, 0.989118
690, 0.103528, -0.055314, -0.305311,0.016290, 0.142556, 0.001787, 0.989651
691, 0.104357, -0.055788, -0.304048,0.016171, 0.138824, 0.001862, 0.990183
692, 0.105188, -0.056257, -0.302747,0.016052, 0.135060, 0.002110, 0.990705
693, 0.106006, -0.056739, -0.301422,0.016009, 0.131381, 0.002250, 0.991200
694, 0.106796, -0.057249, -0.300069,0.016178, 0.127823, 0.002342, 0.991662
695, 0.107550, -0.057794, -0.298661,0.016685, 0.124371, 0.002328, 0.992093
696, 0.108275, -0.058374, -0.297212,0.017450, 0.121084, 0.002303, 0.992486
697, 0.108965, -0.058980, -0.295753,0.018331, 0.117916, 0.002271, 0.992852
698, 0.109623, -0.059598, -0.294266,0.019350, 0.114765, 0.002201, 0.993202
699, 0.110261, -0.060217, -0.292758,0.020542, 0.111688, 0.002195, 0.993529
700, 0.110877, -0.060827, -0.291230,0.022037, 0.108601, 0.002168, 0.993839
701, 0.111497, -0.061395, -0.289709,0.023700, 0.105680, 0.002334, 0.994115
702, 0.112101, -0.061935, -0.288190,0.025776, 0.102726, 0.002329, 0.994373
703, 0.112709, -0.062414, -0.286656,0.028136, 0.099853, 0.002528, 0.994601
704, 0.113315, -0.062842, -0.285121,0.030836, 0.096999, 0.002655, 0.994803
705, 0.113924, -0.063202, -0.283598,0.033635, 0.094275, 0.002969, 0.994973
706, 0.114516, -0.063518, -0.282081,0.036615, 0.091500, 0.003172, 0.995127
707, 0.115100, -0.063784, -0.280537,0.039673, 0.088758, 0.003446, 0.995257
708, 0.115660, -0.064031, -0.278987,0.042823, 0.086016, 0.003660, 0.995366
709, 0.116202, -0.064252, -0.277449,0.045845, 0.083318, 0.003911, 0.995460
710, 0.116711, -0.064484, -0.275916,0.048926, 0.080530, 0.003939, 0.995543
711, 0.117197, -0.064729, -0.274364,0.052066, 0.077783, 0.004095, 0.995601
712, 0.117655, -0.065003, -0.272800,0.055388, 0.074987, 0.004118, 0.995637
713, 0.118102, -0.065287, -0.271254,0.058629, 0.072255, 0.004238, 0.995653
714, 0.118518, -0.065606, -0.269759,0.061903, 0.069376, 0.004165, 0.995659
715, 0.118926, -0.065942, -0.268299,0.065159, 0.066441, 0.004126, 0.995652
716, 0.119328, -0.066304, -0.266903,0.068545, 0.063446, 0.004012, 0.995620
717, 0.119737, -0.066672, -0.265621,0.071856, 0.060497, 0.004079, 0.995570
718, 0.120140, -0.067062, -0.264463,0.075255, 0.057373, 0.003951, 0.995505
719, 0.120555, -0.067445, -0.263443,0.078532, 0.054296, 0.004001, 0.995424
720, 0.120958, -0.067856, -0.262546,0.082063, 0.051011, 0.003784, 0.995314
721, 0.121392, -0.068247, -0.261806,0.085431, 0.047970, 0.003946, 0.995181
722, 0.121810, -0.068673, -0.261209,0.089074, 0.044751, 0.003708, 0.995012
723, 0.122233, -0.069096, -0.260748,0.092650, 0.041572, 0.003653, 0.994824
724, 0.122645, -0.069544, -0.260413,0.096405, 0.038245, 0.003346, 0.994602
725, 0.123073, -0.069984, -0.260245,0.099985, 0.035107, 0.003347, 0.994364
726, 0.123489, -0.070447, -0.260212,0.103613, 0.031902, 0.003200, 0.994101
727, 0.123897, -0.070919, -0.260298,0.107165, 0.028693, 0.003038, 0.993822
728, 0.124307, -0.071401, -0.260508,0.110603, 0.025634, 0.002880, 0.993530
729, 0.124691, -0.071920, -0.260791,0.114245, 0.022394, 0.002378, 0.993197
730, 0.125091, -0.072439, -0.261213,0.117724, 0.019429, 0.002191, 0.992854
731, 0.125850, -0.073573, -0.262327,0.125133, 0.013220, 0.001404, 0.992051
732, 0.126230, -0.074160, -0.263038,0.128766, 0.010098, 0.001057, 0.991623
733, 0.126979, -0.075361, -0.264705,0.135925, 0.003579, 0.000165, 0.990713
734, 0.127756, -0.076530, -0.266669,0.142880, -0.002872, -0.000790, 0.989736
735, 0.128545, -0.077634, -0.268881,0.149979, -0.009429, -0.001937, 0.988642
736, 0.129348, -0.078599, -0.271333,0.157089, -0.016051, -0.003050, 0.987449
737, 0.130099, -0.079402, -0.274025,0.164190, -0.023135, -0.004277, 0.986148
738, 0.130777, -0.080066, -0.276932,0.171483, -0.030209, -0.005362, 0.984709
739, 0.131327, -0.080661, -0.279984,0.179312, -0.036966, -0.006622, 0.983075
740, 0.131750, -0.081216, -0.283134,0.187570, -0.042555, -0.007697, 0.981299
741, 0.131989, -0.081797, -0.286229,0.196322, -0.047004, -0.009119, 0.979370
742, 0.132109, -0.082287, -0.289195,0.204798, -0.050192, -0.010561, 0.977460
743, 0.132134, -0.082653, -0.292021,0.213572, -0.052657, -0.011982, 0.975434
744, 0.132096, -0.082811, -0.294844,0.223179, -0.054435, -0.012796, 0.973172
745, 0.131972, -0.082835, -0.297556,0.233365, -0.056231, -0.013716, 0.970665
746, 0.131818, -0.082692, -0.300325,0.242823, -0.057622, -0.014243, 0.968253
747, 0.131609, -0.082485, -0.303164,0.252126, -0.058351, -0.014891, 0.965819
748, 0.131199, -0.082187, -0.307616,0.267154, -0.057390, -0.015800, 0.961814
749, 0.131046, -0.082096, -0.309178,0.272123, -0.056786, -0.016048, 0.960451
750, 0.130895, -0.082007, -0.310755,0.276853, -0.056203, -0.016236, 0.959130
751, 0.130608, -0.081877, -0.313947,0.285546, -0.055317, -0.016635, 0.956623
752, 0.130485, -0.081839, -0.315560,0.289588, -0.055032, -0.016843, 0.955420
753, 0.130389, -0.081804, -0.317201,0.293550, -0.054690, -0.016993, 0.954227
754, 0.130323, -0.081785, -0.318849,0.297573, -0.054269, -0.017084, 0.953002
755, 0.130290, -0.081781, -0.320509,0.301757, -0.053741, -0.017187, 0.951714
756, 0.130296, -0.081772, -0.322193,0.306030, -0.052988, -0.017193, 0.950391
757, 0.130339, -0.081768, -0.323860,0.310294, -0.052044, -0.017123, 0.949060
758, 0.130412, -0.081781, -0.325504,0.314536, -0.051090, -0.017107, 0.947715
759, 0.130509, -0.081804, -0.327177,0.318842, -0.050131, -0.017186, 0.946325
760, 0.130629, -0.081818, -0.328841,0.323048, -0.049133, -0.017145, 0.944951
761, 0.130769, -0.081842, -0.330464,0.327226, -0.048296, -0.017127, 0.943556
762, 0.130928, -0.081860, -0.332107,0.331471, -0.047498, -0.017125, 0.942114
763, 0.131101, -0.081882, -0.333752,0.335830, -0.046854, -0.017111, 0.940601
764, 0.131285, -0.081889, -0.335405,0.340188, -0.046187, -0.016948, 0.939069
765, 0.131471, -0.081898, -0.337016,0.344450, -0.045610, -0.016778, 0.937546
766, 0.131649, -0.081914, -0.338627,0.348640, -0.045113, -0.016757, 0.936020
767, 0.131824, -0.081925, -0.340264,0.352634, -0.044638, -0.016752, 0.934546
768, 0.131996, -0.081937, -0.341908,0.356355, -0.044241, -0.016787, 0.933152
769, 0.132160, -0.081955, -0.343562,0.359808, -0.043925, -0.016888, 0.931839
770, 0.132316, -0.081982, -0.345237,0.363059, -0.043745, -0.017044, 0.930583
771, 0.132464, -0.082013, -0.346962,0.366169, -0.043702, -0.017222, 0.929362
772, 0.132614, -0.082046, -0.348730,0.369075, -0.043717, -0.017353, 0.928209
773, 0.132754, -0.082105, -0.350481,0.371748, -0.043918, -0.017556, 0.927128
774, 0.132894, -0.082174, -0.352265,0.374238, -0.044180, -0.017837, 0.926108
775, 0.133033, -0.082264, -0.354060,0.376540, -0.044580, -0.018184, 0.925149
776, 0.133186, -0.082362, -0.355890,0.378644, -0.045014, -0.018546, 0.924261
777, 0.133350, -0.082485, -0.357684,0.380467, -0.045555, -0.018933, 0.923478
778, 0.133522, -0.082631, -0.359473,0.382171, -0.046248, -0.019466, 0.922728
779, 0.133719, -0.082777, -0.361278,0.383724, -0.047006, -0.019933, 0.922035
780, 0.134186, -0.083096, -0.364842,0.386402, -0.048821, -0.020831, 0.920802
781, 0.134454, -0.083277, -0.366602,0.387550, -0.049906, -0.021346, 0.920249
782, 0.134756, -0.083459, -0.368374,0.388531, -0.051046, -0.021860, 0.919761
783, 0.135084, -0.083645, -0.370118,0.389274, -0.052232, -0.022344, 0.919368
784, 0.135424, -0.083846, -0.371839,0.389911, -0.053516, -0.022926, 0.919010
785, 0.135784, -0.084052, -0.373566,0.390473, -0.054834, -0.023556, 0.918678
786, 0.136150, -0.084268, -0.375266,0.390879, -0.056282, -0.024213, 0.918401
787, 0.136535, -0.084485, -0.376976,0.391140, -0.057814, -0.024921, 0.918175
788, 0.136907, -0.084715, -0.378625,0.391135, -0.059568, -0.025674, 0.918045
789, 0.137277, -0.084946, -0.380290,0.390958, -0.061568, -0.026530, 0.917964
790, 0.137631, -0.085183, -0.381944,0.390527, -0.063873, -0.027460, 0.917963
791, 0.137985, -0.085414, -0.383618,0.389808, -0.066409, -0.028407, 0.918059
792, 0.138296, -0.085670, -0.385228,0.388826, -0.069252, -0.029511, 0.918231
793, 0.138580, -0.085929, -0.386842,0.387622, -0.072384, -0.030737, 0.918458
794, 0.138822, -0.086197, -0.388426,0.386177, -0.075821, -0.032135, 0.918742
795, 0.139044, -0.086455, -0.390018,0.384479, -0.079535, -0.033586, 0.919088
796, 0.139422, -0.086937, -0.393080,0.380694, -0.087282, -0.036516, 0.919848
797, 0.139579, -0.087150, -0.394515,0.378806, -0.091111, -0.037863, 0.920202
798, 0.139721, -0.087338, -0.395866,0.376916, -0.094782, -0.039073, 0.920556
799, 0.139944, -0.087651, -0.398254,0.372793, -0.101691, -0.041368, 0.921397
800, 0.140084, -0.087865, -0.400199,0.367673, -0.108418, -0.043818, 0.922574
801, 0.140089, -0.087961, -0.401565,0.362109, -0.115413, -0.046306, 0.923803
802, 0.139980, -0.087846, -0.402447,0.356646, -0.123059, -0.048471, 0.924830
803, 0.139733, -0.087470, -0.402853,0.351240, -0.131177, -0.050403, 0.925679
804, 0.139363, -0.086775, -0.402935,0.345398, -0.139433, -0.052301, 0.926565
805, 0.138820, -0.085759, -0.402770,0.339305, -0.147515, -0.054231, 0.927454
806, 0.138118, -0.084448, -0.402520,0.333282, -0.155403, -0.055943, 0.928248
807, 0.136149, -0.081246, -0.401837,0.321170, -0.170598, -0.058679, 0.929679
808, 0.134878, -0.079556, -0.401459,0.314866, -0.177907, -0.059886, 0.930388
809, 0.132687, -0.077146, -0.400935,0.305175, -0.188570, -0.061493, 0.931412
810, 0.131891, -0.076404, -0.400763,0.301926, -0.192043, -0.061968, 0.931730
811, 0.131080, -0.075693, -0.400603,0.298588, -0.195529, -0.062402, 0.932051
812, 0.130258, -0.075020, -0.400454,0.295244, -0.198978, -0.062833, 0.932358
813, 0.129429, -0.074387, -0.400318,0.291922, -0.202415, -0.063229, 0.932637
814, 0.128604, -0.073792, -0.400203,0.288634, -0.205831, -0.063590, 0.932888
815, 0.126977, -0.072684, -0.400029,0.281843, -0.212706, -0.064195, 0.933381
816, 0.126199, -0.072172, -0.399971,0.278387, -0.216088, -0.064486, 0.933621
817, 0.125432, -0.071683, -0.399910,0.274924, -0.219458, -0.064752, 0.933843
818, 0.124016, -0.070756, -0.399840,0.268025, -0.226095, -0.065187, 0.934235
819, 0.123350, -0.070301, -0.399796,0.264634, -0.229295, -0.065318, 0.934412
820, 0.122713, -0.069844, -0.399742,0.261193, -0.232530, -0.065385, 0.934576
821, 0.121590, -0.068926, -0.399634,0.254255, -0.238899, -0.065506, 0.934875
822, 0.121074, -0.068448, -0.399541,0.250795, -0.242012, -0.065506, 0.935009
823, 0.120588, -0.067947, -0.399418,0.247271, -0.245168, -0.065433, 0.935130
824, 0.119754, -0.066902, -0.399126,0.240263, -0.251412, -0.065234, 0.935313
825, 0.119389, -0.066344, -0.398948,0.236779, -0.254515, -0.065063, 0.935374
826, 0.119045, -0.065751, -0.398741,0.233263, -0.257612, -0.064834, 0.935425
827, 0.118747, -0.065134, -0.398529,0.229776, -0.260698, -0.064591, 0.935450
828, 0.118472, -0.064489, -0.398307,0.226379, -0.263689, -0.064321, 0.935459
829, 0.118206, -0.063800, -0.398073,0.222924, -0.266711, -0.063993, 0.935454
830, 0.117975, -0.063068, -0.397864,0.219373, -0.269763, -0.063657, 0.935441
831, 0.117769, -0.062293, -0.397680,0.215779, -0.272805, -0.063323, 0.935418
832, 0.117580, -0.061474, -0.397523,0.212191, -0.275846, -0.062960, 0.935372
833, 0.117396, -0.060603, -0.397401,0.208607, -0.278902, -0.062553, 0.935299
834, 0.117238, -0.059678, -0.397346,0.204989, -0.282000, -0.062118, 0.935199
835, 0.117105, -0.058700, -0.397357,0.201388, -0.285024, -0.061643, 0.935096
836, 0.116993, -0.057672, -0.397426,0.197848, -0.287927, -0.061116, 0.934997
837, 0.116885, -0.056584, -0.397545,0.194289, -0.290710, -0.060521, 0.934921
838, 0.116810, -0.055425, -0.397737,0.190454, -0.293332, -0.059734, 0.934941
839, 0.116777, -0.054202, -0.397996,0.186307, -0.295641, -0.058710, 0.935115
840, 0.116784, -0.052933, -0.398312,0.181949, -0.297536, -0.057478, 0.935448
841, 0.116835, -0.051618, -0.398666,0.177303, -0.298792, -0.055922, 0.936034
842, 0.116914, -0.050299, -0.399055,0.172811, -0.299468, -0.054439, 0.936745
843, 0.117008, -0.048977, -0.399443,0.168434, -0.299367, -0.052892, 0.937663
844, 0.117088, -0.047668, -0.399797,0.164293, -0.298565, -0.051370, 0.938738
845, 0.117148, -0.046376, -0.400097,0.160195, -0.297160, -0.049776, 0.939977
846, 0.117173, -0.045138, -0.400340,0.156272, -0.295581, -0.048394, 0.941206
847, 0.117166, -0.043950, -0.400517,0.152171, -0.293950, -0.046956, 0.942461
848, 0.117121, -0.042832, -0.400616,0.147920, -0.292524, -0.045500, 0.943652
849, 0.116926, -0.040862, -0.400573,0.138893, -0.290760, -0.042366, 0.945713
850, 0.116799, -0.040036, -0.400464,0.134205, -0.290401, -0.040660, 0.946574
851, 0.116657, -0.039324, -0.400307,0.129549, -0.290204, -0.038890, 0.947358
852, 0.116355, -0.038265, -0.399877,0.120428, -0.289445, -0.035273, 0.948933
853, 0.115817, -0.037937, -0.398518,0.098566, -0.282890, -0.028430, 0.953651
854, 0.115765, -0.039118, -0.397727,0.085828, -0.278038, -0.024287, 0.956420
855, 0.115795, -0.040311, -0.397211,0.078002, -0.274701, -0.021542, 0.958119
856, 0.115900, -0.041675, -0.396705,0.070026, -0.270705, -0.019077, 0.959922
857, 0.116048, -0.043134, -0.396186,0.062309, -0.266238, -0.017053, 0.961740
858, 0.116228, -0.044574, -0.395649,0.054971, -0.261498, -0.015013, 0.963520
859, 0.116430, -0.045896, -0.395085,0.047697, -0.256654, -0.012666, 0.965243
860, 0.116632, -0.047053, -0.394474,0.040305, -0.251855, -0.010416, 0.966869
861, 0.116801, -0.048007, -0.393829,0.032888, -0.247162, -0.008448, 0.968379
862, 0.116969, -0.048723, -0.393191,0.025526, -0.242168, -0.006408, 0.969877
863, 0.117107, -0.049221, -0.392568,0.018504, -0.237108, -0.004484, 0.971297
864, 0.117241, -0.049504, -0.391981,0.011342, -0.231804, -0.002508, 0.972693
865, 0.117348, -0.049621, -0.391423,0.004028, -0.226402, -0.000613, 0.974025
866, 0.117419, -0.049623, -0.390883,-0.003285, -0.220868, 0.001149, 0.975298
867, 0.117440, -0.049557, -0.390386,-0.010466, -0.215396, 0.002707, 0.976467
868, 0.117445, -0.049440, -0.389981,-0.017778, -0.209771, 0.004338, 0.977579
869, 0.117408, -0.049324, -0.389684,-0.025007, -0.204252, 0.005773, 0.978582
870, 0.117365, -0.049233, -0.389535,-0.032296, -0.198469, 0.007213, 0.979548
871, 0.117322, -0.049233, -0.389500,-0.035660, -0.195691, 0.007668, 0.979987
872, 0.117300, -0.049229, -0.389521,-0.039381, -0.192622, 0.008408, 0.980446
873, 0.117242, -0.049324, -0.389662,-0.046539, -0.186618, 0.009453, 0.981284
874, 0.117217, -0.049415, -0.389780,-0.050107, -0.183566, 0.009940, 0.981679
875, 0.117208, -0.049529, -0.389935,-0.053804, -0.180355, 0.010527, 0.982073
876, 0.117196, -0.049686, -0.390105,-0.057346, -0.177213, 0.010946, 0.982439
877, 0.117190, -0.049874, -0.390287,-0.060915, -0.174019, 0.011374, 0.982791
878, 0.117191, -0.050095, -0.390477,-0.064457, -0.170787, 0.011753, 0.983127
879, 0.117213, -0.050341, -0.390677,-0.068136, -0.167382, 0.012231, 0.983459
880, 0.117265, -0.050953, -0.391027,-0.075218, -0.160701, 0.012824, 0.984049
881, 0.117306, -0.051304, -0.391177,-0.078775, -0.157327, 0.013078, 0.984313
882, 0.117514, -0.052544, -0.391509,-0.089603, -0.147027, 0.013861, 0.984968
883, 0.119317, -0.059151, -0.392739,-0.125267, -0.106138, 0.013141, 0.986342
884, 0.119661, -0.059513, -0.392927,-0.127697, -0.101146, 0.012304, 0.986566
885, 0.120055, -0.059734, -0.393105,-0.129844, -0.096092, 0.011515, 0.986800
886, 0.120921, -0.059800, -0.393413,-0.133010, -0.086413, 0.010670, 0.987283
887, 0.121751, -0.059514, -0.393650,-0.135162, -0.077618, 0.010997, 0.987717
888, 0.122370, -0.059136, -0.393779,-0.137064, -0.069200, 0.011240, 0.988078
889, 0.121759, -0.059935, -0.393280,-0.135605, -0.011903, 0.000773, 0.990691
890, 0.121887, -0.060045, -0.392597,-0.125211, -0.000189, -0.000752, 0.992130
891, 0.122130, -0.060108, -0.392125,-0.117411, 0.003702, -0.000884, 0.993076
892, 0.122276, -0.060171, -0.391868,-0.113481, 0.005282, -0.000822, 0.993526
893, 0.122598, -0.060446, -0.391352,-0.105539, 0.007700, -0.000789, 0.994385
894, 0.122911, -0.060870, -0.390824,-0.097278, 0.010012, -0.000836, 0.995207
895, 0.123219, -0.061453, -0.390334,-0.088565, 0.012294, -0.001078, 0.995994
896, 0.123522, -0.062104, -0.389897,-0.079562, 0.014391, -0.001295, 0.996725
897, 0.123823, -0.062724, -0.389522,-0.070262, 0.016663, -0.001188, 0.997389
898, 0.124109, -0.063238, -0.389226,-0.060850, 0.019016, -0.001116, 0.997965
899, 0.124337, -0.063572, -0.389005,-0.051440, 0.021568, -0.001082, 0.998443
900, 0.124555, -0.063814, -0.388955,-0.037186, 0.025569, -0.000848, 0.998981
901, 0.124532, -0.063845, -0.389230,-0.022637, 0.029910, -0.000311, 0.999296
902, 0.124250, -0.063797, -0.389791,-0.008288, 0.034719, -0.000051, 0.999363
903, 0.123740, -0.063642, -0.390517,0.006423, 0.039870, 0.000221, 0.999184
904, 0.123323, -0.063469, -0.391041,0.016199, 0.042929, 0.000610, 0.998947
905, 0.122657, -0.063086, -0.391810,0.030939, 0.047085, 0.001407, 0.998411
906, 0.121811, -0.062412, -0.392769,0.050978, 0.052344, 0.002495, 0.997324
907, 0.121438, -0.062065, -0.393221,0.061015, 0.054612, 0.003137, 0.996637
908, 0.121101, -0.061737, -0.393646,0.071082, 0.056480, 0.003800, 0.995863
909, 0.120812, -0.061448, -0.394081,0.081213, 0.057915, 0.004425, 0.995003
910, 0.120574, -0.061202, -0.394528,0.091486, 0.058866, 0.005034, 0.994052
911, 0.120387, -0.061005, -0.395008,0.101751, 0.059100, 0.005572, 0.993037
912, 0.120238, -0.060869, -0.395500,0.112040, 0.058431, 0.006028, 0.991966
913, 0.120130, -0.060801, -0.396022,0.122095, 0.056690, 0.006397, 0.990877
914, 0.120080, -0.060793, -0.396607,0.131916, 0.054239, 0.006783, 0.989753
915, 0.120071, -0.060861, -0.397236,0.141738, 0.051278, 0.006951, 0.988551
916, 0.120100, -0.060990, -0.397910,0.151352, 0.048066, 0.006954, 0.987286
917, 0.120147, -0.061183, -0.398595,0.160441, 0.044321, 0.006716, 0.986027
918, 0.120208, -0.061445, -0.399260,0.169091, 0.039820, 0.006205, 0.984776
919, 0.120297, -0.061740, -0.399923,0.177410, 0.034698, 0.005710, 0.983509
920, 0.120401, -0.062080, -0.400544,0.185558, 0.028990, 0.004954, 0.982193
921, 0.120545, -0.062428, -0.401144,0.193229, 0.023060, 0.004100, 0.980874
922, 0.120719, -0.062793, -0.401674,0.200647, 0.016943, 0.002925, 0.979513
923, 0.120941, -0.063140, -0.402136,0.207984, 0.010850, 0.001768, 0.978070
924, 0.121071, -0.063307, -0.402322,0.211658, 0.007792, 0.001143, 0.977312
925, 0.121377, -0.063638, -0.402575,0.219019, 0.001565, -0.000279, 0.975719
926, 0.121570, -0.063785, -0.402646,0.222511, -0.001467, -0.000865, 0.974929
927, 0.121768, -0.063955, -0.402649,0.226105, -0.004675, -0.001759, 0.974090
928, 0.121993, -0.064117, -0.402606,0.229573, -0.007866, -0.002514, 0.973256
929, 0.122232, -0.064298, -0.402510,0.233146, -0.011156, -0.003434, 0.972372
930, 0.122509, -0.064468, -0.402370,0.236546, -0.014355, -0.004086, 0.971506
931, 0.122794, -0.064672, -0.402167,0.240119, -0.017717, -0.005083, 0.970569
932, 0.123109, -0.064879, -0.401917,0.243563, -0.021074, -0.005925, 0.969638
933, 0.123440, -0.065114, -0.401627,0.247097, -0.024555, -0.006984, 0.968654
934, 0.123805, -0.065337, -0.401319,0.250372, -0.027987, -0.007770, 0.967714
935, 0.124173, -0.065591, -0.400980,0.253764, -0.031598, -0.008912, 0.966709
936, 0.124562, -0.065845, -0.400610,0.257006, -0.035205, -0.009902, 0.965717
937, 0.124969, -0.066108, -0.400221,0.260273, -0.038787, -0.010965, 0.964693
938, 0.125391, -0.066384, -0.399810,0.263569, -0.042352, -0.012043, 0.963635
939, 0.125815, -0.066690, -0.399372,0.267004, -0.045962, -0.013281, 0.962507
940, 0.126255, -0.067000, -0.398915,0.270341, -0.049536, -0.014384, 0.961382
941, 0.126690, -0.067335, -0.398442,0.273745, -0.053217, -0.015686, 0.960201
942, 0.127140, -0.067660, -0.397959,0.276864, -0.056836, -0.016699, 0.959081
943, 0.127570, -0.068025, -0.397461,0.280139, -0.060601, -0.018091, 0.957874
944, 0.127999, -0.068397, -0.396942,0.283262, -0.064344, -0.019334, 0.956686
945, 0.128412, -0.068798, -0.396413,0.286502, -0.068133, -0.020789, 0.955428
946, 0.128831, -0.069193, -0.395876,0.289531, -0.071790, -0.021936, 0.954221
947, 0.129219, -0.069631, -0.395331,0.292796, -0.075523, -0.023459, 0.952899
948, 0.129600, -0.070080, -0.394764,0.295936, -0.079187, -0.024803, 0.951597
949, 0.129957, -0.070561, -0.394193,0.299181, -0.082896, -0.026374, 0.950223
950, 0.130625, -0.071541, -0.393066,0.305253, -0.090308, -0.029314, 0.947526
951, 0.130923, -0.072052, -0.392502,0.308193, -0.094069, -0.030786, 0.946161
952, 0.131200, -0.072578, -0.391949,0.311163, -0.097808, -0.032345, 0.944757
953, 0.131454, -0.073115, -0.391398,0.314106, -0.101523, -0.033892, 0.943336
954, 0.131671, -0.073677, -0.390845,0.317136, -0.105286, -0.035626, 0.941844
955, 0.131868, -0.074236, -0.390289,0.319960, -0.109010, -0.037190, 0.940404
956, 0.132028, -0.074814, -0.389739,0.322777, -0.112843, -0.038969, 0.938916
957, 0.132177, -0.075374, -0.389201,0.325178, -0.116687, -0.040457, 0.937554
958, 0.132271, -0.075960, -0.388691,0.327604, -0.120777, -0.042352, 0.936106
959, 0.132336, -0.076537, -0.388209,0.329694, -0.125009, -0.044083, 0.934736
960, 0.132353, -0.077120, -0.387773,0.331720, -0.129420, -0.046009, 0.933325
961, 0.132358, -0.077672, -0.387391,0.333340, -0.133827, -0.047601, 0.932046
962, 0.132304, -0.078241, -0.387061,0.335031, -0.138340, -0.049529, 0.930679
963, 0.132217, -0.078799, -0.386773,0.336440, -0.142838, -0.051296, 0.929395
964, 0.132081, -0.079364, -0.386535,0.337785, -0.147334, -0.053253, 0.928094
965, 0.131933, -0.079906, -0.386355,0.338738, -0.151691, -0.054928, 0.926946
966, 0.131731, -0.080463, -0.386220,0.339699, -0.156037, -0.056885, 0.925754
967, 0.131544, -0.080983, -0.386138,0.340130, -0.160120, -0.058315, 0.924809
968, 0.131252, -0.081553, -0.386065,0.340919, -0.164333, -0.060451, 0.923642
969, 0.130955, -0.082101, -0.386015,0.341116, -0.168525, -0.061991, 0.922711
970, 0.130633, -0.082659, -0.386008,0.341133, -0.172738, -0.063710, 0.921809
971, 0.129952, -0.083772, -0.386054,0.339893, -0.181362, -0.066738, 0.920395
972, 0.129208, -0.084923, -0.386153,0.337847, -0.189913, -0.069559, 0.919214
973, 0.128440, -0.086100, -0.386321,0.335148, -0.198140, -0.072017, 0.918275
974, 0.127669, -0.087271, -0.386588,0.331748, -0.206011, -0.074235, 0.917601
975, 0.126878, -0.088410, -0.386926,0.327673, -0.213610, -0.076134, 0.917172
976, 0.126180, -0.089365, -0.387332,0.322521, -0.220757, -0.077989, 0.917150
977, 0.125652, -0.089999, -0.387692,0.316916, -0.227344, -0.079712, 0.917347
978, 0.125277, -0.090286, -0.387918,0.311880, -0.233727, -0.080720, 0.917380
979, 0.125013, -0.090308, -0.388006,0.307031, -0.240442, -0.080993, 0.917257
980, 0.124732, -0.090189, -0.387919,0.301539, -0.247374, -0.081120, 0.917224
981, 0.124350, -0.090065, -0.387698,0.295446, -0.254026, -0.081380, 0.917366
982, 0.123795, -0.089983, -0.387359,0.289302, -0.260040, -0.081669, 0.917613
983, 0.123068, -0.089893, -0.387021,0.283060, -0.265934, -0.081880, 0.917852
984, 0.122195, -0.089675, -0.386778,0.276476, -0.272095, -0.081981, 0.918044
985, 0.121250, -0.089227, -0.386726,0.269664, -0.278517, -0.081954, 0.918147
986, 0.120764, -0.088903, -0.386783,0.266347, -0.281645, -0.081822, 0.918172
987, 0.120261, -0.088512, -0.386890,0.263122, -0.284669, -0.081600, 0.918189
988, 0.119765, -0.088060, -0.387062,0.259939, -0.287572, -0.081324, 0.918216
989, 0.119280, -0.087568, -0.387296,0.256859, -0.290271, -0.081027, 0.918260
990, 0.118757, -0.087015, -0.387555,0.253587, -0.292846, -0.080551, 0.918393
991, 0.118247, -0.086414, -0.387884,0.250020, -0.295393, -0.079995, 0.918604
992, 0.117741, -0.085783, -0.388253,0.246201, -0.297703, -0.079299, 0.918950
993, 0.117222, -0.085130, -0.388637,0.242176, -0.299778, -0.078425, 0.919420
994, 0.116688, -0.084467, -0.389030,0.238048, -0.301505, -0.077374, 0.920022
995, 0.116136, -0.083783, -0.389419,0.233726, -0.302819, -0.076109, 0.920804
996, 0.115564, -0.083121, -0.389818,0.229674, -0.303857, -0.075087, 0.921565
997, 0.114976, -0.082430, -0.390181,0.225338, -0.304360, -0.073759, 0.922576
998, 0.114376, -0.081728, -0.390534,0.221004, -0.304695, -0.072587, 0.923606
999, 0.113777, -0.080987, -0.390866,0.216387, -0.304788, -0.071268, 0.924771
1000, 0.113175, -0.080237, -0.391183,0.211967, -0.304940, -0.070182, 0.925827
