0, -0.016961, -0.040388, 1.278136,0.424896, -0.132848, -0.257693, 0.857560
1, -0.015972, -0.040132, 1.277512,0.418741, -0.136529, -0.268205, 0.856786
2, -0.015077, -0.039650, 1.277013,0.412816, -0.141131, -0.281212, 0.854742
3, -0.013957, -0.039444, 1.276779,0.405021, -0.147544, -0.298269, 0.851601
4, 0.029638, -0.028686, 1.293352,0.368293, -0.211012, -0.518840, 0.742051
5, 0.030091, -0.028437, 1.294227,0.369379, -0.210186, -0.519879, 0.741017
6, 0.030611, -0.028170, 1.295155,0.370924, -0.209583, -0.520777, 0.739785
7, 0.031082, -0.027804, 1.296053,0.372412, -0.208372, -0.521450, 0.738904
8, 0.031666, -0.027513, 1.298016,0.375051, -0.206835, -0.521684, 0.737836
9, 0.032127, -0.027382, 1.299817,0.376595, -0.205467, -0.521113, 0.737835
10, 0.032219, -0.027257, 1.301789,0.379029, -0.203527, -0.519508, 0.738259
11, 0.032136, -0.027305, 1.303944,0.381213, -0.201057, -0.517169, 0.739452
12, 0.031997, -0.027278, 1.305440,0.383276, -0.199751, -0.515137, 0.740158
13, 0.031479, -0.027399, 1.307572,0.385746, -0.197667, -0.511638, 0.741858
14, 0.031092, -0.027524, 1.308711,0.387072, -0.196169, -0.509376, 0.743122
15, 0.030676, -0.027706, 1.309778,0.388434, -0.194921, -0.506811, 0.744492
16, 0.030306, -0.027771, 1.310728,0.389831, -0.193951, -0.504469, 0.745605
17, 0.029801, -0.027942, 1.311863,0.391295, -0.192623, -0.501618, 0.747104
18, 0.029262, -0.028147, 1.312977,0.392493, -0.191146, -0.498914, 0.748664
19, 0.028776, -0.028221, 1.314038,0.393604, -0.190120, -0.496500, 0.749945
20, 0.028307, -0.028239, 1.315020,0.394777, -0.189145, -0.494358, 0.750990
21, 0.027363, -0.028239, 1.316941,0.396539, -0.187663, -0.490498, 0.752961
22, 0.026855, -0.028319, 1.317917,0.397200, -0.186664, -0.488573, 0.754112
23, 0.026370, -0.028228, 1.318838,0.397774, -0.185803, -0.486884, 0.755114
24, 0.025311, -0.028100, 1.320551,0.399152, -0.184919, -0.483547, 0.756746
25, 0.024667, -0.028005, 1.321575,0.399683, -0.184140, -0.481790, 0.757776
26, 0.024003, -0.027880, 1.322531,0.400146, -0.183908, -0.480225, 0.758581
27, 0.023423, -0.027684, 1.323344,0.400730, -0.183212, -0.478766, 0.759363
28, 0.022684, -0.027494, 1.324337,0.401388, -0.182550, -0.477013, 0.760277
29, 0.021902, -0.027361, 1.325364,0.402213, -0.181546, -0.475146, 0.761250
30, 0.021247, -0.027140, 1.326274,0.402929, -0.181134, -0.473682, 0.761882
31, 0.020459, -0.026836, 1.327286,0.403632, -0.180617, -0.472067, 0.762635
32, 0.019614, -0.026582, 1.328318,0.404467, -0.179676, -0.470349, 0.763476
33, 0.018872, -0.026331, 1.329260,0.404808, -0.178987, -0.468795, 0.764412
34, 0.017993, -0.026075, 1.330288,0.405545, -0.178155, -0.466838, 0.765413
35, 0.017102, -0.025902, 1.331266,0.406141, -0.177527, -0.464677, 0.766557
36, 0.016206, -0.025659, 1.332298,0.406782, -0.177179, -0.462633, 0.767533
37, 0.015302, -0.025420, 1.333330,0.407077, -0.176562, -0.460699, 0.768682
38, 0.014511, -0.025201, 1.334131,0.407616, -0.176055, -0.458908, 0.769583
39, 0.013585, -0.024938, 1.335067,0.407883, -0.175611, -0.456889, 0.770743
40, 0.012639, -0.024757, 1.336020,0.408179, -0.175314, -0.454806, 0.771885
41, 0.011718, -0.024556, 1.336995,0.408282, -0.174707, -0.452888, 0.773095
42, 0.010943, -0.024378, 1.337762,0.407991, -0.174809, -0.451297, 0.774155
43, 0.010025, -0.024136, 1.338526,0.407918, -0.174488, -0.449355, 0.775395
44, 0.009095, -0.023865, 1.339354,0.407977, -0.174305, -0.447400, 0.776534
45, 0.008265, -0.023697, 1.340066,0.407657, -0.174338, -0.445806, 0.777611
46, 0.007318, -0.023532, 1.340914,0.407036, -0.174287, -0.444075, 0.778937
47, 0.006445, -0.023248, 1.341663,0.406453, -0.174393, -0.442637, 0.780035
48, 0.005592, -0.022908, 1.342312,0.405947, -0.174687, -0.441302, 0.780989
49, 0.004004, -0.022320, 1.343562,0.404715, -0.175039, -0.438897, 0.782902
50, 0.003140, -0.022129, 1.344230,0.403801, -0.175244, -0.437567, 0.784072
51, 0.002289, -0.021867, 1.344801,0.402511, -0.175702, -0.436257, 0.785362
52, 0.000745, -0.021529, 1.345618,0.400595, -0.176537, -0.433252, 0.787814
53, -0.000815, -0.021324, 1.346493,0.397518, -0.177493, -0.429866, 0.791006
54, -0.002397, -0.021281, 1.347178,0.394009, -0.178533, -0.425544, 0.794856
55, -0.003974, -0.021392, 1.347895,0.390351, -0.179181, -0.420878, 0.798988
56, -0.005298, -0.021620, 1.348494,0.386786, -0.179405, -0.416332, 0.803043
57, -0.006606, -0.021889, 1.349079,0.382896, -0.180529, -0.411682, 0.807043
58, -0.007741, -0.022418, 1.349552,0.378375, -0.183622, -0.407889, 0.810396
59, -0.008779, -0.022987, 1.349591,0.372905, -0.187128, -0.404019, 0.814060
60, -0.010312, -0.024698, 1.348673,0.358956, -0.192055, -0.395528, 0.823300
61, -0.010922, -0.025559, 1.347661,0.350476, -0.194082, -0.390552, 0.828835
62, -0.011459, -0.026570, 1.346527,0.342628, -0.196226, -0.386080, 0.833693
63, -0.011995, -0.027865, 1.345205,0.334414, -0.198471, -0.381114, 0.838766
64, -0.012395, -0.029235, 1.344007,0.326674, -0.200182, -0.376638, 0.843418
65, -0.012569, -0.030067, 1.343363,0.322545, -0.201348, -0.374247, 0.845792
66, -0.012684, -0.030897, 1.342672,0.318256, -0.202427, -0.371928, 0.848178
67, -0.012745, -0.031752, 1.341981,0.314196, -0.203825, -0.369523, 0.850405
68, -0.012883, -0.033596, 1.340880,0.306485, -0.205895, -0.364839, 0.854732
69, -0.012874, -0.035699, 1.339600,0.298018, -0.208176, -0.360089, 0.859176
70, -0.012579, -0.037878, 1.338199,0.290237, -0.210154, -0.355344, 0.863324
71, -0.012388, -0.039098, 1.337483,0.285785, -0.211175, -0.352818, 0.865593
72, -0.012221, -0.040471, 1.336709,0.281707, -0.212297, -0.350204, 0.867715
73, -0.012034, -0.041644, 1.336033,0.277848, -0.213046, -0.348165, 0.869594
74, -0.011683, -0.043622, 1.334866,0.271342, -0.214149, -0.344921, 0.872665
75, -0.011400, -0.045110, 1.333965,0.267015, -0.215478, -0.342470, 0.874635
76, -0.011064, -0.046671, 1.333106,0.262618, -0.215884, -0.340064, 0.876802
77, -0.010678, -0.048253, 1.332280,0.258303, -0.216945, -0.337673, 0.878744
78, -0.010347, -0.049678, 1.331632,0.254481, -0.217558, -0.335706, 0.880460
79, -0.009894, -0.051353, 1.330812,0.249982, -0.218421, -0.333404, 0.882408
80, -0.009400, -0.053039, 1.330034,0.245533, -0.218952, -0.331359, 0.884293
81, -0.008963, -0.054495, 1.329380,0.241512, -0.219433, -0.329512, 0.885970
82, -0.008372, -0.056293, 1.328583,0.236971, -0.220394, -0.327304, 0.887774
83, -0.007727, -0.057982, 1.327892,0.232518, -0.221554, -0.325106, 0.889469
84, -0.007020, -0.059685, 1.327296,0.228639, -0.221733, -0.322943, 0.891216
85, -0.006233, -0.061383, 1.326720,0.225163, -0.221960, -0.320738, 0.892839
86, -0.005471, -0.062716, 1.326185,0.222981, -0.222628, -0.318834, 0.893902
87, -0.004555, -0.064076, 1.325637,0.220731, -0.222160, -0.317038, 0.895215
88, -0.003607, -0.065437, 1.325208,0.219265, -0.221758, -0.315262, 0.896301
89, -0.002717, -0.066587, 1.324853,0.218092, -0.221432, -0.313629, 0.897240
90, -0.001607, -0.067787, 1.324443,0.217225, -0.221464, -0.311889, 0.898049
91, -0.000433, -0.068862, 1.324041,0.216469, -0.220916, -0.310471, 0.898858
92, 0.000835, -0.069933, 1.323677,0.216305, -0.220538, -0.309083, 0.899468
93, 0.001956, -0.070728, 1.323387,0.215834, -0.220234, -0.308152, 0.899975
94, 0.003300, -0.071658, 1.323122,0.215463, -0.219791, -0.307142, 0.900517
95, 0.004677, -0.072559, 1.322848,0.215159, -0.219352, -0.306310, 0.900980
96, 0.006123, -0.073445, 1.322614,0.215047, -0.219160, -0.305649, 0.901278
97, 0.007416, -0.074114, 1.322387,0.214978, -0.218627, -0.305283, 0.901548
98, 0.008934, -0.074809, 1.322208,0.215059, -0.217981, -0.304939, 0.901802
99, 0.010487, -0.075528, 1.322082,0.215527, -0.217848, -0.304443, 0.901889
100, 0.012055, -0.076232, 1.322119,0.215749, -0.217311, -0.303989, 0.902119
101, 0.013394, -0.076800, 1.322140,0.216102, -0.216821, -0.303749, 0.902233
102, 0.015002, -0.077438, 1.322114,0.216208, -0.216463, -0.303520, 0.902371
103, 0.016631, -0.077938, 1.322172,0.216645, -0.216476, -0.303462, 0.902283
104, 0.018000, -0.078409, 1.322277,0.216630, -0.216500, -0.303380, 0.902308
105, 0.019606, -0.079063, 1.322428,0.216930, -0.216609, -0.303205, 0.902269
106, 0.021228, -0.079610, 1.322622,0.217132, -0.216527, -0.303202, 0.902241
107, 0.022854, -0.080194, 1.322798,0.216816, -0.216627, -0.303241, 0.902280
108, 0.024265, -0.080742, 1.322929,0.216522, -0.216655, -0.303262, 0.902336
109, 0.025928, -0.081282, 1.323059,0.216318, -0.216775, -0.303489, 0.902280
110, 0.027549, -0.081770, 1.323239,0.216046, -0.216611, -0.303777, 0.902288
111, 0.029127, -0.082398, 1.323486,0.215723, -0.216766, -0.303875, 0.902295
112, 0.030471, -0.082832, 1.323713,0.215320, -0.216824, -0.304121, 0.902294
113, 0.032064, -0.083327, 1.323931,0.215354, -0.217241, -0.304354, 0.902107
114, 0.033670, -0.083809, 1.324150,0.215396, -0.217413, -0.304668, 0.901950
115, 0.035038, -0.084241, 1.324348,0.215202, -0.217361, -0.304829, 0.901954
116, 0.036560, -0.084672, 1.324676,0.215447, -0.217845, -0.305104, 0.901686
117, 0.038100, -0.085106, 1.324998,0.215412, -0.217948, -0.305447, 0.901553
118, 0.039644, -0.085493, 1.325348,0.215905, -0.218185, -0.305836, 0.901246
119, 0.040978, -0.085788, 1.325631,0.216199, -0.217951, -0.306208, 0.901106
120, 0.042521, -0.086210, 1.326020,0.216412, -0.218026, -0.306425, 0.900963
121, 0.044009, -0.086635, 1.326439,0.216847, -0.217868, -0.306671, 0.900813
122, 0.045474, -0.087113, 1.326839,0.216713, -0.217719, -0.306679, 0.900878
123, 0.046971, -0.087599, 1.327292,0.216674, -0.217793, -0.306660, 0.900876
124, 0.048234, -0.088029, 1.327697,0.216712, -0.217934, -0.306581, 0.900860
125, 0.049677, -0.088550, 1.328180,0.216622, -0.217588, -0.306503, 0.900992
126, 0.051073, -0.089004, 1.328718,0.216691, -0.217699, -0.306491, 0.900953
127, 0.053696, -0.089843, 1.329688,0.217446, -0.217030, -0.306311, 0.900993
128, 0.055060, -0.090278, 1.330295,0.217944, -0.216937, -0.305978, 0.901009
129, 0.056316, -0.090738, 1.330929,0.218353, -0.216702, -0.305629, 0.901084
130, 0.057336, -0.091096, 1.331492,0.218761, -0.216005, -0.305409, 0.901227
131, 0.058467, -0.091497, 1.332128,0.219129, -0.215524, -0.304981, 0.901398
132, 0.059522, -0.091875, 1.332755,0.219679, -0.215084, -0.304417, 0.901560
133, 0.060470, -0.092196, 1.333448,0.220582, -0.214227, -0.303723, 0.901777
134, 0.061183, -0.092541, 1.334119,0.221247, -0.213493, -0.302931, 0.902055
135, 0.061909, -0.092920, 1.334916,0.222191, -0.212722, -0.301857, 0.902365
136, 0.062581, -0.093202, 1.335620,0.223131, -0.212204, -0.300713, 0.902637
137, 0.063468, -0.093628, 1.337021,0.225619, -0.209701, -0.298231, 0.903427
138, 0.064093, -0.094145, 1.338776,0.228886, -0.206371, -0.294432, 0.904617
139, 0.064453, -0.094422, 1.340340,0.232677, -0.202915, -0.289638, 0.905979
140, 0.064427, -0.094713, 1.341485,0.234922, -0.200974, -0.286244, 0.906910
141, 0.064272, -0.095122, 1.342667,0.236703, -0.198437, -0.282637, 0.908136
142, 0.063841, -0.095558, 1.344523,0.240123, -0.194496, -0.275478, 0.910288
143, 0.063410, -0.095887, 1.345535,0.242044, -0.192375, -0.270874, 0.911611
144, 0.062823, -0.096332, 1.346642,0.243738, -0.189611, -0.266015, 0.913168
145, 0.062240, -0.096572, 1.347572,0.244980, -0.187051, -0.262107, 0.914493
146, 0.061563, -0.096897, 1.348411,0.246567, -0.184778, -0.257436, 0.915854
147, 0.060806, -0.097174, 1.349149,0.248465, -0.182552, -0.252893, 0.917052
148, 0.059912, -0.097390, 1.350044,0.249855, -0.180277, -0.248510, 0.918322
149, 0.059117, -0.097752, 1.350711,0.251454, -0.178111, -0.244624, 0.919351
150, 0.058230, -0.098145, 1.351402,0.252901, -0.175605, -0.239960, 0.920665
151, 0.057376, -0.098401, 1.352048,0.254553, -0.173422, -0.235581, 0.921753
152, 0.055896, -0.099233, 1.353021,0.257602, -0.169168, -0.226965, 0.923856
153, 0.055121, -0.099621, 1.353562,0.259372, -0.166568, -0.222450, 0.924931
154, 0.054003, -0.100336, 1.354314,0.262530, -0.162123, -0.214089, 0.926801
155, 0.052941, -0.101333, 1.355107,0.266095, -0.157323, -0.205024, 0.928659
156, 0.052255, -0.101984, 1.355593,0.268955, -0.154096, -0.198621, 0.929767
157, 0.051502, -0.102990, 1.356206,0.272388, -0.149781, -0.190217, 0.931229
158, 0.050776, -0.104288, 1.356850,0.276006, -0.145004, -0.180928, 0.932770
159, 0.050141, -0.105560, 1.357414,0.279295, -0.140676, -0.171815, 0.934176
160, 0.049584, -0.107064, 1.358010,0.281833, -0.136198, -0.163054, 0.935646
161, 0.049164, -0.108693, 1.358606,0.284685, -0.132049, -0.153978, 0.936914
162, 0.048760, -0.110418, 1.359312,0.287690, -0.127449, -0.144310, 0.938171
163, 0.048572, -0.111360, 1.359703,0.289270, -0.125062, -0.139422, 0.938746
164, 0.048293, -0.112977, 1.360366,0.292457, -0.121269, -0.130661, 0.939516
165, 0.048147, -0.113969, 1.360865,0.293975, -0.118969, -0.125836, 0.939995
166, 0.048064, -0.115712, 1.361579,0.297513, -0.115148, -0.116834, 0.940520
167, 0.048112, -0.117613, 1.362292,0.301136, -0.110987, -0.107200, 0.941014
168, 0.048222, -0.118576, 1.362726,0.302803, -0.108516, -0.102455, 0.941296
169, 0.048656, -0.120385, 1.363349,0.305740, -0.105004, -0.093455, 0.941681
170, 0.048982, -0.121396, 1.363685,0.307156, -0.103079, -0.088567, 0.941906
171, 0.049298, -0.122335, 1.364038,0.307799, -0.101194, -0.084254, 0.942296
172, 0.049717, -0.123492, 1.364469,0.308282, -0.099114, -0.079183, 0.942798
173, 0.050190, -0.124665, 1.364867,0.308546, -0.096754, -0.074017, 0.943377
174, 0.050713, -0.125900, 1.365211,0.308652, -0.094797, -0.068834, 0.943933
175, 0.051217, -0.126989, 1.365457,0.308185, -0.093128, -0.064422, 0.944563
176, 0.051836, -0.128284, 1.365896,0.307739, -0.090997, -0.059354, 0.945248
177, 0.052481, -0.129661, 1.366386,0.306476, -0.088681, -0.054269, 0.946183
178, 0.053181, -0.131011, 1.366806,0.305440, -0.086825, -0.049187, 0.946968
179, 0.053870, -0.132096, 1.367086,0.304359, -0.084912, -0.044893, 0.947703
180, 0.054706, -0.133376, 1.367479,0.302959, -0.083453, -0.039920, 0.948503
181, 0.055521, -0.134674, 1.368084,0.301488, -0.081070, -0.035080, 0.949369
182, 0.056401, -0.136023, 1.368606,0.299935, -0.078648, -0.030043, 0.950237
183, 0.057228, -0.137066, 1.368954,0.299159, -0.077339, -0.025860, 0.950712
184, 0.058253, -0.138235, 1.369493,0.297612, -0.074880, -0.021071, 0.951513
185, 0.059304, -0.139526, 1.370162,0.296294, -0.072815, -0.016138, 0.952180
186, 0.060423, -0.140762, 1.370812,0.294767, -0.070433, -0.011196, 0.952904
187, 0.061439, -0.141681, 1.371275,0.293390, -0.068534, -0.007093, 0.953507
188, 0.062627, -0.142789, 1.371831,0.292090, -0.066383, -0.002260, 0.954081
189, 0.063756, -0.143874, 1.372603,0.290652, -0.064361, 0.002608, 0.954658
190, 0.064709, -0.144766, 1.373275,0.289304, -0.062695, 0.006742, 0.955158
191, 0.065818, -0.145789, 1.373937,0.287521, -0.060089, 0.011298, 0.955821
192, 0.066813, -0.146530, 1.374738,0.286191, -0.058360, 0.014770, 0.956279
193, 0.067707, -0.147202, 1.375596,0.284940, -0.057138, 0.017494, 0.956681
194, 0.068375, -0.147682, 1.376231,0.283622, -0.055974, 0.019210, 0.957108
195, 0.068961, -0.147963, 1.376998,0.282495, -0.055284, 0.020070, 0.957464
196, 0.069688, -0.147897, 1.378539,0.281535, -0.055218, 0.018465, 0.957783
197, 0.069764, -0.147101, 1.379687,0.281954, -0.057893, 0.013728, 0.957581
198, 0.069373, -0.145876, 1.381127,0.282981, -0.060854, 0.006807, 0.957169
199, 0.069170, -0.144989, 1.381783,0.283762, -0.062607, 0.002352, 0.956846
200, 0.068883, -0.143902, 1.382363,0.285042, -0.064702, -0.002538, 0.956325
201, 0.068502, -0.142806, 1.382961,0.286268, -0.066889, -0.007768, 0.955780
202, 0.068074, -0.141755, 1.383523,0.287628, -0.068912, -0.012391, 0.955179
203, 0.067568, -0.140514, 1.384113,0.289275, -0.071632, -0.017667, 0.954399
204, 0.067053, -0.139204, 1.384619,0.290867, -0.073885, -0.022786, 0.953634
205, 0.066510, -0.137931, 1.385129,0.292647, -0.076263, -0.027732, 0.952771
206, 0.065995, -0.136816, 1.385613,0.293896, -0.077615, -0.031955, 0.952145
207, 0.065362, -0.135562, 1.386082,0.295523, -0.079224, -0.036732, 0.951336
208, 0.064718, -0.134217, 1.386446,0.297597, -0.081552, -0.041367, 0.950302
209, 0.064016, -0.132819, 1.386854,0.299953, -0.083808, -0.046150, 0.949144
210, 0.063382, -0.131673, 1.387214,0.301889, -0.085628, -0.050122, 0.948166
211, 0.062605, -0.130314, 1.387571,0.303943, -0.087164, -0.054707, 0.947116
212, 0.061810, -0.128859, 1.387902,0.306387, -0.089083, -0.059290, 0.945873
213, 0.061097, -0.127600, 1.388175,0.308550, -0.090481, -0.063211, 0.944783
214, 0.060247, -0.126161, 1.388435,0.310892, -0.092184, -0.067712, 0.943538
215, 0.059343, -0.124637, 1.388712,0.313072, -0.093882, -0.072158, 0.942319
216, 0.058446, -0.123130, 1.388999,0.315758, -0.095172, -0.076581, 0.940944
217, 0.057676, -0.121796, 1.389214,0.318079, -0.096915, -0.080418, 0.939663
218, 0.056807, -0.120237, 1.389427,0.320595, -0.098349, -0.084879, 0.938265
219, 0.055915, -0.118682, 1.389620,0.323179, -0.099427, -0.089260, 0.936858
220, 0.054956, -0.117050, 1.389820,0.325887, -0.101288, -0.093646, 0.935291
221, 0.054089, -0.115662, 1.390076,0.328274, -0.102506, -0.097389, 0.933940
222, 0.053079, -0.114042, 1.390263,0.331180, -0.104003, -0.101707, 0.932287
223, 0.051449, -0.111353, 1.390496,0.335813, -0.106349, -0.108370, 0.929610
224, 0.050511, -0.110000, 1.390710,0.338604, -0.107684, -0.111878, 0.928027
225, 0.049432, -0.108306, 1.390947,0.341642, -0.108648, -0.115919, 0.926304
226, 0.048388, -0.106605, 1.391146,0.344682, -0.110073, -0.120062, 0.924480
227, 0.047340, -0.104966, 1.391284,0.347806, -0.110745, -0.124069, 0.922699
228, 0.046456, -0.103432, 1.391480,0.350562, -0.112158, -0.127617, 0.921000
229, 0.045452, -0.101711, 1.391630,0.353406, -0.113382, -0.131671, 0.919191
230, 0.044446, -0.100023, 1.391790,0.356753, -0.114277, -0.135631, 0.917209
231, 0.043405, -0.098218, 1.392049,0.359585, -0.115257, -0.139695, 0.915368
232, 0.042564, -0.096772, 1.392200,0.361956, -0.116015, -0.143181, 0.913799
233, 0.041619, -0.094992, 1.392340,0.365379, -0.116574, -0.147214, 0.911722
234, 0.040700, -0.093207, 1.392472,0.368373, -0.117305, -0.151208, 0.909768
235, 0.039776, -0.091445, 1.392625,0.371470, -0.117829, -0.155065, 0.907789
236, 0.038991, -0.089914, 1.392816,0.374121, -0.117919, -0.158381, 0.906115
237, 0.038094, -0.088147, 1.393002,0.377152, -0.118657, -0.162259, 0.904074
238, 0.037167, -0.086322, 1.393173,0.380235, -0.119115, -0.166165, 0.902010
239, 0.036358, -0.084821, 1.393349,0.382874, -0.119314, -0.169489, 0.900247
240, 0.035448, -0.083058, 1.393543,0.386107, -0.119386, -0.173182, 0.898152
241, 0.034563, -0.081222, 1.393771,0.389880, -0.120441, -0.176942, 0.895645
242, 0.033710, -0.079454, 1.393974,0.393303, -0.120637, -0.180549, 0.893399
243, 0.032973, -0.077923, 1.394218,0.396406, -0.120636, -0.183596, 0.891404
244, 0.032108, -0.076215, 1.394527,0.400165, -0.121133, -0.187112, 0.888923
245, 0.031296, -0.074519, 1.394746,0.403791, -0.121174, -0.190390, 0.886578
246, 0.030499, -0.072748, 1.394977,0.407262, -0.121133, -0.193918, 0.884229
247, 0.029792, -0.071352, 1.395199,0.410700, -0.121310, -0.196814, 0.881971
248, 0.028942, -0.069693, 1.395465,0.413980, -0.121453, -0.200213, 0.879650
249, 0.028110, -0.068042, 1.395804,0.417321, -0.121412, -0.203782, 0.877254
250, 0.027311, -0.066527, 1.396089,0.420850, -0.121272, -0.207226, 0.874777
251, 0.026658, -0.065236, 1.396344,0.423811, -0.121185, -0.210200, 0.872648
252, 0.025871, -0.063727, 1.396735,0.427106, -0.120922, -0.213780, 0.870205
253, 0.025080, -0.062337, 1.397138,0.430671, -0.120824, -0.217233, 0.867602
254, 0.024309, -0.060957, 1.397573,0.434536, -0.120619, -0.220509, 0.864873
255, 0.023696, -0.059773, 1.397927,0.437679, -0.119924, -0.223158, 0.862703
256, 0.022970, -0.058385, 1.398350,0.441678, -0.119559, -0.226026, 0.859964
257, 0.022192, -0.057131, 1.398823,0.445899, -0.118822, -0.228474, 0.857237
258, 0.021495, -0.056155, 1.399271,0.449475, -0.118302, -0.230305, 0.854948
259, 0.020704, -0.054975, 1.399767,0.453459, -0.117377, -0.232409, 0.852399
260, 0.019935, -0.053846, 1.400260,0.457911, -0.116604, -0.234329, 0.849595
261, 0.019203, -0.052791, 1.400810,0.462273, -0.115806, -0.236023, 0.846868
262, 0.018604, -0.051919, 1.401299,0.465966, -0.114413, -0.237317, 0.844669
263, 0.017940, -0.051016, 1.401813,0.470397, -0.113699, -0.238554, 0.841957
264, 0.017316, -0.050144, 1.402359,0.475007, -0.112430, -0.239704, 0.839208
265, 0.016707, -0.049275, 1.402940,0.479560, -0.111256, -0.240652, 0.836499
266, 0.015666, -0.047943, 1.403974,0.488231, -0.108304, -0.241786, 0.831529
267, 0.015118, -0.047300, 1.404515,0.492833, -0.107184, -0.242164, 0.828845
268, 0.014558, -0.046662, 1.405109,0.497278, -0.105664, -0.242551, 0.826268
269, 0.013505, -0.045611, 1.406333,0.505811, -0.103342, -0.242935, 0.821254
270, 0.012485, -0.044602, 1.407467,0.514127, -0.100486, -0.243422, 0.816286
271, 0.011920, -0.044079, 1.408138,0.518772, -0.099192, -0.243835, 0.813377
272, 0.008777, -0.039399, 1.412755,0.551160, -0.089969, -0.251138, 0.790606
273, 0.008403, -0.038501, 1.412471,0.554414, -0.090170, -0.254962, 0.787076
274, 0.008467, -0.039093, 1.409835,0.542633, -0.094476, -0.258409, 0.793630
275, 0.008450, -0.039810, 1.407559,0.533344, -0.098387, -0.259837, 0.798967
276, 0.008468, -0.040166, 1.406527,0.529351, -0.099596, -0.260121, 0.801377
277, 0.008457, -0.040576, 1.405312,0.524767, -0.101240, -0.260350, 0.804107
278, 0.008420, -0.041031, 1.404132,0.520238, -0.102869, -0.260455, 0.806804
279, 0.008394, -0.041510, 1.402948,0.515699, -0.104539, -0.260408, 0.809515
280, 0.008378, -0.042520, 1.400781,0.507244, -0.107666, -0.259860, 0.814607
281, 0.008360, -0.043106, 1.399648,0.502514, -0.109112, -0.259431, 0.817478
282, 0.008332, -0.043703, 1.398516,0.497814, -0.110679, -0.258980, 0.820281
283, 0.008343, -0.044247, 1.397448,0.493927, -0.111689, -0.258485, 0.822646
284, 0.008361, -0.044786, 1.396416,0.490187, -0.113013, -0.257969, 0.824862
285, 0.008371, -0.045508, 1.395061,0.485025, -0.114742, -0.257154, 0.827923
286, 0.008368, -0.046210, 1.393857,0.480473, -0.116445, -0.256307, 0.830598
287, 0.008377, -0.046820, 1.392793,0.476480, -0.117139, -0.255499, 0.833046
288, 0.008386, -0.047512, 1.391503,0.471713, -0.118592, -0.254561, 0.835836
289, 0.008381, -0.048267, 1.390137,0.467098, -0.119421, -0.253533, 0.838617
290, 0.008354, -0.048872, 1.389013,0.463207, -0.120773, -0.252770, 0.840809
291, 0.008300, -0.049589, 1.387776,0.458631, -0.121906, -0.251825, 0.843434
292, 0.008281, -0.050378, 1.386461,0.453990, -0.123047, -0.250744, 0.846097
293, 0.008290, -0.051134, 1.385061,0.449307, -0.124287, -0.249559, 0.848761
294, 0.008273, -0.051812, 1.383934,0.445367, -0.125449, -0.248599, 0.850946
295, 0.008273, -0.052642, 1.382598,0.440697, -0.126440, -0.247542, 0.853535
296, 0.008304, -0.053424, 1.381125,0.436087, -0.127666, -0.246456, 0.856031
297, 0.008395, -0.054265, 1.379603,0.431571, -0.129046, -0.245228, 0.858462
298, 0.008488, -0.055011, 1.378319,0.427590, -0.130081, -0.244063, 0.860627
299, 0.008576, -0.055884, 1.376887,0.423245, -0.131517, -0.242784, 0.862915
300, 0.008710, -0.056824, 1.375361,0.418626, -0.132846, -0.241321, 0.865372
301, 0.008977, -0.058082, 1.373059,0.411928, -0.134388, -0.239571, 0.868827
302, 0.009162, -0.058965, 1.371496,0.407033, -0.135367, -0.238548, 0.871261
303, 0.009317, -0.059786, 1.370139,0.402784, -0.136596, -0.237649, 0.873287
304, 0.009533, -0.060706, 1.368545,0.398140, -0.137795, -0.236684, 0.875487
305, 0.009748, -0.061578, 1.366925,0.393403, -0.139027, -0.235744, 0.877685
306, 0.009995, -0.062669, 1.365266,0.388744, -0.139609, -0.234448, 0.880012
307, 0.010223, -0.063572, 1.363895,0.384445, -0.139893, -0.233203, 0.882184
308, 0.010499, -0.064677, 1.362279,0.379562, -0.140282, -0.231480, 0.884687
309, 0.010793, -0.065826, 1.360669,0.375154, -0.140844, -0.229628, 0.886957
310, 0.011097, -0.066799, 1.359308,0.370992, -0.141673, -0.228101, 0.888968
311, 0.011482, -0.067887, 1.357761,0.366192, -0.142717, -0.226434, 0.891214
312, 0.011853, -0.068979, 1.356235,0.361483, -0.144259, -0.225035, 0.893241
313, 0.012211, -0.070101, 1.354791,0.356859, -0.145811, -0.223767, 0.895164
314, 0.012540, -0.071038, 1.353492,0.352784, -0.146539, -0.222830, 0.896893
315, 0.012929, -0.072085, 1.352002,0.347916, -0.147624, -0.222032, 0.898812
316, 0.013320, -0.073130, 1.350541,0.342839, -0.148429, -0.221336, 0.900800
317, 0.013743, -0.074232, 1.348985,0.337738, -0.149046, -0.220551, 0.902815
318, 0.014143, -0.075179, 1.347585,0.333568, -0.150013, -0.219946, 0.904352
319, 0.014587, -0.076243, 1.345964,0.328373, -0.150635, -0.219485, 0.906259
320, 0.015055, -0.077350, 1.344404,0.323402, -0.151565, -0.218986, 0.908011
321, 0.015557, -0.078359, 1.342777,0.318421, -0.153095, -0.218797, 0.909559
322, 0.015987, -0.079266, 1.341327,0.313887, -0.154033, -0.218814, 0.910972
323, 0.016470, -0.080238, 1.339630,0.308559, -0.155323, -0.218888, 0.912554
324, 0.016922, -0.081264, 1.338002,0.303625, -0.156710, -0.218928, 0.913961
325, 0.017432, -0.082318, 1.336273,0.298632, -0.158260, -0.218885, 0.915348
326, 0.017894, -0.083184, 1.334703,0.294189, -0.159126, -0.218858, 0.916642
327, 0.018430, -0.084173, 1.332890,0.288991, -0.160730, -0.218984, 0.917985
328, 0.018903, -0.085176, 1.331149,0.283900, -0.162198, -0.219212, 0.919260
329, 0.019302, -0.085999, 1.329737,0.279442, -0.163721, -0.219573, 0.920269
330, 0.019760, -0.086915, 1.328135,0.274519, -0.165034, -0.220055, 0.921401
331, 0.020228, -0.088001, 1.326490,0.269411, -0.166236, -0.220252, 0.922644
332, 0.020708, -0.089036, 1.324821,0.264185, -0.167634, -0.220261, 0.923899
333, 0.021101, -0.089967, 1.323412,0.259801, -0.168619, -0.220208, 0.924975
334, 0.021514, -0.091141, 1.321815,0.254508, -0.169776, -0.219979, 0.926289
335, 0.021894, -0.092326, 1.320287,0.249334, -0.170839, -0.219601, 0.927589
336, 0.022287, -0.093641, 1.318754,0.244129, -0.171773, -0.218881, 0.928971
337, 0.022629, -0.094838, 1.317441,0.239911, -0.172353, -0.218167, 0.930129
338, 0.023007, -0.096236, 1.315921,0.234592, -0.173028, -0.217098, 0.931610
339, 0.023371, -0.097777, 1.314580,0.229351, -0.173829, -0.215965, 0.933028
340, 0.023688, -0.099259, 1.313406,0.224197, -0.174137, -0.214823, 0.934486
341, 0.023948, -0.100705, 1.312399,0.219969, -0.174079, -0.213446, 0.935816
342, 0.024293, -0.102633, 1.311342,0.214847, -0.173921, -0.211129, 0.937559
343, 0.024599, -0.104434, 1.310491,0.210058, -0.173442, -0.208868, 0.939238
344, 0.024888, -0.106368, 1.309795,0.205347, -0.172889, -0.206340, 0.940939
345, 0.025134, -0.108133, 1.309259,0.201573, -0.172197, -0.203897, 0.942413
346, 0.025415, -0.110086, 1.308821,0.197349, -0.171307, -0.201077, 0.944074
347, 0.025675, -0.112107, 1.308534,0.193051, -0.169956, -0.198049, 0.945845
348, 0.025971, -0.114314, 1.308359,0.189050, -0.169068, -0.194621, 0.947523
349, 0.026256, -0.116128, 1.308340,0.185594, -0.168079, -0.191762, 0.948963
350, 0.026624, -0.118261, 1.308378,0.181717, -0.166867, -0.188454, 0.950589
351, 0.027036, -0.120451, 1.308594,0.178213, -0.165880, -0.184986, 0.952105
352, 0.027387, -0.122300, 1.308878,0.175103, -0.164368, -0.181977, 0.953523
353, 0.027860, -0.124362, 1.309280,0.172125, -0.162849, -0.178334, 0.955013
354, 0.028415, -0.126461, 1.309822,0.169418, -0.160897, -0.174259, 0.956579
355, 0.029005, -0.128575, 1.310515,0.167353, -0.158937, -0.169956, 0.958043
356, 0.029552, -0.130331, 1.311299,0.165320, -0.156671, -0.166201, 0.959427
357, 0.030206, -0.132386, 1.312250,0.163648, -0.154357, -0.161750, 0.960849
358, 0.030911, -0.134459, 1.313206,0.161860, -0.151850, -0.157207, 0.962304
359, 0.031628, -0.136415, 1.314226,0.160433, -0.149274, -0.152706, 0.963670
360, 0.032246, -0.138125, 1.315156,0.159100, -0.147021, -0.148883, 0.964835
361, 0.033015, -0.140092, 1.316339,0.157993, -0.144421, -0.144427, 0.966086
362, 0.033843, -0.142090, 1.317537,0.156767, -0.141737, -0.139854, 0.967355
363, 0.034745, -0.144009, 1.318752,0.155620, -0.139539, -0.135229, 0.968517
364, 0.035531, -0.145610, 1.319812,0.154618, -0.137206, -0.131421, 0.969534
365, 0.036584, -0.147520, 1.320998,0.154805, -0.138209, -0.126636, 0.969998
366, 0.042878, -0.157293, 1.328176,0.146725, -0.121616, -0.104981, 0.976043
367, 0.047379, -0.162541, 1.332508,0.143437, -0.115028, -0.094349, 0.978413
368, 0.048513, -0.163733, 1.333700,0.142762, -0.113255, -0.091005, 0.979035
369, 0.049667, -0.164986, 1.334979,0.142323, -0.111484, -0.088153, 0.979564
370, 0.050694, -0.166055, 1.336012,0.141903, -0.109405, -0.085557, 0.980089
371, 0.051928, -0.167206, 1.337177,0.141604, -0.106954, -0.082504, 0.980664
372, 0.053134, -0.168298, 1.338408,0.141463, -0.105363, -0.079355, 0.981116
373, 0.054330, -0.169447, 1.339767,0.141586, -0.103358, -0.075945, 0.981582
374, 0.055499, -0.170557, 1.341095,0.141910, -0.100930, -0.072619, 0.982039
375, 0.056537, -0.171409, 1.342192,0.142198, -0.099009, -0.069914, 0.982389
376, 0.057754, -0.172361, 1.343490,0.142653, -0.097260, -0.066742, 0.982719
377, 0.058938, -0.173369, 1.344854,0.143131, -0.094962, -0.063456, 0.983092
378, 0.060067, -0.174299, 1.346277,0.143632, -0.092966, -0.060210, 0.983413
379, 0.061036, -0.175019, 1.347481,0.144162, -0.091364, -0.057589, 0.983643
380, 0.062153, -0.175830, 1.348869,0.144759, -0.089073, -0.054611, 0.983935
381, 0.063265, -0.176650, 1.350309,0.145168, -0.087213, -0.051517, 0.984208
382, 0.064771, -0.177670, 1.352431,0.146357, -0.084404, -0.047153, 0.984496
383, 0.065773, -0.178405, 1.353915,0.146954, -0.082447, -0.044144, 0.984712
384, 0.066448, -0.178832, 1.354972,0.147745, -0.081191, -0.042019, 0.984791
385, 0.067535, -0.179471, 1.356633,0.148859, -0.079325, -0.038721, 0.984911
386, 0.068464, -0.179973, 1.358054,0.150170, -0.077469, -0.035580, 0.984978
387, 0.069285, -0.180471, 1.359480,0.151049, -0.074932, -0.032360, 0.985151
388, 0.069927, -0.180866, 1.360746,0.152324, -0.073811, -0.029460, 0.985130
389, 0.070673, -0.181241, 1.362228,0.153503, -0.071322, -0.026205, 0.985222
390, 0.071391, -0.181510, 1.363644,0.154893, -0.069097, -0.022965, 0.985244
391, 0.072053, -0.181654, 1.364932,0.156755, -0.067352, -0.019858, 0.985138
392, 0.072539, -0.181724, 1.366052,0.158258, -0.066102, -0.017401, 0.985029
393, 0.073025, -0.181711, 1.367421,0.159971, -0.064653, -0.014727, 0.984892
394, 0.073470, -0.181612, 1.368677,0.161862, -0.063427, -0.012411, 0.984695
395, 0.073766, -0.181399, 1.369698,0.163808, -0.062740, -0.010903, 0.984435
396, 0.073989, -0.180963, 1.370797,0.165747, -0.062271, -0.009732, 0.984152
397, 0.074091, -0.180418, 1.371900,0.167774, -0.061925, -0.009098, 0.983837
398, 0.074129, -0.179760, 1.373033,0.170277, -0.062198, -0.008962, 0.983390
399, 0.074082, -0.178989, 1.373945,0.172643, -0.062299, -0.009386, 0.982967
400, 0.073966, -0.178018, 1.374808,0.175736, -0.062905, -0.010576, 0.982369
401, 0.073724, -0.176797, 1.375620,0.179130, -0.064336, -0.012544, 0.981639
402, 0.073431, -0.175630, 1.376360,0.181992, -0.065423, -0.014809, 0.981009
403, 0.073064, -0.174247, 1.377176,0.185822, -0.067580, -0.017660, 0.980098
404, 0.072647, -0.172704, 1.377977,0.189929, -0.069551, -0.021053, 0.979105
405, 0.072234, -0.171089, 1.378706,0.193763, -0.071383, -0.024635, 0.978138
406, 0.071794, -0.169505, 1.379433,0.197864, -0.073552, -0.028212, 0.977059
407, 0.071395, -0.168169, 1.380065,0.201243, -0.074879, -0.031145, 0.976178
408, 0.070904, -0.166566, 1.380886,0.205009, -0.077013, -0.034575, 0.975113
409, 0.070389, -0.165015, 1.381741,0.209115, -0.078752, -0.037848, 0.973980
410, 0.069934, -0.163703, 1.382416,0.212171, -0.080388, -0.040593, 0.973074
411, 0.069340, -0.162049, 1.383218,0.216211, -0.082171, -0.043897, 0.971892
412, 0.068709, -0.160491, 1.383994,0.220143, -0.084031, -0.047152, 0.970697
413, 0.068048, -0.158863, 1.384840,0.224307, -0.085675, -0.050465, 0.969433
414, 0.067476, -0.157458, 1.385585,0.227552, -0.086980, -0.053379, 0.968403
415, 0.066823, -0.155838, 1.386400,0.231621, -0.089119, -0.056620, 0.967059
416, 0.066125, -0.154188, 1.387291,0.235676, -0.090531, -0.060029, 0.965742
417, 0.065350, -0.152507, 1.388281,0.239330, -0.092141, -0.063542, 0.964465
418, 0.064680, -0.151137, 1.389083,0.242664, -0.093379, -0.066532, 0.963311
419, 0.063934, -0.149424, 1.389931,0.246373, -0.094975, -0.069914, 0.961973
420, 0.063128, -0.147607, 1.390787,0.250229, -0.096969, -0.073454, 0.960514
421, 0.062250, -0.145909, 1.391713,0.254132, -0.098298, -0.076867, 0.959086
422, 0.061494, -0.144390, 1.392515,0.257521, -0.099229, -0.079747, 0.957850
423, 0.060652, -0.142533, 1.393322,0.261493, -0.100811, -0.083233, 0.956311
424, 0.059811, -0.140718, 1.393974,0.265143, -0.102236, -0.086624, 0.954852
425, 0.059044, -0.139122, 1.394637,0.268331, -0.103135, -0.089598, 0.953590
426, 0.058096, -0.137313, 1.395488,0.272087, -0.104687, -0.093000, 0.952030
427, 0.057139, -0.135532, 1.396145,0.275659, -0.105701, -0.096392, 0.950551
428, 0.056153, -0.133626, 1.396736,0.279518, -0.107387, -0.099932, 0.948868
429, 0.055244, -0.132081, 1.397223,0.283068, -0.108389, -0.102886, 0.947385
430, 0.054127, -0.130229, 1.397812,0.286773, -0.109824, -0.106327, 0.945724
431, 0.052943, -0.128333, 1.398317,0.290328, -0.111014, -0.109839, 0.944098
432, 0.051708, -0.126492, 1.398710,0.294142, -0.112051, -0.113218, 0.942394
433, 0.050604, -0.124804, 1.399080,0.297200, -0.112797, -0.116304, 0.940969
434, 0.049289, -0.122870, 1.399388,0.301210, -0.114064, -0.119747, 0.939108
435, 0.047979, -0.120894, 1.399575,0.304876, -0.115381, -0.123177, 0.937318
436, 0.046609, -0.118836, 1.399802,0.308486, -0.116046, -0.126722, 0.935581
437, 0.045402, -0.117147, 1.399991,0.311761, -0.116503, -0.129692, 0.934030
438, 0.043958, -0.114990, 1.400181,0.315030, -0.117547, -0.133370, 0.932283
439, 0.042503, -0.112882, 1.400194,0.318276, -0.117907, -0.137052, 0.930599
440, 0.040997, -0.110704, 1.400202,0.321815, -0.119212, -0.140751, 0.928662
441, 0.039690, -0.108802, 1.400182,0.324736, -0.120309, -0.144025, 0.927000
442, 0.038186, -0.106538, 1.400191,0.328460, -0.121532, -0.147949, 0.924908
443, 0.036691, -0.104320, 1.400105,0.331153, -0.122436, -0.151859, 0.923193
444, 0.035397, -0.102437, 1.400078,0.334175, -0.123534, -0.155160, 0.921408
445, 0.033898, -0.100116, 1.400127,0.337280, -0.124176, -0.159060, 0.919523
446, 0.032468, -0.097941, 1.400064,0.340984, -0.125301, -0.162785, 0.917350
447, 0.031004, -0.095600, 1.399978,0.344408, -0.125827, -0.166660, 0.915301
448, 0.029733, -0.093670, 1.399975,0.347242, -0.126799, -0.169815, 0.913514
449, 0.028246, -0.091424, 1.400074,0.350659, -0.127903, -0.173565, 0.911347
450, 0.026812, -0.089171, 1.400115,0.354189, -0.128715, -0.177317, 0.909143
451, 0.025402, -0.086967, 1.400153,0.357663, -0.129120, -0.180935, 0.907010
452, 0.024231, -0.085060, 1.400164,0.360494, -0.129406, -0.183992, 0.905232
453, 0.022884, -0.082869, 1.400287,0.363797, -0.129777, -0.187607, 0.903113
454, 0.021533, -0.080687, 1.400410,0.367006, -0.129561, -0.191192, 0.901092
455, 0.020408, -0.078830, 1.400457,0.369921, -0.129787, -0.194232, 0.899215
456, 0.019111, -0.076622, 1.400539,0.373565, -0.130171, -0.197827, 0.896866
457, 0.017842, -0.074552, 1.400605,0.376696, -0.130175, -0.201374, 0.894764
458, 0.016635, -0.072419, 1.400733,0.380007, -0.130531, -0.205210, 0.892438
459, 0.015642, -0.070642, 1.400757,0.382802, -0.130351, -0.208473, 0.890511
460, 0.014502, -0.068662, 1.400674,0.385904, -0.131146, -0.212142, 0.888186
461, 0.013363, -0.066547, 1.400616,0.389066, -0.132503, -0.215988, 0.885675
462, 0.012235, -0.064658, 1.400536,0.391743, -0.132939, -0.219837, 0.883479
463, 0.011279, -0.062992, 1.400407,0.394007, -0.133828, -0.223385, 0.881446
464, 0.010154, -0.061000, 1.400137,0.395979, -0.133632, -0.227904, 0.879434
465, 0.008957, -0.059189, 1.399812,0.398063, -0.134562, -0.232306, 0.877196
466, 0.007763, -0.057335, 1.399436,0.399679, -0.135666, -0.236843, 0.875075
467, 0.006763, -0.055753, 1.399029,0.400775, -0.136503, -0.240797, 0.873363
468, 0.005553, -0.053984, 1.398485,0.401991, -0.137339, -0.245618, 0.871328
469, 0.004277, -0.052315, 1.397890,0.402453, -0.138410, -0.250538, 0.869543
470, 0.002930, -0.050709, 1.397236,0.402422, -0.139671, -0.255426, 0.867932
471, 0.001773, -0.049403, 1.396554,0.402063, -0.140533, -0.259280, 0.866816
472, 0.000448, -0.048136, 1.395714,0.401481, -0.141695, -0.262970, 0.865784
473, -0.000861, -0.046891, 1.394809,0.400634, -0.142876, -0.266109, 0.865023
474, -0.002005, -0.045980, 1.394009,0.400008, -0.143591, -0.268352, 0.864501
475, -0.003355, -0.045001, 1.393076,0.399046, -0.144226, -0.270471, 0.864180
476, -0.004697, -0.044099, 1.392102,0.397960, -0.145167, -0.272350, 0.863933
477, -0.006023, -0.043424, 1.391061,0.397256, -0.145699, -0.273422, 0.863829
478, -0.007990, -0.042503, 1.389493,0.395996, -0.146084, -0.274184, 0.864100
479, -0.009230, -0.042117, 1.388594,0.394904, -0.146111, -0.274316, 0.864554
480, -0.010657, -0.041704, 1.387520,0.393661, -0.146465, -0.274389, 0.865037
481, -0.012119, -0.041361, 1.386355,0.392217, -0.146406, -0.274178, 0.865770
482, -0.013591, -0.041167, 1.385169,0.390776, -0.146283, -0.273599, 0.866625
483, -0.028475, -0.061053, 1.355912,0.361084, -0.127689, -0.205073, 0.900699
484, -0.027767, -0.062374, 1.354859,0.360887, -0.128527, -0.203502, 0.901015
485, -0.026887, -0.063966, 1.353728,0.360651, -0.129154, -0.201832, 0.901396
486, -0.025920, -0.065501, 1.352616,0.360473, -0.130103, -0.200608, 0.901604
487, -0.024848, -0.067000, 1.351463,0.359910, -0.130947, -0.199838, 0.901877
488, -0.023919, -0.068248, 1.350501,0.359596, -0.131769, -0.199500, 0.901957
489, -0.022760, -0.069693, 1.349361,0.358903, -0.132505, -0.199318, 0.902166
490, -0.021514, -0.070998, 1.348282,0.358550, -0.133517, -0.199427, 0.902133
491, -0.020242, -0.072219, 1.347280,0.357948, -0.134273, -0.200008, 0.902131
492, -0.019174, -0.073238, 1.346453,0.357443, -0.134942, -0.200856, 0.902043
493, -0.017897, -0.074208, 1.345471,0.356728, -0.135595, -0.202472, 0.901867
494, -0.016586, -0.075061, 1.344546,0.356253, -0.136728, -0.204517, 0.901422
495, -0.015444, -0.075853, 1.343771,0.355605, -0.137334, -0.206218, 0.901198
496, -0.014102, -0.076679, 1.342902,0.354752, -0.138466, -0.208494, 0.900837
497, -0.012731, -0.077376, 1.342108,0.354055, -0.139598, -0.211132, 0.900322
498, -0.011376, -0.078104, 1.341339,0.353478, -0.140610, -0.213986, 0.899718
499, -0.010187, -0.078633, 1.340666,0.352937, -0.141353, -0.216592, 0.899190
500, -0.008755, -0.079201, 1.339913,0.352698, -0.142442, -0.219684, 0.898361
501, -0.007286, -0.079826, 1.339185,0.352308, -0.143798, -0.222573, 0.897587
502, -0.005814, -0.080461, 1.338526,0.351864, -0.144804, -0.225518, 0.896864
503, -0.004558, -0.080936, 1.338020,0.351474, -0.146078, -0.228172, 0.896139
504, -0.003062, -0.081487, 1.337351,0.350990, -0.146847, -0.231395, 0.895376
505, -0.001546, -0.082000, 1.336720,0.350428, -0.148199, -0.234616, 0.894535
506, -0.000044, -0.082505, 1.336161,0.349966, -0.149145, -0.237877, 0.893697
507, 0.001278, -0.082960, 1.335671,0.349756, -0.150256, -0.240641, 0.892853
508, 0.002830, -0.083431, 1.335156,0.349447, -0.151349, -0.243893, 0.891906
509, 0.004384, -0.083928, 1.334698,0.349504, -0.152543, -0.247089, 0.890800
510, 0.005973, -0.084446, 1.334188,0.349244, -0.153650, -0.250171, 0.889851
511, 0.007310, -0.084815, 1.333800,0.348612, -0.154208, -0.252949, 0.889217
512, 0.008893, -0.085302, 1.333354,0.348592, -0.155327, -0.256183, 0.888103
513, 0.010490, -0.085748, 1.332993,0.348518, -0.156221, -0.259420, 0.887035
514, 0.011864, -0.086068, 1.332712,0.348508, -0.157014, -0.262421, 0.886016
515, 0.013484, -0.086398, 1.332340,0.348461, -0.157886, -0.266028, 0.884803
516, 0.015103, -0.086662, 1.332012,0.348925, -0.158809, -0.269863, 0.883292
517, 0.016703, -0.086885, 1.331765,0.349038, -0.160039, -0.273970, 0.881760
518, 0.018088, -0.087056, 1.331553,0.349363, -0.161090, -0.277444, 0.880352
519, 0.019708, -0.087250, 1.331348,0.349732, -0.162051, -0.281627, 0.878700
520, 0.021309, -0.087440, 1.331162,0.350129, -0.163368, -0.285749, 0.876965
521, 0.022714, -0.087608, 1.331014,0.350794, -0.164351, -0.289208, 0.875381
522, 0.024354, -0.087835, 1.330896,0.351427, -0.165424, -0.293147, 0.873612
523, 0.026006, -0.088067, 1.330796,0.352009, -0.166174, -0.297132, 0.871888
524, 0.027634, -0.088254, 1.330701,0.352695, -0.166934, -0.301041, 0.870123
525, 0.029049, -0.088482, 1.330660,0.353318, -0.167546, -0.304255, 0.868633
526, 0.030674, -0.088741, 1.330699,0.354293, -0.168233, -0.308009, 0.866778
527, 0.032316, -0.088960, 1.330714,0.354946, -0.169112, -0.311871, 0.864957
528, 0.033971, -0.089148, 1.330708,0.356078, -0.169733, -0.315738, 0.862965
529, 0.035399, -0.089341, 1.330768,0.357088, -0.170644, -0.318962, 0.861181
530, 0.037011, -0.089595, 1.330977,0.358258, -0.171442, -0.322774, 0.859113
531, 0.038626, -0.089826, 1.331175,0.359158, -0.172039, -0.326591, 0.857173
532, 0.040274, -0.090012, 1.331330,0.360362, -0.172507, -0.330410, 0.855108
533, 0.041663, -0.090179, 1.331556,0.361570, -0.172636, -0.333726, 0.853282
534, 0.043264, -0.090373, 1.331919,0.362966, -0.173374, -0.337584, 0.851020
535, 0.044855, -0.090519, 1.332297,0.364412, -0.173516, -0.341475, 0.848817
536, 0.046401, -0.090522, 1.332724,0.366094, -0.173975, -0.345573, 0.846337
537, 0.047663, -0.090509, 1.333155,0.367875, -0.174364, -0.349038, 0.844060
538, 0.049046, -0.090399, 1.333727,0.369599, -0.174598, -0.353165, 0.841538
539, 0.050372, -0.090276, 1.334380,0.371559, -0.174688, -0.357369, 0.838878
540, 0.051435, -0.090027, 1.335013,0.373477, -0.174535, -0.360982, 0.836507
541, 0.052582, -0.089694, 1.335757,0.376011, -0.174906, -0.365084, 0.833509
542, 0.053636, -0.089319, 1.336527,0.378574, -0.174532, -0.369026, 0.830686
543, 0.054589, -0.088840, 1.337442,0.381228, -0.174219, -0.372889, 0.827809
544, 0.055768, -0.088171, 1.338771,0.385058, -0.173085, -0.378158, 0.823874
545, 0.056353, -0.087642, 1.339604,0.387282, -0.172488, -0.381224, 0.821540
546, 0.056948, -0.087053, 1.340591,0.390078, -0.171758, -0.384520, 0.818830
547, 0.057423, -0.086392, 1.341632,0.393208, -0.170972, -0.387633, 0.816025
548, 0.057791, -0.085687, 1.342703,0.396234, -0.170097, -0.390467, 0.813389
549, 0.058013, -0.085093, 1.343623,0.399055, -0.168934, -0.392610, 0.811218
550, 0.058195, -0.084365, 1.344708,0.402212, -0.167806, -0.394987, 0.808735
551, 0.058304, -0.083598, 1.345816,0.405569, -0.166520, -0.397149, 0.806261
552, 0.058343, -0.082867, 1.346937,0.408904, -0.165291, -0.399052, 0.803887
553, 0.058326, -0.082179, 1.347920,0.411679, -0.164057, -0.400465, 0.802018
554, 0.058202, -0.081400, 1.349162,0.414892, -0.162847, -0.401953, 0.799862
555, 0.058009, -0.080734, 1.350248,0.417509, -0.161421, -0.403125, 0.798198
556, 0.057675, -0.079794, 1.351623,0.421492, -0.159528, -0.404370, 0.795852
557, 0.057331, -0.079081, 1.352656,0.424571, -0.158289, -0.405207, 0.794035
558, 0.056820, -0.078233, 1.354011,0.428185, -0.156744, -0.406010, 0.791988
559, 0.056262, -0.077341, 1.355398,0.431593, -0.154919, -0.406777, 0.790101
560, 0.055756, -0.076581, 1.356483,0.434921, -0.153089, -0.407190, 0.788418
561, 0.055103, -0.075632, 1.357833,0.438784, -0.151447, -0.407631, 0.786365
562, 0.054350, -0.074684, 1.359260,0.442405, -0.149756, -0.408000, 0.784466
563, 0.052640, -0.072711, 1.362032,0.449219, -0.145965, -0.408446, 0.781069
564, 0.051852, -0.071872, 1.363138,0.452183, -0.145151, -0.408474, 0.779494
565, 0.051141, -0.071115, 1.364148,0.454423, -0.143855, -0.408660, 0.778333
566, 0.049887, -0.069757, 1.365901,0.457928, -0.141875, -0.409141, 0.776387
567, 0.049082, -0.068789, 1.366911,0.460382, -0.140720, -0.409457, 0.774979
568, 0.048080, -0.067606, 1.368176,0.462816, -0.139725, -0.409928, 0.773458
569, 0.047005, -0.066602, 1.369456,0.465083, -0.138681, -0.410184, 0.772150
570, 0.045941, -0.065503, 1.370545,0.467053, -0.137547, -0.410429, 0.771032
571, 0.045316, -0.064812, 1.371159,0.468180, -0.137135, -0.410651, 0.770303
572, 0.043755, -0.063428, 1.372496,0.470385, -0.135912, -0.410726, 0.769136
573, 0.042499, -0.062395, 1.373483,0.471913, -0.135268, -0.410688, 0.768333
574, 0.041426, -0.061547, 1.374229,0.472859, -0.134641, -0.410450, 0.767989
575, 0.040124, -0.060639, 1.375053,0.474133, -0.134236, -0.409964, 0.767534
576, 0.038782, -0.059637, 1.375867,0.475037, -0.133563, -0.409492, 0.767345
577, 0.037366, -0.058705, 1.376678,0.475822, -0.133177, -0.408977, 0.767200
578, 0.035908, -0.057748, 1.377399,0.476687, -0.132740, -0.408335, 0.767081
579, 0.034660, -0.056849, 1.378005,0.477674, -0.132135, -0.407773, 0.766870
580, 0.033162, -0.055863, 1.378789,0.478417, -0.131587, -0.407095, 0.766861
581, 0.031622, -0.054864, 1.379584,0.479051, -0.131218, -0.406399, 0.766898
582, 0.030065, -0.053868, 1.380224,0.479872, -0.130756, -0.405477, 0.766952
583, 0.028678, -0.052963, 1.380772,0.480650, -0.130206, -0.404596, 0.767023
584, 0.027022, -0.051932, 1.381452,0.481527, -0.129541, -0.403477, 0.767175
585, 0.025344, -0.050969, 1.382119,0.482476, -0.129216, -0.402172, 0.767319
586, 0.023925, -0.050119, 1.382610,0.483082, -0.128672, -0.400986, 0.767649
587, 0.022305, -0.049139, 1.383121,0.483849, -0.128211, -0.399514, 0.768011
588, 0.020652, -0.048162, 1.383629,0.484518, -0.127858, -0.398078, 0.768393
589, 0.018977, -0.047228, 1.384121,0.485175, -0.127147, -0.396571, 0.768876
590, 0.017323, -0.046337, 1.384517,0.485843, -0.127262, -0.394949, 0.769270
591, 0.015935, -0.045528, 1.384783,0.486188, -0.126829, -0.393642, 0.769793
592, 0.014236, -0.044623, 1.385123,0.486523, -0.126576, -0.392137, 0.770391
593, 0.012558, -0.043857, 1.385342,0.486658, -0.126689, -0.390407, 0.771166
594, 0.011183, -0.043154, 1.385437,0.486926, -0.126550, -0.388903, 0.771779
595, 0.009595, -0.042355, 1.385506,0.487170, -0.126448, -0.387154, 0.772521
596, 0.007968, -0.041673, 1.385545,0.486914, -0.126070, -0.385373, 0.773634
597, 0.006373, -0.040993, 1.385426,0.486834, -0.126490, -0.383507, 0.774543
598, 0.005029, -0.040428, 1.385187,0.486634, -0.126401, -0.381811, 0.775519
599, 0.003452, -0.039845, 1.384903,0.486211, -0.126651, -0.379660, 0.776799
600, 0.001863, -0.039384, 1.384561,0.485525, -0.126585, -0.377340, 0.778367
601, 0.000332, -0.039004, 1.384106,0.484667, -0.127033, -0.374919, 0.779998
602, -0.000895, -0.038715, 1.383565,0.483590, -0.127419, -0.372886, 0.781576
603, -0.002297, -0.038332, 1.382932,0.482630, -0.127767, -0.370546, 0.783224
604, -0.003697, -0.038009, 1.382274,0.481140, -0.128328, -0.368378, 0.785069
605, -0.005075, -0.037715, 1.381599,0.479698, -0.129213, -0.366400, 0.786730
606, -0.006151, -0.037413, 1.380924,0.477938, -0.129819, -0.365019, 0.788342
607, -0.007335, -0.037141, 1.380055,0.476218, -0.130490, -0.363410, 0.790014
608, -0.008487, -0.036772, 1.379172,0.474067, -0.131350, -0.362152, 0.791741
609, -0.009445, -0.036501, 1.378359,0.471894, -0.132303, -0.361217, 0.793306
610, -0.010471, -0.036258, 1.377300,0.469400, -0.133461, -0.360191, 0.795056
611, -0.011372, -0.035990, 1.376165,0.466651, -0.134890, -0.359460, 0.796762
612, -0.012174, -0.035780, 1.374976,0.463468, -0.136659, -0.359001, 0.798524
613, -0.012799, -0.035674, 1.373897,0.460609, -0.137628, -0.358638, 0.800173
614, -0.013448, -0.035581, 1.372543,0.457186, -0.139205, -0.358285, 0.802019
615, -0.014037, -0.035581, 1.371056,0.453308, -0.140896, -0.357872, 0.804107
616, -0.014566, -0.035565, 1.369580,0.449427, -0.142650, -0.357602, 0.806094
617, -0.015012, -0.035599, 1.368363,0.446149, -0.143996, -0.357483, 0.807726
618, -0.015443, -0.035688, 1.366876,0.442095, -0.145757, -0.357476, 0.809641
619, -0.015783, -0.035718, 1.365340,0.438121, -0.147866, -0.357829, 0.811260
620, -0.016059, -0.035800, 1.363823,0.433897, -0.150016, -0.358517, 0.812831
621, -0.016273, -0.035779, 1.362536,0.430092, -0.151587, -0.359649, 0.814061
622, -0.016507, -0.035650, 1.359271,0.420913, -0.156452, -0.363581, 0.816189
623, -0.016502, -0.035501, 1.357946,0.417098, -0.158644, -0.365755, 0.816752
624, -0.016428, -0.035431, 1.356385,0.412765, -0.160748, -0.368353, 0.817375
625, -0.016260, -0.035324, 1.354747,0.408689, -0.163394, -0.370995, 0.817703
626, -0.016027, -0.035230, 1.353027,0.404601, -0.165831, -0.373648, 0.818038
627, -0.015781, -0.035219, 1.351523,0.401008, -0.168001, -0.375901, 0.818332
628, -0.015454, -0.035212, 1.349877,0.396734, -0.170508, -0.378574, 0.818664
629, -0.015097, -0.035334, 1.348436,0.393827, -0.177517, -0.381979, 0.816994
630, -0.014621, -0.035440, 1.346751,0.389861, -0.180173, -0.385131, 0.816835
631, -0.006582, -0.037087, 1.331611,0.355108, -0.201155, -0.411953, 0.814696
632, -0.005360, -0.037380, 1.330205,0.351379, -0.202692, -0.414626, 0.814576
633, -0.004051, -0.037765, 1.328803,0.347699, -0.204367, -0.417541, 0.814247
634, -0.002867, -0.038208, 1.327576,0.344732, -0.205622, -0.420060, 0.813898
635, -0.001450, -0.038596, 1.326250,0.341605, -0.207954, -0.423330, 0.812928
636, 0.000008, -0.039144, 1.325028,0.338626, -0.210421, -0.426696, 0.811779
637, 0.001274, -0.039564, 1.324092,0.336765, -0.212051, -0.429836, 0.810472
638, 0.002812, -0.039982, 1.323091,0.334215, -0.214128, -0.433842, 0.808845
639, 0.004378, -0.040478, 1.322175,0.332304, -0.216629, -0.437911, 0.806772
640, 0.005991, -0.040893, 1.321319,0.330850, -0.218713, -0.442230, 0.804447
641, 0.007426, -0.041330, 1.320677,0.329587, -0.220210, -0.446020, 0.802463
642, 0.009089, -0.041868, 1.320031,0.328140, -0.221901, -0.450359, 0.800163
643, 0.010727, -0.042389, 1.319438,0.326879, -0.223730, -0.454666, 0.797731
644, 0.012372, -0.043001, 1.318861,0.325968, -0.225280, -0.458857, 0.795263
645, 0.013833, -0.043506, 1.318458,0.325432, -0.226646, -0.462462, 0.793003
646, 0.015516, -0.043964, 1.318079,0.324858, -0.227952, -0.466840, 0.790295
647, 0.017139, -0.044585, 1.317783,0.324683, -0.229474, -0.471059, 0.787417
648, 0.018752, -0.045210, 1.317542,0.324200, -0.230901, -0.475323, 0.784632
649, 0.020178, -0.045605, 1.317406,0.324098, -0.231618, -0.479147, 0.782133
650, 0.021800, -0.046142, 1.317327,0.324341, -0.232971, -0.483469, 0.778964
651, 0.023378, -0.046724, 1.317359,0.324735, -0.233538, -0.487742, 0.775961
652, 0.024721, -0.047164, 1.317499,0.325192, -0.234086, -0.491419, 0.773280
653, 0.026260, -0.047688, 1.317740,0.326236, -0.233951, -0.495639, 0.770181
654, 0.027788, -0.048211, 1.318057,0.327701, -0.234000, -0.499734, 0.766891
655, 0.029299, -0.048734, 1.318483,0.329122, -0.234055, -0.503779, 0.763612
656, 0.030548, -0.049199, 1.318974,0.330465, -0.233763, -0.507171, 0.760871
657, 0.031987, -0.049694, 1.319602,0.332205, -0.233574, -0.511062, 0.757561
658, 0.033401, -0.050228, 1.320261,0.334069, -0.232834, -0.514913, 0.754354
659, 0.034752, -0.050804, 1.321143,0.336259, -0.232753, -0.518566, 0.750896
660, 0.035868, -0.051176, 1.321943,0.338167, -0.232323, -0.521819, 0.747913
661, 0.037201, -0.051728, 1.322796,0.340947, -0.232271, -0.525079, 0.744377
662, 0.038378, -0.052443, 1.324003,0.343247, -0.233351, -0.528207, 0.740760
663, 0.039545, -0.053091, 1.325222,0.345697, -0.234762, -0.531365, 0.736907
664, 0.040535, -0.053681, 1.326291,0.347980, -0.236257, -0.533858, 0.733545
665, 0.041596, -0.054414, 1.327600,0.350818, -0.236781, -0.536267, 0.730260
666, 0.042560, -0.055245, 1.328819,0.353539, -0.234609, -0.537785, 0.728531
667, 0.043356, -0.056199, 1.330112,0.356231, -0.230852, -0.538376, 0.727982
668, 0.043924, -0.057296, 1.331221,0.357818, -0.227228, -0.538249, 0.728438
669, 0.044543, -0.058610, 1.332364,0.359657, -0.222152, -0.537452, 0.729685
670, 0.045072, -0.059792, 1.333532,0.362166, -0.217684, -0.536167, 0.730736
671, 0.045397, -0.061193, 1.334860,0.365247, -0.214454, -0.534015, 0.731732
672, 0.045507, -0.062512, 1.336139,0.367603, -0.212101, -0.531710, 0.732916
673, 0.045574, -0.064037, 1.337627,0.370506, -0.209159, -0.528684, 0.734487
674, 0.045602, -0.065396, 1.338747,0.373330, -0.206912, -0.525578, 0.735921
675, 0.045522, -0.067031, 1.340036,0.376112, -0.204140, -0.521651, 0.738070
676, 0.045317, -0.068645, 1.341411,0.378841, -0.201534, -0.517780, 0.740113
677, 0.045048, -0.070251, 1.342780,0.381704, -0.199321, -0.514070, 0.741825
678, 0.044829, -0.071417, 1.343713,0.383632, -0.197762, -0.511487, 0.743033
679, 0.044371, -0.073241, 1.345181,0.386701, -0.195105, -0.507424, 0.744928
680, 0.043904, -0.074908, 1.346378,0.389329, -0.193044, -0.503741, 0.746593
681, 0.043385, -0.076528, 1.347496,0.391554, -0.190865, -0.500049, 0.748470
682, 0.042837, -0.078181, 1.348552,0.393712, -0.188891, -0.496143, 0.750435
683, 0.042345, -0.079651, 1.349355,0.395607, -0.187604, -0.492581, 0.752106
684, 0.041709, -0.081371, 1.350195,0.397255, -0.185609, -0.488430, 0.754436
685, 0.041023, -0.083134, 1.350967,0.399186, -0.183990, -0.484102, 0.756600
686, 0.040309, -0.084932, 1.351690,0.400381, -0.182540, -0.479741, 0.759093
687, 0.039679, -0.086487, 1.352201,0.401363, -0.181404, -0.475969, 0.761219
688, 0.038943, -0.088415, 1.352646,0.402171, -0.180484, -0.471383, 0.763860
689, 0.038155, -0.090286, 1.353114,0.402933, -0.179220, -0.466895, 0.766508
690, 0.037448, -0.091931, 1.353502,0.403401, -0.178416, -0.463072, 0.768765
691, 0.036548, -0.094151, 1.353888,0.403461, -0.177700, -0.458463, 0.771657
692, 0.035621, -0.096379, 1.354200,0.403277, -0.176704, -0.453864, 0.774694
693, 0.034727, -0.098504, 1.354405,0.403061, -0.176589, -0.449377, 0.777444
694, 0.033934, -0.100455, 1.354561,0.402502, -0.176203, -0.445568, 0.780009
695, 0.032966, -0.102860, 1.354719,0.401900, -0.175665, -0.441011, 0.783025
696, 0.032022, -0.105300, 1.354878,0.400947, -0.175589, -0.436485, 0.786060
697, 0.031122, -0.107614, 1.354964,0.399731, -0.175588, -0.432227, 0.789027
698, 0.030355, -0.109740, 1.354915,0.398088, -0.175982, -0.428618, 0.791734
699, 0.029414, -0.112305, 1.354822,0.396344, -0.175883, -0.424398, 0.794898
700, 0.028502, -0.114826, 1.354691,0.394183, -0.177053, -0.420316, 0.797876
701, 0.027601, -0.117328, 1.354482,0.391757, -0.177508, -0.416502, 0.800964
702, 0.026838, -0.119554, 1.354211,0.389469, -0.178105, -0.413236, 0.803635
703, 0.025939, -0.122136, 1.353914,0.386576, -0.178822, -0.409574, 0.806740
704, 0.025054, -0.124728, 1.353600,0.383482, -0.179179, -0.406047, 0.809915
705, 0.024677, -0.125839, 1.353440,0.382193, -0.180012, -0.404602, 0.811062
706, 0.023809, -0.128471, 1.353050,0.379262, -0.180814, -0.401262, 0.813914
707, 0.022904, -0.131039, 1.352710,0.376180, -0.181627, -0.397901, 0.816808
708, 0.022117, -0.133366, 1.352444,0.373633, -0.182196, -0.394898, 0.819304
709, 0.021148, -0.136057, 1.352128,0.370581, -0.182582, -0.391367, 0.822293
710, 0.020236, -0.138603, 1.351757,0.367453, -0.183300, -0.388036, 0.825111
711, 0.019305, -0.141139, 1.351477,0.364283, -0.183785, -0.384722, 0.827956
712, 0.018491, -0.143432, 1.351297,0.361596, -0.184286, -0.381725, 0.830405
713, 0.017552, -0.145924, 1.351126,0.358387, -0.185020, -0.378254, 0.833217
714, 0.016684, -0.148251, 1.350957,0.355193, -0.185509, -0.374838, 0.836015
715, 0.015849, -0.150473, 1.350750,0.352341, -0.186183, -0.371420, 0.838593
716, 0.015161, -0.152339, 1.350635,0.349336, -0.186499, -0.368485, 0.841072
717, 0.014338, -0.154477, 1.350636,0.346127, -0.187047, -0.364988, 0.843797
718, 0.013524, -0.156455, 1.350788,0.343013, -0.187263, -0.361572, 0.846487
719, 0.012873, -0.158041, 1.350867,0.339909, -0.187817, -0.358713, 0.848830
720, 0.012140, -0.159772, 1.350932,0.336813, -0.188176, -0.355299, 0.851416
721, 0.011421, -0.161401, 1.351069,0.333580, -0.188981, -0.351843, 0.853942
722, 0.010712, -0.162915, 1.351346,0.330173, -0.189148, -0.348373, 0.856648
723, 0.010163, -0.164151, 1.351619,0.327382, -0.189642, -0.345317, 0.858844
724, 0.009557, -0.165410, 1.351898,0.323811, -0.190294, -0.341820, 0.861448
725, 0.008949, -0.166518, 1.352254,0.320469, -0.190622, -0.338377, 0.863981
726, 0.008291, -0.167583, 1.352800,0.316827, -0.190686, -0.334935, 0.866648
727, 0.007678, -0.168353, 1.353301,0.313626, -0.190597, -0.331992, 0.868961
728, 0.006985, -0.169221, 1.353906,0.310573, -0.190785, -0.328505, 0.871338
729, 0.006371, -0.169872, 1.354552,0.306799, -0.190598, -0.325068, 0.874001
730, 0.005822, -0.170362, 1.355286,0.303537, -0.190989, -0.321736, 0.876285
731, 0.004759, -0.171241, 1.356805,0.297551, -0.191229, -0.314985, 0.880727
732, 0.004194, -0.171455, 1.357696,0.293924, -0.191230, -0.311602, 0.883144
733, 0.003172, -0.171756, 1.359304,0.287891, -0.191214, -0.305097, 0.887396
734, 0.002124, -0.171810, 1.360849,0.280818, -0.190713, -0.298047, 0.892154
735, 0.001256, -0.171471, 1.362156,0.274562, -0.191305, -0.291635, 0.896085
736, 0.000330, -0.170944, 1.363465,0.267756, -0.190829, -0.284578, 0.900503
737, -0.000410, -0.170143, 1.364453,0.260971, -0.190387, -0.278092, 0.904606
738, -0.001238, -0.169293, 1.365497,0.253450, -0.189616, -0.271500, 0.908898
739, -0.001869, -0.168342, 1.366397,0.245775, -0.189662, -0.265957, 0.912628
740, -0.002518, -0.167280, 1.367290,0.236869, -0.190574, -0.261360, 0.916115
741, -0.003081, -0.166294, 1.367985,0.227866, -0.191310, -0.257973, 0.919199
742, -0.003577, -0.165143, 1.368618,0.218742, -0.192748, -0.255575, 0.921782
743, -0.004070, -0.163735, 1.369187,0.208675, -0.195368, -0.254138, 0.923959
744, -0.004512, -0.162396, 1.369638,0.199025, -0.197426, -0.253349, 0.925865
745, -0.004836, -0.161258, 1.369965,0.187198, -0.200737, -0.251720, 0.928062
746, -0.005235, -0.159342, 1.370386,0.178731, -0.201120, -0.252271, 0.929497
747, -0.005430, -0.158089, 1.370519,0.171988, -0.204737, -0.252751, 0.929849
748, -0.006048, -0.154722, 1.371202,0.154360, -0.210624, -0.253952, 0.931300
749, -0.006223, -0.153690, 1.371262,0.149561, -0.212000, -0.254196, 0.931704
750, -0.006403, -0.152636, 1.371423,0.145161, -0.213931, -0.254227, 0.931950
751, -0.006789, -0.150612, 1.371935,0.137092, -0.215889, -0.254551, 0.932632
752, -0.007002, -0.149484, 1.372091,0.132859, -0.217204, -0.254824, 0.932864
753, -0.007213, -0.148286, 1.372276,0.128823, -0.218725, -0.255237, 0.932962
754, -0.007401, -0.147230, 1.372479,0.125369, -0.220283, -0.255654, 0.932952
755, -0.007608, -0.146052, 1.372696,0.120977, -0.221503, -0.256262, 0.933076
756, -0.007806, -0.144788, 1.372794,0.116863, -0.223441, -0.256860, 0.932974
757, -0.007983, -0.143779, 1.372947,0.113151, -0.224916, -0.257339, 0.932945
758, -0.008240, -0.142544, 1.373213,0.108515, -0.226288, -0.258031, 0.932973
759, -0.008458, -0.141378, 1.373478,0.103766, -0.227595, -0.258648, 0.933024
760, -0.008668, -0.140239, 1.373636,0.099245, -0.229278, -0.259033, 0.932997
761, -0.008816, -0.139236, 1.373800,0.095559, -0.230877, -0.259219, 0.932936
762, -0.009004, -0.138063, 1.374041,0.091053, -0.232729, -0.259406, 0.932875
763, -0.009192, -0.136928, 1.374366,0.086378, -0.234200, -0.259609, 0.932895
764, -0.009401, -0.135722, 1.374610,0.082009, -0.235354, -0.259899, 0.932918
765, -0.009579, -0.134718, 1.374787,0.078557, -0.236640, -0.259893, 0.932891
766, -0.009799, -0.133487, 1.374980,0.074627, -0.238276, -0.259651, 0.932865
767, -0.010048, -0.132199, 1.375279,0.071090, -0.239004, -0.259429, 0.933017
768, -0.010340, -0.130950, 1.375605,0.067498, -0.239434, -0.259064, 0.933275
769, -0.010584, -0.129798, 1.375811,0.065049, -0.240318, -0.258613, 0.933346
770, -0.010835, -0.128466, 1.376009,0.062139, -0.240853, -0.258012, 0.933573
771, -0.011108, -0.127050, 1.376293,0.059985, -0.241253, -0.257367, 0.933788
772, -0.011411, -0.125839, 1.376592,0.058033, -0.241535, -0.256687, 0.934026
773, -0.011797, -0.124484, 1.376958,0.056006, -0.241269, -0.255816, 0.934458
774, -0.012135, -0.122992, 1.377190,0.054326, -0.241000, -0.254915, 0.934872
775, -0.012493, -0.121476, 1.377436,0.052962, -0.241030, -0.253730, 0.935265
776, -0.012927, -0.120047, 1.377815,0.051765, -0.240778, -0.252426, 0.935750
777, -0.013297, -0.118763, 1.378153,0.050655, -0.240232, -0.251354, 0.936239
778, -0.013744, -0.117331, 1.378540,0.049478, -0.239344, -0.250131, 0.936857
779, -0.014172, -0.115762, 1.378733,0.048758, -0.238797, -0.248943, 0.937351
780, -0.014839, -0.113542, 1.379115,0.048193, -0.237819, -0.247050, 0.938129
781, -0.015333, -0.112002, 1.379466,0.047564, -0.236762, -0.245779, 0.938762
782, -0.015702, -0.110699, 1.379704,0.047541, -0.236150, -0.244619, 0.939220
783, -0.016149, -0.109157, 1.379909,0.047416, -0.235469, -0.243326, 0.939733
784, -0.016589, -0.107563, 1.380061,0.047315, -0.234360, -0.242030, 0.940350
785, -0.016977, -0.106237, 1.380239,0.047378, -0.233208, -0.240751, 0.940961
786, -0.017411, -0.104735, 1.380460,0.047774, -0.232109, -0.238953, 0.941671
787, -0.017861, -0.103151, 1.380648,0.048438, -0.230295, -0.237204, 0.942524
788, -0.018284, -0.101657, 1.380841,0.049039, -0.228661, -0.235066, 0.943426
789, -0.018618, -0.100308, 1.380964,0.049969, -0.226914, -0.233125, 0.944281
790, -0.018974, -0.098756, 1.381123,0.051458, -0.224667, -0.230661, 0.945342
791, -0.019321, -0.097313, 1.381277,0.053252, -0.222427, -0.227671, 0.946497
792, -0.019594, -0.095835, 1.381420,0.055265, -0.219756, -0.224517, 0.947758
793, -0.019741, -0.094669, 1.381416,0.057691, -0.217638, -0.221319, 0.948854
794, -0.019888, -0.093411, 1.381482,0.060140, -0.214410, -0.217245, 0.950377
795, -0.020054, -0.092139, 1.381575,0.062415, -0.211293, -0.213144, 0.951856
796, -0.020348, -0.090021, 1.381555,0.067307, -0.205251, -0.205456, 0.954531
797, -0.020464, -0.088904, 1.381355,0.069875, -0.202312, -0.201594, 0.955797
798, -0.020583, -0.087860, 1.381059,0.072904, -0.200133, -0.197752, 0.956831
799, -0.020739, -0.086038, 1.380562,0.078815, -0.194835, -0.191408, 0.958744
800, -0.020753, -0.084501, 1.379875,0.085089, -0.189077, -0.184757, 0.960664
801, -0.020538, -0.083483, 1.379125,0.091039, -0.183676, -0.178062, 0.962429
802, -0.020069, -0.082570, 1.378253,0.097026, -0.178165, -0.171190, 0.964125
803, -0.019425, -0.082037, 1.377221,0.103016, -0.173121, -0.164620, 0.965566
804, -0.018613, -0.081608, 1.376394,0.108741, -0.167389, -0.158475, 0.966976
805, -0.017383, -0.081336, 1.375088,0.115572, -0.161719, -0.151255, 0.968304
806, -0.016222, -0.081158, 1.374323,0.121535, -0.156750, -0.144742, 0.969386
807, -0.013108, -0.081071, 1.372180,0.134371, -0.146600, -0.131005, 0.971231
808, -0.011870, -0.081126, 1.371525,0.138681, -0.142333, -0.125787, 0.971950
809, -0.008679, -0.081197, 1.369573,0.149989, -0.134117, -0.113138, 0.972993
810, -0.007746, -0.081271, 1.369089,0.153016, -0.131012, -0.109614, 0.973348
811, -0.006900, -0.081247, 1.368539,0.155791, -0.129160, -0.106466, 0.973505
812, -0.005907, -0.081237, 1.367797,0.159387, -0.126928, -0.102744, 0.973616
813, -0.004953, -0.081258, 1.367201,0.162383, -0.123868, -0.098860, 0.973917
814, -0.004042, -0.081244, 1.366763,0.165593, -0.121980, -0.095034, 0.973996
815, -0.002236, -0.081166, 1.365483,0.171692, -0.117507, -0.088213, 0.974132
816, -0.001251, -0.081117, 1.364740,0.174978, -0.115371, -0.084436, 0.974137
817, -0.000296, -0.081122, 1.364153,0.178292, -0.113080, -0.080518, 0.974136
818, 0.001489, -0.081041, 1.362946,0.184674, -0.108985, -0.073320, 0.973983
819, 0.002473, -0.080987, 1.362076,0.187892, -0.106709, -0.069489, 0.973900
820, 0.003408, -0.080944, 1.361350,0.191395, -0.104308, -0.065611, 0.973747
821, 0.005060, -0.080992, 1.360133,0.197660, -0.100094, -0.058382, 0.973398
822, 0.005991, -0.080944, 1.359258,0.201435, -0.098058, -0.054523, 0.973055
823, 0.006866, -0.080930, 1.358369,0.204446, -0.095780, -0.050641, 0.972864
824, 0.008380, -0.080995, 1.357006,0.210447, -0.091037, -0.043443, 0.972387
825, 0.009217, -0.080983, 1.356138,0.213820, -0.089031, -0.039671, 0.971998
826, 0.009947, -0.080951, 1.355288,0.216800, -0.087558, -0.036412, 0.971599
827, 0.010763, -0.080885, 1.354295,0.220428, -0.085430, -0.032595, 0.971108
828, 0.011515, -0.080840, 1.353402,0.223539, -0.083471, -0.028745, 0.970689
829, 0.012251, -0.080787, 1.352512,0.226746, -0.081267, -0.024890, 0.970238
830, 0.012889, -0.080628, 1.351599,0.229622, -0.079716, -0.021794, 0.969765
831, 0.013634, -0.080396, 1.350446,0.233111, -0.078014, -0.018137, 0.969146
832, 0.014331, -0.080161, 1.349395,0.236295, -0.075699, -0.014219, 0.968624
833, 0.015046, -0.079946, 1.348335,0.239388, -0.073785, -0.010142, 0.968063
834, 0.015652, -0.079592, 1.347248,0.242431, -0.072461, -0.006879, 0.967434
835, 0.016318, -0.079113, 1.345875,0.245745, -0.070799, -0.003288, 0.966740
836, 0.016940, -0.078660, 1.344705,0.248683, -0.068785, 0.000457, 0.966139
837, 0.017561, -0.078118, 1.343671,0.252406, -0.066686, 0.004224, 0.965312
838, 0.018175, -0.077487, 1.342483,0.255873, -0.065204, 0.007105, 0.964483
839, 0.018828, -0.076543, 1.340891,0.260392, -0.064442, 0.009666, 0.963301
840, 0.019271, -0.075423, 1.339431,0.265672, -0.063968, 0.010963, 0.961876
841, 0.019557, -0.074294, 1.338106,0.270526, -0.063650, 0.011127, 0.960542
842, 0.019781, -0.073197, 1.336853,0.274945, -0.063895, 0.010451, 0.959278
843, 0.020010, -0.071770, 1.335315,0.280652, -0.064777, 0.008936, 0.957580
844, 0.020135, -0.070490, 1.333938,0.285683, -0.064752, 0.007379, 0.956106
845, 0.020188, -0.069385, 1.332821,0.290773, -0.065208, 0.006007, 0.954549
846, 0.020239, -0.068390, 1.331824,0.295028, -0.065716, 0.004851, 0.953214
847, 0.020194, -0.067185, 1.330695,0.300540, -0.066362, 0.003232, 0.951452
848, 0.020092, -0.066107, 1.329770,0.305731, -0.066528, 0.001926, 0.949789
849, 0.019899, -0.064587, 1.328521,0.315098, -0.066673, 0.000129, 0.946714
850, 0.019838, -0.063562, 1.327790,0.320065, -0.067161, -0.001369, 0.945011
851, 0.019815, -0.062693, 1.327107,0.325481, -0.068006, -0.002757, 0.943096
852, 0.019641, -0.061186, 1.326442,0.335060, -0.069016, -0.005763, 0.939648
853, 0.018805, -0.057886, 1.325395,0.356429, -0.074136, -0.014683, 0.931261
854, 0.018130, -0.055724, 1.325198,0.369597, -0.077339, -0.023081, 0.925680
855, 0.017581, -0.054390, 1.325317,0.377318, -0.078200, -0.029581, 0.922302
856, 0.017101, -0.053089, 1.325336,0.384118, -0.079117, -0.035898, 0.919187
857, 0.016514, -0.051885, 1.325756,0.391581, -0.080585, -0.042846, 0.915606
858, 0.015987, -0.050656, 1.325998,0.398587, -0.082392, -0.049477, 0.912081
859, 0.015340, -0.049469, 1.326451,0.406148, -0.084169, -0.056494, 0.908167
860, 0.014838, -0.048310, 1.326806,0.413319, -0.085633, -0.063051, 0.904356
861, 0.014295, -0.047034, 1.327215,0.420484, -0.086887, -0.070007, 0.900412
862, 0.013779, -0.045814, 1.327597,0.427178, -0.087591, -0.076502, 0.896657
863, 0.013276, -0.044478, 1.328022,0.434263, -0.088750, -0.083511, 0.892505
864, 0.012845, -0.043233, 1.328328,0.441006, -0.089599, -0.089983, 0.888476
865, 0.012445, -0.041794, 1.328809,0.448165, -0.090741, -0.097133, 0.884013
866, 0.012098, -0.040429, 1.329176,0.454736, -0.091251, -0.103760, 0.879842
867, 0.011738, -0.038898, 1.329609,0.461667, -0.092012, -0.110933, 0.875267
868, 0.011430, -0.037368, 1.330062,0.468210, -0.092307, -0.117662, 0.870870
869, 0.011123, -0.035605, 1.330688,0.474919, -0.092543, -0.124992, 0.866178
870, 0.010878, -0.033823, 1.331260,0.481160, -0.093383, -0.131757, 0.861629
871, 0.010716, -0.032890, 1.331694,0.484391, -0.093477, -0.135321, 0.859253
872, 0.010566, -0.031950, 1.332126,0.487769, -0.093427, -0.138878, 0.856776
873, 0.010351, -0.029984, 1.332813,0.493900, -0.093330, -0.145690, 0.852131
874, 0.010165, -0.028974, 1.333316,0.497164, -0.093567, -0.149209, 0.849594
875, 0.009991, -0.027947, 1.333858,0.500415, -0.093347, -0.152858, 0.847057
876, 0.009873, -0.027022, 1.334272,0.503208, -0.093042, -0.155935, 0.844873
877, 0.009733, -0.026013, 1.334729,0.506538, -0.093061, -0.159490, 0.842212
878, 0.009534, -0.024965, 1.335358,0.509703, -0.092952, -0.163125, 0.839614
879, 0.009335, -0.024000, 1.336001,0.512696, -0.092781, -0.166705, 0.837104
880, 0.009046, -0.022586, 1.336892,0.517260, -0.092372, -0.171891, 0.833284
881, 0.008727, -0.021288, 1.337885,0.521604, -0.091885, -0.177033, 0.829545
882, 0.008113, -0.019036, 1.339873,0.528875, -0.090897, -0.186068, 0.823048
883, 0.005737, -0.009305, 1.349984,0.553891, -0.087524, -0.232096, 0.794780
884, 0.005643, -0.008489, 1.350735,0.554855, -0.087620, -0.237051, 0.792632
885, 0.005547, -0.007761, 1.351481,0.555673, -0.087660, -0.242023, 0.790549
886, 0.005427, -0.006392, 1.352699,0.556460, -0.088024, -0.251501, 0.786989
887, 0.005351, -0.005155, 1.353824,0.556876, -0.087903, -0.261032, 0.783597
888, 0.005301, -0.003941, 1.355011,0.557087, -0.088183, -0.271241, 0.779940
889, 0.005025, -0.002355, 1.360191,0.535794, -0.098439, -0.322750, 0.773994
890, 0.005019, -0.005137, 1.360060,0.520023, -0.105105, -0.330130, 0.780733
891, 0.005030, -0.006507, 1.359735,0.513617, -0.108022, -0.331367, 0.784044
892, 0.005012, -0.007914, 1.359594,0.507063, -0.110761, -0.332514, 0.787435
893, 0.005056, -0.009639, 1.359416,0.498581, -0.114211, -0.334052, 0.791695
894, 0.005107, -0.011066, 1.359276,0.492130, -0.117159, -0.334882, 0.794944
895, 0.005192, -0.012948, 1.359182,0.482909, -0.121572, -0.336233, 0.799354
896, 0.005341, -0.014674, 1.359015,0.474494, -0.125496, -0.337442, 0.803268
897, 0.005555, -0.016246, 1.358919,0.465200, -0.129613, -0.339782, 0.807055
898, 0.005774, -0.017476, 1.358812,0.456760, -0.133527, -0.342285, 0.810174
899, 0.005979, -0.018788, 1.358656,0.447554, -0.138345, -0.344851, 0.813409
900, 0.006285, -0.020225, 1.358324,0.434006, -0.144717, -0.349263, 0.817748
901, 0.006538, -0.021328, 1.357831,0.420655, -0.151064, -0.354205, 0.821443
902, 0.007001, -0.022308, 1.357244,0.406613, -0.158228, -0.359091, 0.825035
903, 0.007566, -0.023293, 1.356337,0.393300, -0.165379, -0.363046, 0.828349
904, 0.007881, -0.024076, 1.355794,0.385283, -0.172754, -0.365984, 0.829318
905, 0.008383, -0.025183, 1.354823,0.371926, -0.179681, -0.370194, 0.832071
906, 0.009028, -0.026608, 1.353166,0.352998, -0.187489, -0.373123, 0.837269
907, 0.009236, -0.027357, 1.352331,0.343153, -0.190594, -0.373769, 0.840367
908, 0.009425, -0.028213, 1.351462,0.334012, -0.194813, -0.374405, 0.842796
909, 0.009495, -0.029196, 1.350605,0.324097, -0.199527, -0.374612, 0.845468
910, 0.009515, -0.030253, 1.349831,0.314941, -0.202901, -0.374107, 0.848344
911, 0.009417, -0.031516, 1.349076,0.305227, -0.206772, -0.372672, 0.851585
912, 0.009250, -0.032828, 1.348495,0.296454, -0.209937, -0.369992, 0.855072
913, 0.009003, -0.034295, 1.347950,0.286926, -0.212727, -0.366284, 0.859219
914, 0.008768, -0.035627, 1.347581,0.278628, -0.215360, -0.362397, 0.862934
915, 0.008472, -0.036914, 1.347417,0.269869, -0.217250, -0.358176, 0.866997
916, 0.008097, -0.038335, 1.347234,0.261283, -0.218377, -0.353024, 0.871445
917, 0.007697, -0.039738, 1.347172,0.253624, -0.219471, -0.347397, 0.875684
918, 0.007199, -0.041206, 1.347225,0.245989, -0.219926, -0.340853, 0.880307
919, 0.006695, -0.042582, 1.347364,0.238908, -0.219712, -0.334407, 0.884772
920, 0.006112, -0.044047, 1.347599,0.232117, -0.219082, -0.327211, 0.889414
921, 0.005570, -0.045440, 1.347822,0.225654, -0.218592, -0.320424, 0.893659
922, 0.004907, -0.046972, 1.348298,0.218830, -0.218015, -0.313150, 0.898064
923, 0.004277, -0.048489, 1.348678,0.212579, -0.216576, -0.306472, 0.902208
924, 0.003902, -0.049380, 1.348962,0.209118, -0.216297, -0.302754, 0.904337
925, 0.003065, -0.051170, 1.349668,0.202289, -0.214667, -0.295601, 0.908635
926, 0.002698, -0.052082, 1.349923,0.199351, -0.214193, -0.292377, 0.910437
927, 0.002245, -0.053065, 1.350346,0.195859, -0.213959, -0.288642, 0.912440
928, 0.001785, -0.054105, 1.350847,0.192450, -0.212961, -0.285182, 0.914485
929, 0.001347, -0.054987, 1.351252,0.189457, -0.212176, -0.282137, 0.916235
930, 0.000807, -0.056179, 1.351650,0.186029, -0.211722, -0.278437, 0.918172
931, 0.000320, -0.057259, 1.352061,0.182864, -0.211141, -0.274765, 0.920046
932, -0.000156, -0.058451, 1.352551,0.179232, -0.210105, -0.271071, 0.922091
933, -0.000584, -0.059500, 1.352986,0.176670, -0.209454, -0.267803, 0.923687
934, -0.001093, -0.060661, 1.353492,0.173273, -0.208438, -0.264122, 0.925618
935, -0.001635, -0.061936, 1.353997,0.169760, -0.207543, -0.260485, 0.927499
936, -0.002177, -0.063190, 1.354418,0.166456, -0.206096, -0.256866, 0.929428
937, -0.002658, -0.064277, 1.354804,0.163176, -0.205229, -0.253805, 0.931041
938, -0.003227, -0.065562, 1.355399,0.159699, -0.204316, -0.250169, 0.932827
939, -0.003784, -0.066939, 1.356046,0.156368, -0.203027, -0.246486, 0.934652
940, -0.004306, -0.068294, 1.356648,0.152671, -0.201438, -0.242839, 0.936559
941, -0.004735, -0.069416, 1.357123,0.149946, -0.201184, -0.239674, 0.937868
942, -0.005256, -0.070773, 1.357695,0.146299, -0.200089, -0.236078, 0.939589
943, -0.005804, -0.072199, 1.358389,0.142869, -0.198692, -0.232356, 0.941340
944, -0.006270, -0.073416, 1.359066,0.140113, -0.197452, -0.229183, 0.942792
945, -0.006780, -0.074802, 1.359766,0.136794, -0.196458, -0.225608, 0.944348
946, -0.007284, -0.076173, 1.360393,0.133443, -0.195266, -0.221995, 0.945929
947, -0.007791, -0.077613, 1.361095,0.130336, -0.194007, -0.218327, 0.947474
948, -0.008218, -0.078834, 1.361787,0.127392, -0.192990, -0.215153, 0.948807
949, -0.008678, -0.080205, 1.362619,0.123937, -0.191601, -0.211553, 0.950355
950, -0.009277, -0.082208, 1.363702,0.119416, -0.189679, -0.206322, 0.952467
951, -0.009689, -0.083576, 1.364488,0.116270, -0.188227, -0.202746, 0.953911
952, -0.010094, -0.085006, 1.365282,0.113146, -0.187034, -0.199047, 0.955299
953, -0.010425, -0.086201, 1.366047,0.110038, -0.185642, -0.195922, 0.956579
954, -0.010792, -0.087571, 1.366952,0.106925, -0.183845, -0.192253, 0.958022
955, -0.011106, -0.088930, 1.367776,0.104130, -0.182050, -0.188493, 0.959419
956, -0.011391, -0.090185, 1.368658,0.101778, -0.180237, -0.184735, 0.960744
957, -0.011572, -0.091277, 1.369426,0.099515, -0.178411, -0.181376, 0.961961
958, -0.011733, -0.092488, 1.370311,0.097105, -0.175878, -0.177330, 0.963427
959, -0.011857, -0.093619, 1.371267,0.095012, -0.173614, -0.173187, 0.964799
960, -0.011944, -0.094719, 1.372209,0.092978, -0.171128, -0.169003, 0.966182
961, -0.011935, -0.095590, 1.372950,0.091559, -0.168989, -0.165389, 0.967319
962, -0.011863, -0.096519, 1.373826,0.090178, -0.166342, -0.161100, 0.968631
963, -0.011757, -0.097494, 1.374743,0.089365, -0.163274, -0.156716, 0.969946
964, -0.011646, -0.098426, 1.375734,0.088272, -0.160075, -0.152257, 0.971289
965, -0.011532, -0.099089, 1.376536,0.087940, -0.157604, -0.148536, 0.972299
966, -0.011326, -0.099812, 1.377384,0.087055, -0.154655, -0.144183, 0.973506
967, -0.011065, -0.100542, 1.378239,0.087091, -0.151891, -0.139609, 0.974604
968, -0.010825, -0.101151, 1.379016,0.087077, -0.148992, -0.135669, 0.975609
969, -0.010594, -0.101719, 1.379908,0.087679, -0.145864, -0.131127, 0.976648
970, -0.010312, -0.102309, 1.380744,0.088664, -0.142612, -0.126594, 0.977637
971, -0.009616, -0.103093, 1.382044,0.091767, -0.136198, -0.117792, 0.979364
972, -0.008976, -0.103651, 1.383331,0.095043, -0.130599, -0.109881, 0.980733
973, -0.008153, -0.104096, 1.384480,0.099409, -0.125023, -0.102036, 0.981874
974, -0.007147, -0.104241, 1.385430,0.104452, -0.119619, -0.093944, 0.982830
975, -0.006154, -0.104298, 1.386391,0.110484, -0.114193, -0.086313, 0.983516
976, -0.005044, -0.104136, 1.387235,0.116861, -0.109024, -0.078669, 0.984006
977, -0.003963, -0.104109, 1.388062,0.122966, -0.104535, -0.071612, 0.984288
978, -0.002615, -0.104077, 1.388704,0.129956, -0.099801, -0.063695, 0.984426
979, -0.001328, -0.104134, 1.389151,0.136157, -0.095338, -0.056325, 0.984479
980, 0.000211, -0.104284, 1.389501,0.142689, -0.090206, -0.048343, 0.984462
981, 0.001679, -0.104400, 1.389511,0.148787, -0.086404, -0.041314, 0.984220
982, 0.003352, -0.104480, 1.389335,0.155760, -0.082202, -0.033742, 0.983790
983, 0.004909, -0.104471, 1.388868,0.162051, -0.078186, -0.026565, 0.983321
984, 0.006519, -0.104241, 1.387964,0.169020, -0.073967, -0.018860, 0.982652
985, 0.008034, -0.103870, 1.386788,0.174898, -0.069637, -0.011678, 0.982051
986, 0.008829, -0.103635, 1.386071,0.178199, -0.067478, -0.007752, 0.981648
987, 0.009499, -0.103339, 1.385387,0.180696, -0.065687, -0.004617, 0.981332
988, 0.010316, -0.103024, 1.384533,0.184132, -0.063421, -0.000723, 0.980853
989, 0.011142, -0.102673, 1.383643,0.187676, -0.061056, 0.003301, 0.980326
990, 0.011989, -0.102178, 1.382615,0.191117, -0.059336, 0.007020, 0.979747
991, 0.012772, -0.101753, 1.381646,0.194287, -0.057573, 0.010082, 0.979202
992, 0.013697, -0.101090, 1.380412,0.198474, -0.056014, 0.013117, 0.978416
993, 0.014604, -0.100313, 1.379215,0.203176, -0.054770, 0.015646, 0.977484
994, 0.015473, -0.099496, 1.377794,0.208044, -0.053877, 0.017621, 0.976475
995, 0.016158, -0.098588, 1.376520,0.212548, -0.053779, 0.018688, 0.975491
996, 0.016901, -0.097574, 1.375093,0.217698, -0.053886, 0.019769, 0.974327
997, 0.017585, -0.096601, 1.373748,0.222965, -0.053549, 0.020721, 0.973134
998, 0.018221, -0.095393, 1.372310,0.228115, -0.053232, 0.021076, 0.971949
999, 0.018764, -0.094444, 1.370903,0.232616, -0.053560, 0.021325, 0.970858
1000, 0.019361, -0.093306, 1.369313,0.238385, -0.053820, 0.021524, 0.969439
