0, 639.748177, -0.041982, 522.003136,0.000036, -0.000038, -0.000000, 1.000000
1, 638.693277, 0.691931, 522.068154,0.006747, 0.012182, 0.000082, 0.999903
2, 637.934280, 1.065504, 522.319644,0.012339, 0.025771, 0.000318, 0.999592
3, 636.952101, 1.190034, 522.958650,0.020148, 0.044943, 0.000907, 0.998786
4, 600.644811, -8.505265, 531.843899,0.034145, 0.301422, 0.010802, 0.952818
5, 600.096253, -9.057846, 531.784129,0.032431, 0.302671, 0.010305, 0.952487
6, 599.550355, -9.580194, 531.710517,0.030583, 0.303610, 0.009751, 0.952255
7, 599.006514, -10.249538, 531.611089,0.028432, 0.304225, 0.009085, 0.952132
8, 598.086446, -11.644236, 531.374061,0.025624, 0.304327, 0.008190, 0.952188
9, 597.356782, -12.996834, 531.143721,0.023772, 0.303421, 0.007572, 0.952530
10, 596.851246, -14.573534, 530.884379,0.021048, 0.301140, 0.006649, 0.953325
11, 596.385766, -16.258265, 530.609708,0.018942, 0.298154, 0.005918, 0.954311
12, 596.124938, -17.995510, 530.332780,0.016353, 0.294645, 0.005043, 0.955453
13, 596.064220, -19.823435, 530.075077,0.014062, 0.289775, 0.004258, 0.956982
14, 596.093637, -20.844760, 529.929756,0.012928, 0.286633, 0.003868, 0.957945
15, 596.142317, -21.701671, 529.814645,0.011847, 0.283791, 0.003507, 0.958807
16, 596.231492, -22.802674, 529.662574,0.010572, 0.280180, 0.003086, 0.959884
17, 596.354902, -23.792924, 529.514188,0.009592, 0.276869, 0.002764, 0.960856
18, 596.501206, -24.837874, 529.311541,0.008726, 0.273578, 0.002482, 0.961807
19, 596.637001, -25.678108, 529.121794,0.008040, 0.271177, 0.002265, 0.962493
20, 596.826393, -26.708166, 528.867238,0.007100, 0.268409, 0.001978, 0.963277
21, 597.223445, -28.620674, 528.339115,0.005734, 0.263463, 0.001566, 0.964651
22, 597.396766, -29.386174, 528.094558,0.005390, 0.261566, 0.001461, 0.965170
23, 597.661233, -30.324361, 527.766946,0.004861, 0.259367, 0.001306, 0.965766
24, 598.308819, -32.220278, 527.083854,0.003824, 0.255072, 0.001009, 0.966914
25, 598.624640, -33.012634, 526.749245,0.003582, 0.253370, 0.000938, 0.967362
26, 599.047519, -33.980428, 526.314040,0.003213, 0.251311, 0.000834, 0.967901
27, 599.467319, -34.891484, 525.913114,0.002716, 0.249286, 0.000699, 0.968426
28, 599.962644, -35.892862, 525.455197,0.002125, 0.247035, 0.000542, 0.969004
29, 600.425157, -36.845399, 525.004995,0.001627, 0.245039, 0.000411, 0.969512
30, 600.916291, -37.798906, 524.521508,0.001058, 0.243160, 0.000265, 0.969985
31, 601.445656, -38.772717, 524.024447,0.000465, 0.241314, 0.000116, 0.970447
32, 602.056806, -39.847739, 523.469638,-0.000128, 0.239094, -0.000032, 0.970996
33, 602.546630, -40.736640, 523.013291,-0.000512, 0.237141, -0.000125, 0.971475
34, 603.173548, -41.812803, 522.449612,-0.000920, 0.234646, -0.000222, 0.972080
35, 603.758133, -42.803310, 521.918021,-0.001224, 0.232277, -0.000292, 0.972649
36, 604.396934, -43.869112, 521.317868,-0.001400, 0.229828, -0.000331, 0.973230
37, 604.932110, -44.744570, 520.823301,-0.001564, 0.227849, -0.000366, 0.973695
38, 605.629038, -45.806691, 520.221180,-0.001786, 0.225354, -0.000413, 0.974275
39, 606.262935, -46.788205, 519.672844,-0.001857, 0.223088, -0.000425, 0.974796
40, 606.963492, -47.848724, 519.068876,-0.001812, 0.220631, -0.000410, 0.975356
41, 607.518046, -48.688349, 518.569941,-0.001427, 0.218766, -0.000320, 0.975776
42, 608.217150, -49.713571, 517.941277,-0.001041, 0.216479, -0.000231, 0.976287
43, 608.892743, -50.654668, 517.360170,-0.000773, 0.214321, -0.000170, 0.976763
44, 609.650717, -51.690325, 516.711866,-0.000293, 0.212028, -0.000064, 0.977264
45, 610.265355, -52.506130, 516.188265,0.000387, 0.210225, 0.000083, 0.977653
46, 610.982152, -53.436218, 515.524844,0.001313, 0.208313, 0.000280, 0.978061
47, 611.630091, -54.274575, 514.896972,0.002075, 0.206819, 0.000439, 0.978377
48, 612.369778, -55.196514, 514.202427,0.002803, 0.205237, 0.000588, 0.978708
49, 613.690129, -56.812697, 512.940150,0.004647, 0.202525, 0.000961, 0.979266
50, 614.326545, -57.537371, 512.315927,0.005987, 0.201188, 0.001230, 0.979534
51, 614.970745, -58.236240, 511.700301,0.007468, 0.199722, 0.001522, 0.979823
52, 616.288174, -59.661894, 510.418135,0.010646, 0.196449, 0.002133, 0.980454
53, 617.527286, -60.985405, 509.158307,0.014793, 0.192537, 0.002903, 0.981174
54, 618.692549, -62.188189, 507.942957,0.019079, 0.188020, 0.003653, 0.981973
55, 620.001337, -63.579361, 506.611975,0.024412, 0.182338, 0.004529, 0.982922
56, 621.014232, -64.790170, 505.534416,0.029057, 0.177144, 0.005232, 0.983742
57, 621.928081, -65.940412, 504.564092,0.033718, 0.172499, 0.005908, 0.984415
58, 622.889076, -67.119472, 503.496864,0.040312, 0.167504, 0.006855, 0.985023
59, 623.705661, -67.979843, 502.572466,0.046542, 0.163246, 0.007710, 0.985457
60, 625.180625, -68.992694, 500.745596,0.064548, 0.153664, 0.010060, 0.985961
61, 625.771678, -68.914157, 499.951688,0.074314, 0.149708, 0.011285, 0.985869
62, 626.279301, -68.577258, 499.355360,0.082940, 0.145503, 0.012242, 0.985799
63, 626.787092, -68.041550, 498.826070,0.092838, 0.140078, 0.013193, 0.985690
64, 627.148580, -67.473665, 498.488098,0.101903, 0.135265, 0.013987, 0.985456
65, 627.271258, -67.203776, 498.377774,0.105971, 0.133128, 0.014318, 0.985313
66, 627.400963, -66.866309, 498.265257,0.111383, 0.130379, 0.014742, 0.985078
67, 627.479383, -66.609479, 498.226410,0.115868, 0.127993, 0.015058, 0.984868
68, 627.582433, -66.114348, 498.273943,0.124423, 0.123333, 0.015588, 0.984411
69, 627.566104, -65.394000, 498.512833,0.133899, 0.118417, 0.016118, 0.983762
70, 627.343685, -64.622881, 498.918851,0.142794, 0.113500, 0.016486, 0.983085
71, 627.166579, -64.164722, 499.226940,0.147716, 0.110724, 0.016644, 0.982671
72, 626.983915, -63.573287, 499.646515,0.153133, 0.107798, 0.016807, 0.982165
73, 626.808624, -63.092445, 500.013395,0.157227, 0.105711, 0.016930, 0.981742
74, 626.352187, -61.877615, 501.046670,0.166669, 0.100875, 0.017144, 0.980689
75, 626.086429, -61.293354, 501.616798,0.171162, 0.098538, 0.017207, 0.980152
76, 625.782620, -60.750373, 502.228435,0.175711, 0.096203, 0.017256, 0.979578
77, 625.437150, -60.208096, 502.881468,0.180233, 0.093917, 0.017290, 0.978977
78, 625.018303, -59.575807, 503.645245,0.185248, 0.091430, 0.017313, 0.978276
79, 624.580457, -59.009781, 504.368407,0.189843, 0.089296, 0.017341, 0.977591
80, 624.069016, -58.364295, 505.192032,0.194917, 0.087050, 0.017371, 0.976795
81, 623.620566, -57.860859, 505.883010,0.199056, 0.085228, 0.017380, 0.976120
82, 623.014235, -57.293920, 506.744549,0.204005, 0.082985, 0.017358, 0.975292
83, 622.385893, -56.788998, 507.569394,0.208225, 0.080810, 0.017266, 0.974584
84, 621.599960, -56.241072, 508.493060,0.212411, 0.078403, 0.017100, 0.973880
85, 620.913922, -55.793785, 509.241495,0.215291, 0.076485, 0.016916, 0.973403
86, 620.012573, -55.238989, 510.160436,0.218068, 0.074329, 0.016659, 0.972956
87, 619.140198, -54.765929, 511.017926,0.220036, 0.072365, 0.016370, 0.972666
88, 618.102556, -54.253047, 511.974390,0.221728, 0.070134, 0.015991, 0.972452
89, 617.205771, -53.846915, 512.734582,0.222758, 0.068433, 0.015678, 0.972343
90, 616.156991, -53.410200, 513.554523,0.223624, 0.066725, 0.015347, 0.972268
91, 614.918234, -52.953504, 514.433087,0.224244, 0.065027, 0.014998, 0.972245
92, 613.740026, -52.583689, 515.195937,0.224568, 0.063677, 0.014708, 0.972264
93, 612.520415, -52.222967, 515.936230,0.224842, 0.062465, 0.014445, 0.972284
94, 611.114479, -51.773828, 516.740777,0.225268, 0.061251, 0.014191, 0.972266
95, 609.786055, -51.356601, 517.455540,0.225560, 0.060374, 0.014007, 0.972256
96, 608.539616, -50.981036, 518.077774,0.225685, 0.059784, 0.013877, 0.972265
97, 606.986623, -50.570182, 518.809841,0.225694, 0.059178, 0.013737, 0.972302
98, 605.560333, -50.255692, 519.473800,0.225504, 0.058618, 0.013594, 0.972382
99, 603.928304, -49.968975, 520.190389,0.225128, 0.057943, 0.013413, 0.972512
100, 602.586392, -49.782011, 520.739949,0.224844, 0.057470, 0.013286, 0.972608
101, 600.937923, -49.584063, 521.369638,0.224511, 0.057091, 0.013177, 0.972709
102, 599.430455, -49.458697, 521.894480,0.224117, 0.056905, 0.013110, 0.972811
103, 597.766008, -49.390084, 522.442050,0.223734, 0.056743, 0.013049, 0.972909
104, 596.399472, -49.351155, 522.889397,0.223597, 0.056591, 0.013005, 0.972951
105, 594.707491, -49.309334, 523.420811,0.223598, 0.056498, 0.012984, 0.972956
106, 593.002942, -49.268729, 523.931788,0.223633, 0.056510, 0.012989, 0.972947
107, 591.438895, -49.221800, 524.391863,0.223807, 0.056569, 0.013013, 0.972903
108, 590.023385, -49.205227, 524.794590,0.224003, 0.056696, 0.013055, 0.972850
109, 588.321445, -49.209584, 525.268591,0.224245, 0.056928, 0.013123, 0.972780
110, 586.642322, -49.228578, 525.737227,0.224510, 0.057166, 0.013194, 0.972704
111, 585.266487, -49.257644, 526.102148,0.224787, 0.057378, 0.013261, 0.972627
112, 583.611481, -49.306901, 526.537418,0.225050, 0.057696, 0.013351, 0.972546
113, 582.087874, -49.353539, 526.940250,0.225209, 0.057991, 0.013430, 0.972490
114, 580.423168, -49.431452, 527.370773,0.225263, 0.058299, 0.013505, 0.972458
115, 579.083918, -49.517859, 527.708039,0.225271, 0.058553, 0.013564, 0.972440
116, 577.471558, -49.632133, 528.104265,0.225266, 0.058961, 0.013659, 0.972416
117, 575.980635, -49.761783, 528.472179,0.225038, 0.059385, 0.013743, 0.972441
118, 574.361579, -49.920699, 528.852423,0.224647, 0.059861, 0.013828, 0.972501
119, 573.029826, -50.080171, 529.166944,0.224374, 0.060193, 0.013887, 0.972543
120, 571.553438, -50.274846, 529.513544,0.224102, 0.060475, 0.013935, 0.972588
121, 569.963752, -50.477857, 529.888827,0.223948, 0.060651, 0.013965, 0.972612
122, 568.382091, -50.708410, 530.266628,0.223960, 0.060657, 0.013967, 0.972609
123, 567.071144, -50.936863, 530.575761,0.223995, 0.060632, 0.013964, 0.972602
124, 565.632811, -51.187418, 530.916699,0.224043, 0.060569, 0.013952, 0.972595
125, 564.084314, -51.492949, 531.281604,0.224055, 0.060495, 0.013936, 0.972597
126, 562.971549, -51.723435, 531.554249,0.224056, 0.060451, 0.013926, 0.972600
127, 559.906849, -52.440528, 532.303759,0.223222, 0.060098, 0.013790, 0.972816
128, 558.440678, -52.867232, 532.650094,0.222737, 0.059733, 0.013675, 0.972951
129, 557.298344, -53.215032, 532.928593,0.222323, 0.059374, 0.013565, 0.973069
130, 555.961491, -53.670898, 533.248180,0.221816, 0.058904, 0.013425, 0.973215
131, 554.818773, -54.078726, 533.519956,0.221263, 0.058416, 0.013279, 0.973372
132, 553.648068, -54.592653, 533.802244,0.220562, 0.057671, 0.013065, 0.973579
133, 552.758601, -55.041841, 534.025212,0.219896, 0.056825, 0.012832, 0.973782
134, 551.763220, -55.600534, 534.279699,0.219131, 0.055579, 0.012504, 0.974031
135, 550.943828, -56.117611, 534.476871,0.218352, 0.054395, 0.012191, 0.974277
136, 550.159525, -56.712113, 534.664563,0.217155, 0.052981, 0.011805, 0.974627
137, 549.037082, -57.872392, 534.972050,0.214471, 0.049661, 0.010919, 0.975406
138, 548.069003, -59.066538, 535.192032,0.211106, 0.045043, 0.009739, 0.976376
139, 547.493932, -60.571832, 535.303408,0.207018, 0.038937, 0.008246, 0.977527
140, 547.337193, -61.421565, 535.330386,0.205138, 0.035183, 0.007379, 0.978073
141, 547.266109, -62.347021, 535.325341,0.203281, 0.030819, 0.006402, 0.978614
142, 547.439387, -64.117028, 535.241367,0.199644, 0.022194, 0.004523, 0.979607
143, 547.718175, -65.072369, 535.170174,0.197939, 0.017244, 0.003483, 0.980057
144, 548.139032, -66.071955, 535.045463,0.196193, 0.011639, 0.002329, 0.980493
145, 548.555228, -66.827065, 534.932209,0.194850, 0.007116, 0.001414, 0.980806
146, 549.138907, -67.705524, 534.816852,0.193139, 0.001668, 0.000328, 0.981170
147, 549.777952, -68.513483, 534.712570,0.191480, -0.003122, -0.000609, 0.981491
148, 550.569090, -69.383404, 534.608291,0.189721, -0.008285, -0.001601, 0.981802
149, 551.253313, -70.039242, 534.549230,0.188371, -0.012558, -0.002409, 0.982015
150, 552.076466, -70.760602, 534.490726,0.186719, -0.017799, -0.003384, 0.982246
151, 552.813879, -71.376026, 534.488046,0.185206, -0.022569, -0.004255, 0.982431
152, 554.225673, -72.470609, 534.599624,0.182012, -0.032165, -0.005957, 0.982752
153, 554.959255, -73.001874, 534.676166,0.180069, -0.037422, -0.006856, 0.982918
154, 556.114968, -73.889632, 534.884194,0.176234, -0.047337, -0.008485, 0.983173
155, 557.090688, -74.628567, 535.222839,0.172623, -0.056728, -0.009959, 0.983303
156, 557.974345, -75.271696, 535.659489,0.168809, -0.066125, -0.011351, 0.983363
157, 558.780850, -75.869487, 536.210171,0.164777, -0.075957, -0.012728, 0.983319
158, 559.482334, -76.443006, 536.832090,0.160836, -0.085874, -0.014048, 0.983138
159, 560.156677, -76.993864, 537.619760,0.157351, -0.095324, -0.015262, 0.982813
160, 560.744754, -77.593498, 538.484599,0.154181, -0.104963, -0.016475, 0.982313
161, 561.305630, -78.315516, 539.440224,0.150874, -0.115191, -0.017704, 0.981659
162, 561.820183, -79.062261, 540.505407,0.147276, -0.125318, -0.018815, 0.980944
163, 562.023644, -79.400379, 540.977677,0.145630, -0.129593, -0.019246, 0.980626
164, 562.475604, -80.309905, 542.166693,0.141803, -0.139481, -0.020186, 0.979811
165, 562.646091, -80.725706, 542.750748,0.140015, -0.144206, -0.020616, 0.979375
166, 562.914436, -81.596183, 544.023695,0.135873, -0.154126, -0.021403, 0.978430
167, 563.030598, -82.420235, 545.279058,0.131789, -0.163435, -0.022036, 0.977464
168, 562.999903, -82.780509, 545.893858,0.129905, -0.168066, -0.022348, 0.976923
169, 562.766164, -83.511016, 547.215787,0.126191, -0.177940, -0.023015, 0.975645
170, 562.613173, -83.857980, 547.787811,0.124826, -0.182263, -0.023334, 0.975015
171, 562.330858, -84.276201, 548.536052,0.123343, -0.188080, -0.023815, 0.974087
172, 562.046771, -84.581727, 549.136317,0.122370, -0.193022, -0.024270, 0.973231
173, 561.734669, -84.889685, 549.729876,0.121743, -0.198033, -0.024796, 0.972290
174, 561.426922, -85.185335, 550.269957,0.121474, -0.202574, -0.025333, 0.971373
175, 560.997774, -85.542897, 550.937685,0.121375, -0.208067, -0.026030, 0.970205
176, 560.548751, -85.865493, 551.531221,0.121879, -0.213039, -0.026794, 0.969042
177, 560.023416, -86.159489, 552.151097,0.122549, -0.218493, -0.027669, 0.967717
178, 559.556978, -86.393984, 552.618582,0.123174, -0.222895, -0.028403, 0.966612
179, 558.936831, -86.740673, 553.177769,0.124044, -0.228219, -0.029329, 0.965230
180, 558.332279, -87.083666, 553.679016,0.124959, -0.232984, -0.030203, 0.963946
181, 557.630417, -87.444381, 554.212335,0.125911, -0.238222, -0.031163, 0.962510
182, 557.019706, -87.728204, 554.641432,0.126598, -0.242547, -0.031942, 0.961313
183, 556.221192, -88.122475, 555.159587,0.127445, -0.247790, -0.032901, 0.959831
184, 555.421949, -88.481223, 555.633303,0.128152, -0.252541, -0.033766, 0.958467
185, 554.488622, -88.857161, 556.106938,0.129041, -0.257802, -0.034765, 0.956911
186, 553.683952, -89.157690, 556.446168,0.129822, -0.262107, -0.035608, 0.955604
187, 552.682348, -89.553511, 556.823885,0.130813, -0.267310, -0.036654, 0.953986
188, 551.785926, -89.938536, 557.142226,0.131680, -0.272001, -0.037603, 0.952503
189, 550.811158, -90.392236, 557.436297,0.132668, -0.277181, -0.038675, 0.950828
190, 550.038839, -90.777074, 557.647325,0.133474, -0.281338, -0.039550, 0.949457
191, 549.100054, -91.275188, 557.856671,0.134483, -0.285933, -0.040567, 0.947898
192, 548.271917, -91.768904, 558.009012,0.135479, -0.289376, -0.041413, 0.946674
193, 547.406454, -92.347055, 558.123593,0.136559, -0.292332, -0.042218, 0.945575
194, 546.793104, -92.832811, 558.158890,0.137422, -0.294011, -0.042759, 0.944904
195, 546.128406, -93.449647, 558.093459,0.138300, -0.294824, -0.043170, 0.944504
196, 545.093134, -94.601373, 557.718663,0.139314, -0.293141, -0.043221, 0.944876
197, 544.591223, -95.899756, 557.140619,0.139762, -0.288262, -0.042573, 0.946340
198, 544.255290, -97.349103, 556.339578,0.139607, -0.280765, -0.041317, 0.948670
199, 544.119915, -97.934315, 555.950924,0.139235, -0.277015, -0.040606, 0.949857
200, 544.022227, -98.655105, 555.436057,0.138583, -0.271964, -0.039613, 0.951452
201, 544.008628, -99.315683, 554.894266,0.137946, -0.266954, -0.038641, 0.953002
202, 544.085066, -99.991918, 554.239664,0.137077, -0.261282, -0.037513, 0.954743
203, 544.179570, -100.521714, 553.689909,0.136235, -0.256749, -0.036583, 0.956128
204, 544.346370, -101.168389, 553.009979,0.135143, -0.251381, -0.035471, 0.957750
205, 544.546120, -101.764490, 552.396388,0.134135, -0.246638, -0.034491, 0.959160
206, 544.817448, -102.387141, 551.734230,0.132891, -0.241511, -0.033409, 0.960675
207, 545.086312, -102.853680, 551.194039,0.131699, -0.237356, -0.032498, 0.961905
208, 545.461504, -103.410787, 550.534660,0.130079, -0.232357, -0.031374, 0.963382
209, 545.855772, -103.907627, 549.956294,0.128540, -0.227800, -0.030352, 0.964709
210, 546.323241, -104.398960, 549.326505,0.126647, -0.222824, -0.029209, 0.966156
211, 546.752123, -104.787456, 548.786923,0.125066, -0.218770, -0.028285, 0.967315
212, 547.311694, -105.245074, 548.115685,0.123051, -0.213858, -0.027166, 0.968703
213, 547.862720, -105.642158, 547.513315,0.121131, -0.209393, -0.026150, 0.969948
214, 548.521607, -106.050952, 546.831742,0.118946, -0.204532, -0.025047, 0.971283
215, 549.085012, -106.368343, 546.253036,0.117068, -0.200558, -0.024146, 0.972362
216, 549.710871, -106.692326, 545.585603,0.114948, -0.196185, -0.023164, 0.973530
217, 550.401993, -106.985497, 544.849715,0.112575, -0.191366, -0.022100, 0.974791
218, 551.027568, -107.243634, 544.184199,0.110428, -0.187002, -0.021160, 0.975904
219, 551.691869, -107.484249, 543.499715,0.108228, -0.182646, -0.020233, 0.976994
220, 552.486147, -107.748816, 542.736434,0.105702, -0.177838, -0.019217, 0.978178
221, 553.236528, -107.985651, 542.036795,0.103358, -0.173508, -0.018314, 0.979222
222, 554.116849, -108.250996, 541.261627,0.100627, -0.168766, -0.017323, 0.980353
223, 555.817543, -108.769869, 539.863856,0.095347, -0.160373, -0.015566, 0.982317
224, 556.678198, -108.983800, 539.153448,0.092644, -0.156255, -0.014723, 0.983252
225, 557.614893, -109.182846, 538.370773,0.089609, -0.151766, -0.013817, 0.984249
226, 558.382569, -109.330757, 537.728434,0.087111, -0.148090, -0.013096, 0.985043
227, 559.157033, -109.471807, 537.082145,0.084608, -0.144423, -0.012395, 0.985814
228, 560.163367, -109.665634, 536.217129,0.081217, -0.139462, -0.011478, 0.986824
229, 561.090421, -109.851720, 535.401392,0.078049, -0.134953, -0.010664, 0.987716
230, 561.858131, -109.984256, 534.720431,0.075388, -0.131311, -0.010015, 0.988420
231, 562.687962, -110.110692, 533.976090,0.072501, -0.127259, -0.009327, 0.989172
232, 563.570536, -110.200264, 533.158654,0.069280, -0.122805, -0.008594, 0.989972
233, 564.441119, -110.273256, 532.325523,0.065959, -0.118334, -0.007878, 0.990749
234, 565.148845, -110.331412, 531.649290,0.063195, -0.114752, -0.007315, 0.991355
235, 565.925509, -110.400108, 530.880664,0.060098, -0.110812, -0.006713, 0.992000
236, 566.769528, -110.472920, 530.030347,0.056653, -0.106518, -0.006079, 0.992677
237, 567.542678, -110.531176, 529.273583,0.053510, -0.102615, -0.005528, 0.993265
238, 568.337847, -110.578671, 528.518152,0.050328, -0.098688, -0.004998, 0.993832
239, 569.136293, -110.642087, 527.754388,0.047118, -0.094804, -0.004492, 0.994370
240, 570.010795, -110.717230, 526.908884,0.043417, -0.090580, -0.003953, 0.994934
241, 570.780995, -110.780128, 526.167814,0.039949, -0.086814, -0.003484, 0.995417
242, 571.529886, -110.829078, 525.445301,0.036405, -0.083130, -0.003039, 0.995869
243, 572.263441, -110.877907, 524.735441,0.032834, -0.079543, -0.002621, 0.996287
244, 573.053175, -110.884977, 523.964030,0.028879, -0.075653, -0.002192, 0.996714
245, 573.768250, -110.875599, 523.269391,0.025266, -0.072139, -0.001828, 0.997073
246, 574.476036, -110.884608, 522.596263,0.021675, -0.068588, -0.001490, 0.997409
247, 575.199608, -110.907794, 521.930620,0.018057, -0.065035, -0.001177, 0.997719
248, 576.010395, -110.937313, 521.229759,0.014091, -0.061059, -0.000862, 0.998034
249, 576.639173, -110.974576, 520.700428,0.010839, -0.057803, -0.000628, 0.998269
250, 577.342733, -111.018377, 520.158136,0.007216, -0.054173, -0.000391, 0.998505
251, 578.082285, -111.097464, 519.601217,0.003244, -0.050213, -0.000163, 0.998733
252, 578.822367, -111.177122, 519.095914,-0.000730, -0.046238, 0.000034, 0.998930
253, 579.409954, -111.241160, 518.709707,-0.004107, -0.043047, 0.000177, 0.999065
254, 580.095979, -111.324391, 518.246301,-0.008394, -0.039301, 0.000330, 0.999192
255, 580.711730, -111.422027, 517.838893,-0.012491, -0.036163, 0.000452, 0.999268
256, 581.439753, -111.546535, 517.457159,-0.017211, -0.033074, 0.000570, 0.999305
257, 582.114996, -111.676981, 517.155438,-0.021632, -0.030613, 0.000663, 0.999297
258, 582.721988, -111.782211, 516.900140,-0.025657, -0.028556, 0.000733, 0.999263
259, 583.464771, -111.917274, 516.619129,-0.030652, -0.026187, 0.000803, 0.999187
260, 584.189298, -112.083385, 516.381585,-0.035827, -0.023991, 0.000860, 0.999070
261, 584.808550, -112.252879, 516.207972,-0.040593, -0.022200, 0.000902, 0.998929
262, 585.342235, -112.403328, 516.090959,-0.044952, -0.020765, 0.000935, 0.998773
263, 585.944087, -112.575687, 515.983710,-0.050303, -0.019178, 0.000966, 0.998549
264, 586.465677, -112.717354, 515.912781,-0.055246, -0.017898, 0.000990, 0.998312
265, 586.956502, -112.834707, 515.893967,-0.060248, -0.016859, 0.001018, 0.998041
266, 587.896212, -113.074626, 515.953697,-0.070795, -0.015287, 0.001085, 0.997373
267, 588.399329, -113.232046, 516.022425,-0.076341, -0.014615, 0.001119, 0.996974
268, 588.857311, -113.422662, 516.101123,-0.081394, -0.014131, 0.001154, 0.996581
269, 589.735535, -113.771886, 516.322850,-0.091567, -0.013379, 0.001230, 0.995708
270, 590.670457, -114.171908, 516.618427,-0.102147, -0.012360, 0.001269, 0.994692
271, 591.063928, -114.361983, 516.741319,-0.106676, -0.011703, 0.001256, 0.994224
272, 593.789212, -115.380826, 517.488119,-0.146718, -0.002003, 0.000297, 0.989176
273, 594.401656, -114.678670, 517.547991,-0.149883, 0.002330, -0.000353, 0.988701
274, 594.760709, -113.256532, 517.225241,-0.137120, 0.005153, -0.000713, 0.990541
275, 595.050334, -112.097028, 516.987726,-0.126986, 0.005967, -0.000764, 0.991886
276, 595.197216, -111.488048, 516.880283,-0.121944, 0.006107, -0.000750, 0.992518
277, 595.389533, -110.851335, 516.769651,-0.116328, 0.006111, -0.000716, 0.993192
278, 595.545723, -110.334095, 516.694382,-0.111745, 0.006021, -0.000677, 0.993718
279, 595.726778, -109.722219, 516.615300,-0.106194, 0.005764, -0.000616, 0.994329
280, 596.059665, -108.573314, 516.522523,-0.095499, 0.004768, -0.000457, 0.995418
281, 596.194973, -108.068515, 516.494825,-0.090977, 0.004246, -0.000388, 0.995844
282, 596.365823, -107.439077, 516.467969,-0.085379, 0.003563, -0.000305, 0.996342
283, 596.504679, -106.849543, 516.454508,-0.080303, 0.002897, -0.000233, 0.996766
284, 596.667754, -106.214062, 516.449348,-0.074795, 0.002063, -0.000155, 0.997197
285, 596.797360, -105.685124, 516.452985,-0.070253, 0.001291, -0.000091, 0.997528
286, 596.951071, -104.972403, 516.482563,-0.064741, 0.000206, -0.000013, 0.997902
287, 597.073074, -104.285067, 516.513544,-0.059754, -0.000855, 0.000051, 0.998213
288, 597.245772, -103.499970, 516.555116,-0.054202, -0.002034, 0.000110, 0.998528
289, 597.410671, -102.858012, 516.589550,-0.049702, -0.002983, 0.000148, 0.998760
290, 597.600135, -102.145894, 516.638311,-0.044722, -0.004014, 0.000180, 0.998991
291, 597.808028, -101.325240, 516.713743,-0.039226, -0.005219, 0.000205, 0.999217
292, 598.010457, -100.508061, 516.791497,-0.033764, -0.006549, 0.000221, 0.999408
293, 598.180262, -99.841069, 516.866344,-0.029296, -0.007686, 0.000225, 0.999541
294, 598.361691, -99.054904, 516.966628,-0.024277, -0.008879, 0.000216, 0.999666
295, 598.520067, -98.195626, 517.073105,-0.019304, -0.010009, 0.000193, 0.999764
296, 598.694376, -97.224788, 517.204818,-0.013864, -0.011276, 0.000156, 0.999840
297, 598.822163, -96.420833, 517.334941,-0.009407, -0.012431, 0.000117, 0.999878
298, 598.939120, -95.378126, 517.518018,-0.004002, -0.013972, 0.000056, 0.999894
299, 599.040806, -94.282126, 517.723249,0.001378, -0.015581, -0.000021, 0.999878
300, 599.101538, -93.234861, 517.917668,0.006339, -0.017077, -0.000108, 0.999834
301, 599.188945, -91.058371, 518.319728,0.016247, -0.019618, -0.000319, 0.999675
302, 599.188945, -91.058371, 518.319728,0.016247, -0.019618, -0.000319, 0.999675
303, 599.254760, -88.727143, 518.771567,0.026775, -0.021775, -0.000583, 0.999404
304, 599.273004, -87.695521, 518.990597,0.031218, -0.022663, -0.000708, 0.999255
305, 599.280291, -86.429626, 519.306755,0.036617, -0.023984, -0.000879, 0.999041
306, 599.262647, -85.255933, 519.627089,0.041476, -0.025511, -0.001059, 0.998813
307, 599.262647, -85.255933, 519.627089,0.041476, -0.025511, -0.001059, 0.998813
308, 599.151412, -82.818858, 520.349924,0.051117, -0.029131, -0.001492, 0.998267
309, 599.033411, -81.471540, 520.761790,0.056424, -0.031149, -0.001761, 0.997919
310, 598.858690, -80.153236, 521.170608,0.061741, -0.033059, -0.002046, 0.997542
311, 598.701449, -78.977040, 521.541031,0.066615, -0.034595, -0.002311, 0.997176
312, 598.701449, -78.977040, 521.541031,0.066615, -0.034595, -0.002311, 0.997176
313, 598.390434, -76.667364, 522.282427,0.076499, -0.037077, -0.002847, 0.996376
314, 598.228060, -75.539937, 522.634370,0.081475, -0.038005, -0.003109, 0.995946
315, 598.038365, -74.274797, 523.036242,0.086985, -0.038874, -0.003397, 0.995445
316, 597.844076, -73.055616, 523.437557,0.091967, -0.039662, -0.003666, 0.994965
317, 597.628954, -71.806692, 523.849592,0.096959, -0.040467, -0.003945, 0.994458
318, 597.419674, -70.558500, 524.255460,0.102008, -0.041201, -0.004229, 0.993921
319, 597.180882, -69.159569, 524.714755,0.107542, -0.041857, -0.004532, 0.993309
320, 596.931463, -67.848110, 525.118946,0.112610, -0.042204, -0.004787, 0.992731
321, 596.680827, -66.519239, 525.524797,0.117688, -0.042272, -0.005014, 0.992138
322, 596.443411, -65.153879, 525.947640,0.122751, -0.042227, -0.005228, 0.991525
323, 596.183476, -63.597339, 526.439617,0.128311, -0.042191, -0.005464, 0.990821
324, 595.938760, -62.150804, 526.894578,0.133391, -0.042163, -0.005680, 0.990150
325, 595.678039, -60.693177, 527.345762,0.138432, -0.042133, -0.005895, 0.989458
326, 595.409018, -59.076627, 527.829461,0.143992, -0.041976, -0.006114, 0.988669
327, 595.156180, -57.468947, 528.306783,0.149549, -0.041634, -0.006303, 0.987857
328, 594.924676, -55.997120, 528.739306,0.154581, -0.041158, -0.006445, 0.987101
329, 594.686775, -54.556707, 529.177417,0.159610, -0.040609, -0.006572, 0.986323
330, 594.451395, -53.105980, 529.632416,0.164658, -0.040164, -0.006711, 0.985510
331, 594.187637, -51.500726, 530.143378,0.170197, -0.039868, -0.006892, 0.984579
332, 593.948339, -50.055485, 530.611262,0.175233, -0.039740, -0.007079, 0.983699
333, 593.775675, -48.906348, 531.011175,0.179252, -0.039730, -0.007245, 0.982974
334, 593.553016, -47.327746, 531.593017,0.184760, -0.039890, -0.007506, 0.981945
335, 593.316953, -45.619837, 532.290683,0.190754, -0.040411, -0.007860, 0.980774
336, 593.134415, -44.355595, 532.858387,0.195213, -0.041059, -0.008180, 0.979867
337, 592.930150, -42.812550, 533.572541,0.200673, -0.042012, -0.008614, 0.978719
338, 592.731835, -41.470375, 534.245411,0.205612, -0.042893, -0.009021, 0.977652
339, 592.529947, -40.229403, 534.958519,0.210462, -0.043875, -0.009456, 0.976571
340, 592.337016, -39.017551, 535.764707,0.215174, -0.045214, -0.009973, 0.975478
341, 592.107851, -37.756917, 536.745051,0.220222, -0.047291, -0.010690, 0.974244
342, 591.869883, -36.749721, 537.648418,0.224781, -0.049518, -0.011439, 0.973083
343, 591.630884, -35.787086, 538.670606,0.229597, -0.052130, -0.012316, 0.971811
344, 591.431662, -35.113115, 539.545219,0.233396, -0.054445, -0.013090, 0.970768
345, 591.195743, -34.491793, 540.545298,0.237459, -0.057277, -0.014027, 0.969606
346, 590.928443, -33.956663, 541.694732,0.241716, -0.060635, -0.015136, 0.968332
347, 590.679322, -33.569856, 542.787561,0.245443, -0.063885, -0.016213, 0.967168
348, 590.348292, -33.253499, 543.975534,0.249489, -0.067616, -0.017466, 0.965856
349, 590.041689, -33.089382, 544.954315,0.252740, -0.070662, -0.018511, 0.964773
350, 589.619661, -33.015563, 546.186098,0.256523, -0.074417, -0.019814, 0.963465
351, 589.197402, -33.046531, 547.304639,0.259804, -0.077941, -0.021043, 0.962281
352, 588.745223, -33.189509, 548.418705,0.262763, -0.081610, -0.022311, 0.961144
353, 588.234007, -33.453912, 549.523696,0.265384, -0.085557, -0.023650, 0.960048
354, 587.597417, -33.860962, 550.702747,0.267803, -0.090266, -0.025209, 0.958905
355, 587.029941, -34.282722, 551.655635,0.269496, -0.094330, -0.026536, 0.958003
356, 586.276122, -34.895592, 552.817198,0.271333, -0.099443, -0.028197, 0.956919
357, 585.633512, -35.451730, 553.758778,0.272648, -0.103670, -0.029565, 0.956055
358, 584.745125, -36.296000, 555.000439,0.274149, -0.109343, -0.031391, 0.954935
359, 584.004440, -37.063324, 556.039434,0.275246, -0.114081, -0.032914, 0.954013
360, 583.238108, -37.892985, 557.102415,0.276186, -0.118813, -0.034429, 0.953110
361, 582.426417, -38.783578, 558.152946,0.277050, -0.123526, -0.035941, 0.952204
362, 581.483683, -39.789286, 559.297040,0.277862, -0.128731, -0.037604, 0.951213
363, 580.580158, -40.727393, 560.316158,0.278523, -0.133506, -0.039129, 0.950300
364, 579.645861, -41.682748, 561.325900,0.279130, -0.138257, -0.040649, 0.949378
365, 578.642645, -42.655996, 562.323548,0.279695, -0.143003, -0.042171, 0.948442
366, 571.965676, -48.229338, 567.701041,0.283767, -0.167033, -0.050269, 0.942894
367, 567.142731, -51.647681, 570.572484,0.285990, -0.179612, -0.054666, 0.939660
368, 565.955589, -52.508169, 571.218116,0.286299, -0.182567, -0.055668, 0.938937
369, 564.778869, -53.352771, 571.842312,0.286512, -0.185555, -0.056664, 0.938227
370, 563.482172, -54.297017, 572.501772,0.286520, -0.188922, -0.057739, 0.937487
371, 562.423368, -55.125610, 573.022681,0.286375, -0.191794, -0.058624, 0.936893
372, 561.146481, -56.199084, 573.645710,0.286135, -0.195415, -0.059729, 0.936148
373, 559.977530, -57.138607, 574.200938,0.285512, -0.198846, -0.060684, 0.935554
374, 558.704486, -58.159870, 574.776781,0.284753, -0.202603, -0.061708, 0.934912
375, 557.521241, -59.144565, 575.271335,0.284120, -0.205921, -0.062619, 0.934319
376, 556.369561, -60.161457, 575.745780,0.283428, -0.209232, -0.063511, 0.933733
377, 555.230215, -61.203913, 576.182927,0.282676, -0.212573, -0.064394, 0.933145
378, 554.009683, -62.350837, 576.617098,0.281795, -0.216126, -0.065309, 0.932532
379, 552.899719, -63.407699, 576.995877,0.280907, -0.219256, -0.066083, 0.932014
380, 551.921038, -64.391153, 577.325573,0.280074, -0.222059, -0.066763, 0.931553
381, 550.739148, -65.638973, 577.691158,0.279050, -0.225484, -0.067586, 0.930978
382, 548.675160, -67.952684, 578.241563,0.277131, -0.231679, -0.069044, 0.929923
383, 547.624613, -69.227161, 578.470735,0.275979, -0.234934, -0.069762, 0.929395
384, 546.697013, -70.419875, 578.644900,0.274830, -0.237842, -0.070366, 0.928950
385, 545.692639, -71.717163, 578.820380,0.273394, -0.241155, -0.071010, 0.928471
386, 544.950020, -72.784649, 578.945512,0.272078, -0.244029, -0.071541, 0.928065
387, 544.130626, -74.111754, 579.056438,0.270396, -0.247631, -0.072188, 0.927553
388, 543.410356, -75.306628, 579.101413,0.268790, -0.250932, -0.072753, 0.927088
389, 542.647511, -76.598490, 579.086498,0.266930, -0.254509, -0.073317, 0.926606
390, 542.074713, -77.622735, 579.037585,0.265293, -0.257337, -0.073704, 0.926264
391, 541.503633, -78.775145, 578.938714,0.263454, -0.260352, -0.074079, 0.925916
392, 540.923446, -80.026839, 578.773767,0.261350, -0.263490, -0.074398, 0.925599
393, 540.414015, -81.223611, 578.538307,0.259281, -0.266191, -0.074583, 0.925393
394, 540.041750, -82.159209, 578.289224,0.257545, -0.268056, -0.074607, 0.925338
395, 539.680201, -83.334876, 577.907324,0.255485, -0.269689, -0.074452, 0.925447
396, 539.437558, -84.439219, 577.485404,0.253582, -0.270609, -0.074127, 0.925728
397, 539.230307, -85.644792, 576.950549,0.251354, -0.271030, -0.073548, 0.926259
398, 539.087029, -86.586381, 576.467738,0.249407, -0.270954, -0.072910, 0.926857
399, 538.962166, -87.686748, 575.833373,0.246786, -0.270139, -0.071848, 0.927879
400, 538.913879, -88.569239, 575.267284,0.244512, -0.268783, -0.070747, 0.928959
401, 538.923849, -89.559686, 574.587056,0.241830, -0.266595, -0.069294, 0.930400
402, 538.974477, -90.674455, 573.792223,0.238750, -0.263636, -0.067524, 0.932167
403, 539.046016, -91.673188, 573.035812,0.235713, -0.260517, -0.065751, 0.933942
404, 539.124816, -92.628257, 572.263836,0.232541, -0.257061, -0.063877, 0.935823
405, 539.210591, -93.559135, 571.488951,0.229407, -0.253474, -0.062012, 0.937698
406, 539.352065, -94.599501, 570.633540,0.226041, -0.249598, -0.060041, 0.939682
407, 539.493973, -95.449501, 569.925066,0.223239, -0.246499, -0.058462, 0.941268
408, 539.672623, -96.491948, 569.047877,0.219828, -0.242842, -0.056602, 0.943133
409, 539.872263, -97.441597, 568.246841,0.216719, -0.239562, -0.054952, 0.944787
410, 540.134336, -98.496084, 567.353162,0.213311, -0.235945, -0.053170, 0.946574
411, 540.437943, -99.448802, 566.560298,0.210166, -0.232635, -0.051564, 0.948184
412, 540.773217, -100.421045, 565.757044,0.206965, -0.229309, -0.049968, 0.949782
413, 541.109941, -101.399333, 564.943466,0.203772, -0.226027, -0.048414, 0.951338
414, 541.509279, -102.463931, 564.055353,0.200198, -0.222373, -0.046712, 0.953042
415, 541.841697, -103.376839, 563.319885,0.197321, -0.219377, -0.045356, 0.954401
416, 542.276994, -104.517975, 562.407062,0.193851, -0.215634, -0.043723, 0.956040
417, 542.710422, -105.537679, 561.576023,0.190687, -0.212191, -0.042258, 0.957511
418, 543.200337, -106.631851, 560.650684,0.187197, -0.208354, -0.040666, 0.959110
419, 543.624334, -107.550996, 559.866658,0.184354, -0.205210, -0.039391, 0.960391
420, 544.208132, -108.689657, 558.880941,0.180827, -0.201394, -0.037859, 0.961930
421, 544.775210, -109.671104, 557.969940,0.177598, -0.197909, -0.036487, 0.963307
422, 545.394464, -110.692488, 556.948197,0.174048, -0.194080, -0.035012, 0.964787
423, 545.909668, -111.498269, 556.101096,0.171109, -0.190977, -0.033829, 0.965974
424, 546.599761, -112.478621, 555.054743,0.167548, -0.187148, -0.032413, 0.967395
425, 547.238264, -113.336859, 554.105605,0.164256, -0.183670, -0.031145, 0.968667
426, 547.969266, -114.187858, 553.085771,0.160628, -0.179818, -0.029776, 0.970040
427, 548.611748, -114.832334, 552.253040,0.157666, -0.176681, -0.028685, 0.971135
428, 549.452688, -115.603864, 551.239377,0.154042, -0.172833, -0.027378, 0.972445
429, 550.295716, -116.289790, 550.336522,0.150713, -0.169303, -0.026208, 0.973620
430, 551.296689, -116.998819, 549.338731,0.147011, -0.165437, -0.024948, 0.974883
431, 552.157893, -117.523377, 548.524988,0.144006, -0.162280, -0.023947, 0.975886
432, 553.285297, -118.081715, 547.517925,0.140309, -0.158418, -0.022749, 0.977087
433, 554.353438, -118.532648, 546.595657,0.136923, -0.154880, -0.021680, 0.978159
434, 555.593462, -118.980377, 545.563258,0.133197, -0.150985, -0.020536, 0.979306
435, 556.632178, -119.303826, 544.692922,0.130128, -0.147813, -0.019623, 0.980221
436, 557.928718, -119.624707, 543.609298,0.126373, -0.143941, -0.018537, 0.981309
437, 559.144203, -119.828654, 542.603113,0.123016, -0.140373, -0.017580, 0.982269
438, 560.521268, -119.974996, 541.476429,0.119425, -0.136327, -0.016557, 0.983300
439, 561.693110, -120.075471, 540.515205,0.116510, -0.132968, -0.015742, 0.984122
440, 563.179549, -120.157791, 539.278957,0.113036, -0.128770, -0.014776, 0.985101
441, 564.542986, -120.214435, 538.134046,0.109928, -0.124883, -0.013923, 0.985965
442, 566.033968, -120.219573, 536.896534,0.106560, -0.120513, -0.013012, 0.986890
443, 567.255623, -120.198219, 535.888532,0.103766, -0.116938, -0.012286, 0.987627
444, 568.742577, -120.130586, 534.625787,0.100361, -0.112593, -0.011432, 0.988494
445, 570.065214, -120.037341, 533.473331,0.097265, -0.108647, -0.010682, 0.989253
446, 571.518766, -119.939342, 532.197001,0.093835, -0.104350, -0.009890, 0.990055
447, 572.754718, -119.896916, 531.134231,0.090961, -0.100861, -0.009261, 0.990690
448, 574.252491, -119.868587, 529.857850,0.087377, -0.096619, -0.008515, 0.991442
449, 575.590366, -119.825970, 528.716673,0.084093, -0.092801, -0.007866, 0.992096
450, 577.013702, -119.750654, 527.486838,0.080390, -0.088687, -0.007181, 0.992784
451, 578.179008, -119.712242, 526.464658,0.077366, -0.085368, -0.006649, 0.993319
452, 579.586113, -119.690764, 525.243429,0.073558, -0.081331, -0.006019, 0.993951
453, 580.827688, -119.700880, 524.146470,0.070088, -0.077682, -0.005475, 0.994496
454, 582.188416, -119.680209, 522.932573,0.066246, -0.073679, -0.004905, 0.995067
455, 583.299088, -119.657891, 521.941231,0.063137, -0.070403, -0.004465, 0.995509
456, 584.634550, -119.646576, 520.756611,0.059311, -0.066384, -0.003953, 0.996022
457, 585.817078, -119.590149, 519.718153,0.055863, -0.062684, -0.003514, 0.996463
458, 587.057003, -119.506503, 518.604537,0.052162, -0.058522, -0.003062, 0.996918
459, 588.042305, -119.390097, 517.722052,0.049172, -0.055028, -0.002713, 0.997270
460, 589.275647, -119.213406, 516.633049,0.045633, -0.050726, -0.002320, 0.997667
461, 590.378541, -119.036219, 515.661916,0.042497, -0.046719, -0.001989, 0.998002
462, 591.569254, -118.761591, 514.648508,0.039335, -0.042169, -0.001661, 0.998335
463, 592.545830, -118.487264, 513.853896,0.036984, -0.038268, -0.001417, 0.998582
464, 593.782414, -118.114755, 512.904349,0.034393, -0.033290, -0.001146, 0.998853
465, 594.962980, -117.692542, 512.029902,0.032267, -0.028650, -0.000925, 0.999068
466, 596.155025, -117.225632, 511.154788,0.030355, -0.023890, -0.000726, 0.999253
467, 597.380046, -116.738983, 510.289216,0.028729, -0.019014, -0.000547, 0.999406
468, 598.777914, -116.149129, 509.373169,0.027330, -0.013555, -0.000371, 0.999534
469, 600.087342, -115.570874, 508.565392,0.026625, -0.008466, -0.000225, 0.999610
470, 601.458436, -114.927758, 507.777847,0.026434, -0.003473, -0.000092, 0.999645
471, 602.847988, -114.250144, 507.019616,0.026482, 0.001068, 0.000028, 0.999649
472, 604.239505, -113.560315, 506.283727,0.026997, 0.004950, 0.000134, 0.999623
473, 605.773482, -112.787910, 505.499932,0.027667, 0.008522, 0.000236, 0.999581
474, 607.048589, -112.138197, 504.880993,0.028349, 0.010975, 0.000311, 0.999538
475, 608.593613, -111.303207, 504.161909,0.029319, 0.013436, 0.000394, 0.999480
476, 609.998290, -110.521405, 503.567736,0.030300, 0.015171, 0.000460, 0.999426
477, 611.552455, -109.666386, 502.968276,0.031341, 0.016468, 0.000516, 0.999373
478, 614.489182, -108.127180, 502.017459,0.033269, 0.017307, 0.000576, 0.999296
479, 615.982764, -107.344042, 501.603389,0.034455, 0.017275, 0.000596, 0.999257
480, 617.638458, -106.492308, 501.184932,0.035892, 0.017048, 0.000612, 0.999210
481, 619.033122, -105.782163, 500.875322,0.037090, 0.016615, 0.000617, 0.999174
482, 620.723629, -104.949451, 500.534794,0.038599, 0.015712, 0.000607, 0.999131
483, 638.811293, -82.799231, 512.726785,0.069417, -0.058275, -0.004062, 0.995876
484, 638.102307, -81.699568, 514.185552,0.070221, -0.060194, -0.004245, 0.995705
485, 637.378814, -80.710904, 515.527856,0.070943, -0.061637, -0.004392, 0.995565
486, 636.488394, -79.620247, 517.015618,0.071820, -0.062768, -0.004529, 0.995430
487, 635.692800, -78.732717, 518.244075,0.072581, -0.063379, -0.004622, 0.995336
488, 634.680475, -77.654557, 519.737192,0.073462, -0.063741, -0.004705, 0.995248
489, 633.698437, -76.675148, 521.064248,0.074225, -0.063818, -0.004760, 0.995186
490, 632.532827, -75.645437, 522.468307,0.075049, -0.063547, -0.004792, 0.995141
491, 631.554215, -74.822694, 523.566826,0.075767, -0.062948, -0.004793, 0.995125
492, 630.346342, -73.811524, 524.832152,0.076668, -0.061629, -0.004748, 0.995139
493, 629.227904, -72.914923, 525.924261,0.077380, -0.059921, -0.004659, 0.995189
494, 627.960840, -71.968388, 527.098416,0.078201, -0.057759, -0.004538, 0.995253
495, 626.905187, -71.202066, 528.030727,0.078865, -0.055853, -0.004426, 0.995310
496, 625.584573, -70.301227, 529.133727,0.079652, -0.053215, -0.004258, 0.995392
497, 624.364820, -69.515047, 530.097750,0.080284, -0.050472, -0.004070, 0.995485
498, 623.024855, -68.665697, 531.125072,0.080989, -0.047208, -0.003840, 0.995589
499, 621.907555, -67.992880, 531.945974,0.081453, -0.044373, -0.003630, 0.995682
500, 620.495438, -67.196190, 532.949448,0.081906, -0.041024, -0.003374, 0.995790
501, 619.191454, -66.479895, 533.855364,0.082286, -0.038071, -0.003146, 0.995876
502, 617.725427, -65.741524, 534.824452,0.082785, -0.034733, -0.002887, 0.995958
503, 616.537027, -65.139926, 535.600816,0.083187, -0.031854, -0.002660, 0.996021
504, 615.069249, -64.425275, 536.534553,0.083698, -0.028267, -0.002375, 0.996087
505, 613.716548, -63.787423, 537.367545,0.084099, -0.024964, -0.002108, 0.996142
506, 612.221646, -63.095853, 538.270425,0.084512, -0.021295, -0.001807, 0.996193
507, 610.967560, -62.549219, 539.005049,0.084816, -0.018345, -0.001562, 0.996227
508, 609.427610, -61.904543, 539.894103,0.085072, -0.014729, -0.001258, 0.996265
509, 608.019181, -61.331710, 540.704762,0.085302, -0.011485, -0.000983, 0.996288
510, 606.454471, -60.737645, 541.596580,0.085472, -0.007972, -0.000684, 0.996308
511, 605.175883, -60.250674, 542.324684,0.085605, -0.005054, -0.000434, 0.996316
512, 603.600758, -59.703570, 543.212145,0.085702, -0.001494, -0.000129, 0.996320
513, 602.154621, -59.220826, 543.998865,0.085702, 0.001868, 0.000161, 0.996319
514, 600.550909, -58.717283, 544.840865,0.085700, 0.005806, 0.000499, 0.996304
515, 599.241366, -58.304724, 545.518270,0.085447, 0.009211, 0.000790, 0.996300
516, 597.641674, -57.825444, 546.321563,0.084989, 0.013612, 0.001161, 0.996288
517, 596.189223, -57.429849, 547.036347,0.084542, 0.017804, 0.001511, 0.996260
518, 594.593750, -56.996736, 547.819156,0.083985, 0.022527, 0.001899, 0.996211
519, 593.281283, -56.663874, 548.461120,0.083523, 0.026403, 0.002214, 0.996154
520, 591.677255, -56.256965, 549.255019,0.082855, 0.031068, 0.002584, 0.996074
521, 590.199012, -55.938630, 549.981231,0.082092, 0.035262, 0.002906, 0.995997
522, 588.577089, -55.599278, 550.790987,0.081182, 0.039826, 0.003247, 0.995898
523, 587.250791, -55.353501, 551.461891,0.080358, 0.043522, 0.003512, 0.995809
524, 585.630574, -55.055981, 552.289601,0.079304, 0.047980, 0.003821, 0.995688
525, 584.148908, -54.821923, 553.047186,0.078310, 0.051940, 0.004086, 0.995567
526, 582.497784, -54.560701, 553.879473,0.077146, 0.056279, 0.004362, 0.995421
527, 581.162985, -54.369302, 554.564422,0.076175, 0.059903, 0.004585, 0.995283
528, 579.536054, -54.165690, 555.413309,0.074723, 0.064314, 0.004829, 0.995116
529, 578.049798, -54.024337, 556.190872,0.073380, 0.068307, 0.005038, 0.994949
530, 576.413015, -53.892128, 557.044626,0.071903, 0.072695, 0.005255, 0.994745
531, 575.075330, -53.793989, 557.744458,0.070680, 0.076281, 0.005421, 0.994563
532, 573.447138, -53.730373, 558.606199,0.069034, 0.080679, 0.005601, 0.994331
533, 571.973780, -53.701039, 559.395473,0.067320, 0.084664, 0.005733, 0.994116
534, 570.355492, -53.722282, 560.244827,0.065412, 0.089113, 0.005865, 0.993854
535, 569.043056, -53.776257, 560.909606,0.063746, 0.092825, 0.005955, 0.993622
536, 567.505049, -53.875958, 561.673605,0.061444, 0.097481, 0.006030, 0.993321
537, 566.169997, -54.005681, 562.322447,0.059276, 0.101753, 0.006074, 0.993024
538, 564.772259, -54.189263, 562.989396,0.056736, 0.106483, 0.006086, 0.992676
539, 563.671510, -54.361212, 563.481026,0.054559, 0.110445, 0.006072, 0.992365
540, 562.411618, -54.614362, 564.027026,0.051593, 0.115270, 0.005995, 0.991975
541, 561.264665, -54.923439, 564.513209,0.048391, 0.119986, 0.005856, 0.991578
542, 560.309199, -55.274867, 564.908316,0.045279, 0.124106, 0.005669, 0.991219
543, 559.433015, -55.668933, 565.246118,0.042061, 0.128092, 0.005437, 0.990855
544, 557.941671, -56.524136, 565.756663,0.035517, 0.135722, 0.004869, 0.990098
545, 557.331934, -56.991554, 565.934806,0.032167, 0.139279, 0.004527, 0.989720
546, 556.853838, -57.433466, 566.055119,0.028975, 0.142280, 0.004167, 0.989393
547, 556.385788, -57.995453, 566.147743,0.024979, 0.145647, 0.003678, 0.989014
548, 555.988538, -58.627735, 566.191488,0.020524, 0.148940, 0.003092, 0.988628
549, 555.747186, -59.178759, 566.172694,0.016714, 0.151413, 0.002561, 0.988326
550, 555.600507, -59.632590, 566.128146,0.013654, 0.153227, 0.002117, 0.988094
551, 555.449357, -60.261542, 566.036536,0.009423, 0.155517, 0.001484, 0.987787
552, 555.356386, -61.012474, 565.873749,0.004888, 0.157701, 0.000781, 0.987474
553, 555.345877, -61.690717, 565.689349,0.001124, 0.159271, 0.000181, 0.987234
554, 555.384949, -62.237756, 565.519889,-0.001893, 0.160392, -0.000308, 0.987051
555, 555.541224, -63.073572, 565.237307,-0.006433, 0.161826, -0.001055, 0.986798
556, 555.751202, -63.722499, 565.005693,-0.009980, 0.162724, -0.001646, 0.986620
557, 556.046168, -64.487477, 564.711078,-0.014069, 0.163579, -0.002333, 0.986427
558, 556.459849, -65.414962, 564.305170,-0.018936, 0.164436, -0.003157, 0.986201
559, 556.849756, -66.177674, 563.934200,-0.022976, 0.164984, -0.003844, 0.986021
560, 557.244553, -66.873574, 563.572606,-0.026743, 0.165343, -0.004485, 0.985863
561, 557.788202, -67.779790, 563.085904,-0.031313, 0.165709, -0.005264, 0.985663
562, 558.302460, -68.560079, 562.657407,-0.035021, 0.165903, -0.005896, 0.985502
563, 559.812297, -70.550959, 561.427007,-0.043994, 0.166017, -0.007414, 0.985113
564, 560.554505, -71.430070, 560.805926,-0.047594, 0.166116, -0.008027, 0.984924
565, 561.161456, -72.115541, 560.284256,-0.050401, 0.166273, -0.008510, 0.984754
566, 561.996498, -73.038233, 559.515184,-0.053997, 0.166622, -0.009139, 0.984499
567, 562.865791, -73.955795, 558.697113,-0.057343, 0.167026, -0.009731, 0.984235
568, 563.605496, -74.679533, 558.007353,-0.059781, 0.167309, -0.010164, 0.984038
569, 564.545185, -75.552669, 557.118561,-0.062549, 0.167595, -0.010655, 0.983812
570, 565.551833, -76.411943, 556.177800,-0.065114, 0.167942, -0.011118, 0.983581
571, 566.649642, -77.268913, 555.229575,-0.067446, 0.168116, -0.011530, 0.983390
572, 567.483473, -77.871735, 554.539455,-0.068943, 0.168058, -0.011783, 0.983293
573, 568.640025, -78.678202, 553.598813,-0.070630, 0.167857, -0.012058, 0.983204
574, 569.718047, -79.375476, 552.744509,-0.071990, 0.167465, -0.012262, 0.983170
575, 570.835480, -80.051340, 551.874530,-0.073151, 0.166935, -0.012420, 0.983172
576, 571.990080, -80.730541, 550.992499,-0.074242, 0.166366, -0.012563, 0.983185
577, 573.316551, -81.462196, 549.997796,-0.075311, 0.165683, -0.012691, 0.983217
578, 574.578247, -82.132000, 549.057246,-0.076214, 0.165070, -0.012795, 0.983249
579, 575.973101, -82.860042, 548.013981,-0.077261, 0.164302, -0.012910, 0.983295
580, 577.257308, -83.528310, 547.052655,-0.078014, 0.163531, -0.012973, 0.983363
581, 578.572499, -84.191650, 546.066650,-0.078779, 0.162720, -0.013035, 0.983436
582, 580.091958, -84.931536, 544.954486,-0.079676, 0.161688, -0.013098, 0.983533
583, 581.510485, -85.583496, 543.934525,-0.080516, 0.160564, -0.013143, 0.983648
584, 583.080717, -86.269130, 542.814193,-0.081313, 0.159135, -0.013153, 0.983815
585, 584.373564, -86.820903, 541.886987,-0.081860, 0.157885, -0.013135, 0.983971
586, 585.939770, -87.469639, 540.762489,-0.082578, 0.156254, -0.013111, 0.984172
587, 587.379110, -88.033933, 539.750465,-0.083282, 0.154745, -0.013092, 0.984351
588, 588.826625, -88.582685, 538.740438,-0.083868, 0.153232, -0.013053, 0.984538
589, 590.144389, -89.069166, 537.834832,-0.084264, 0.151849, -0.012994, 0.984720
590, 591.902288, -89.669113, 536.638753,-0.084738, 0.149911, -0.012897, 0.984977
591, 593.379396, -90.143419, 535.653608,-0.085029, 0.148374, -0.012806, 0.985186
592, 595.043695, -90.611054, 534.598327,-0.085147, 0.146551, -0.012663, 0.985450
593, 596.362125, -90.938248, 533.769441,-0.085168, 0.144908, -0.012521, 0.985693
594, 597.954320, -91.264952, 532.778616,-0.085193, 0.142965, -0.012353, 0.985977
595, 599.412319, -91.549740, 531.883275,-0.084944, 0.141165, -0.012158, 0.986260
596, 601.031822, -91.798554, 530.922217,-0.084555, 0.139099, -0.011921, 0.986590
597, 602.350937, -91.956518, 530.161037,-0.084137, 0.137450, -0.011719, 0.986859
598, 603.970871, -92.085016, 529.267193,-0.083430, 0.135202, -0.011426, 0.987233
599, 605.446628, -92.160015, 528.493624,-0.082510, 0.132926, -0.011105, 0.987623
600, 606.904723, -92.145256, 527.764952,-0.081341, 0.130499, -0.010743, 0.988048
601, 608.312912, -92.055180, 527.081682,-0.079864, 0.128006, -0.010342, 0.988498
602, 609.538878, -91.925058, 526.482065,-0.078500, 0.125834, -0.009989, 0.988890
603, 611.152092, -91.736309, 525.696874,-0.076501, 0.122954, -0.009507, 0.989414
604, 612.514144, -91.539994, 525.044290,-0.074672, 0.120758, -0.009110, 0.989828
605, 613.686329, -91.316569, 524.478418,-0.072790, 0.118934, -0.008743, 0.990192
606, 615.052744, -90.998993, 523.796360,-0.070291, 0.117039, -0.008305, 0.990602
607, 616.253495, -90.679106, 523.178184,-0.067881, 0.115546, -0.007915, 0.990948
608, 617.559621, -90.261924, 522.493603,-0.065065, 0.114088, -0.007488, 0.991309
609, 618.706199, -89.855513, 521.878888,-0.062222, 0.112954, -0.007088, 0.991625
610, 619.785524, -89.388992, 521.277978,-0.059138, 0.112087, -0.006683, 0.991915
611, 620.863763, -88.792089, 520.649293,-0.055493, 0.111424, -0.006232, 0.992203
612, 621.863000, -88.086516, 520.073329,-0.051464, 0.110949, -0.005753, 0.992476
613, 622.608001, -87.445098, 519.642892,-0.047945, 0.110612, -0.005342, 0.992692
614, 623.384511, -86.663669, 519.204318,-0.043902, 0.110244, -0.004874, 0.992923
615, 624.192297, -85.754387, 518.755647,-0.039274, 0.109857, -0.004344, 0.993162
616, 624.825307, -84.972400, 518.416822,-0.035430, 0.109620, -0.003910, 0.993334
617, 625.546753, -83.988962, 518.037633,-0.030657, 0.109541, -0.003380, 0.993504
618, 626.082505, -83.195761, 517.753344,-0.026656, 0.109618, -0.002941, 0.993612
619, 626.629477, -82.288496, 517.466087,-0.022237, 0.109967, -0.002461, 0.993683
620, 627.179759, -81.266794, 517.162320,-0.017269, 0.110822, -0.001926, 0.993688
621, 627.647972, -80.267875, 516.880390,-0.012527, 0.112212, -0.001415, 0.993604
622, 628.464346, -78.030339, 516.298539,-0.002654, 0.116799, -0.000312, 0.993152
623, 628.723649, -77.049769, 516.077542,0.001404, 0.119242, 0.000169, 0.992864
624, 628.949283, -75.757741, 515.862617,0.006244, 0.122338, 0.000770, 0.992468
625, 629.095741, -74.539043, 515.696055,0.010546, 0.125248, 0.001331, 0.992068
626, 629.217725, -73.183120, 515.548577,0.015176, 0.128480, 0.001966, 0.991594
627, 629.279555, -72.089024, 515.452809,0.018925, 0.131140, 0.002504, 0.991180
628, 629.294067, -70.773179, 515.364785,0.023487, 0.134403, 0.003187, 0.990643
629, 629.234024, -69.545005, 515.325809,0.027572, 0.137388, 0.003826, 0.990126
630, 629.114261, -68.131361, 515.316666,0.031970, 0.140756, 0.004548, 0.989518
631, 624.075797, -54.884408, 517.123366,0.069751, 0.175139, 0.012440, 0.981991
632, 623.226749, -53.689930, 517.503019,0.073100, 0.178876, 0.013328, 0.981062
633, 622.291686, -52.504720, 517.932230,0.076432, 0.182593, 0.014239, 0.980110
634, 621.306821, -51.347505, 518.405081,0.079616, 0.186311, 0.015149, 0.979143
635, 620.193034, -50.177214, 518.990480,0.082842, 0.190578, 0.016142, 0.978037
636, 619.139128, -49.175556, 519.570681,0.085372, 0.194690, 0.017013, 0.976994
637, 617.821235, -48.049334, 520.321390,0.087886, 0.199977, 0.018013, 0.975685
638, 616.789665, -47.252544, 520.939799,0.089442, 0.204173, 0.018736, 0.974660
639, 615.518657, -46.345655, 521.770750,0.090878, 0.209508, 0.019560, 0.973378
640, 614.328855, -45.617494, 522.585659,0.091894, 0.214499, 0.020275, 0.972180
641, 612.962941, -44.860193, 523.529683,0.092883, 0.219998, 0.021048, 0.970840
642, 611.846774, -44.284563, 524.323514,0.093610, 0.224458, 0.021667, 0.969735
643, 610.604973, -43.666151, 525.222301,0.094334, 0.229391, 0.022343, 0.968494
644, 609.216870, -43.050842, 526.239991,0.094846, 0.234759, 0.023022, 0.967141
645, 607.809766, -42.515584, 527.281641,0.094946, 0.240192, 0.023613, 0.965782
646, 606.669889, -42.130551, 528.161570,0.094894, 0.244638, 0.024065, 0.964660
647, 605.303461, -41.696096, 529.256474,0.094757, 0.250077, 0.024600, 0.963264
648, 604.038519, -41.364351, 530.262976,0.094444, 0.255039, 0.025039, 0.961981
649, 602.782373, -41.084038, 531.298423,0.093589, 0.260005, 0.025328, 0.960727
650, 601.536506, -40.862624, 532.349880,0.092619, 0.264934, 0.025574, 0.959467
651, 600.161931, -40.690405, 533.528702,0.091374, 0.270253, 0.025774, 0.958097
652, 598.928835, -40.602367, 534.616975,0.089823, 0.275054, 0.025820, 0.956875
653, 597.951332, -40.583681, 535.500671,0.088370, 0.278801, 0.025774, 0.955927
654, 596.602382, -40.611846, 536.726499,0.086073, 0.283823, 0.025590, 0.954663
655, 595.261016, -40.735399, 537.967993,0.083463, 0.288725, 0.025275, 0.953432
656, 594.051374, -40.907385, 539.102413,0.080953, 0.293052, 0.024911, 0.952338
657, 592.863268, -41.115971, 540.248311,0.078322, 0.297335, 0.024482, 0.951240
658, 591.687542, -41.390616, 541.395607,0.075539, 0.301545, 0.023974, 0.950152
659, 590.409413, -41.762981, 542.662001,0.072153, 0.306011, 0.023266, 0.949005
660, 589.169283, -42.239364, 543.945458,0.068406, 0.310178, 0.022383, 0.947950
661, 588.154730, -42.693395, 545.006258,0.065395, 0.313270, 0.021629, 0.947163
662, 586.937558, -43.264905, 546.307365,0.061695, 0.316951, 0.020666, 0.946208
663, 585.826123, -43.823201, 547.481820,0.058259, 0.320275, 0.019738, 0.945325
664, 584.625830, -44.483820, 548.781257,0.054503, 0.323547, 0.018671, 0.944456
665, 583.676822, -45.091790, 549.848013,0.051409, 0.325597, 0.017733, 0.943944
666, 582.572857, -45.924935, 551.163621,0.047630, 0.327003, 0.016505, 0.943678
667, 581.633943, -46.727721, 552.381360,0.044414, 0.327308, 0.015403, 0.943748
668, 580.646108, -47.695017, 553.715726,0.042318, 0.326801, 0.014650, 0.944032
669, 579.816296, -48.674784, 554.945038,0.040028, 0.325623, 0.013799, 0.944551
670, 579.059264, -49.749856, 556.199482,0.037349, 0.323685, 0.012788, 0.945341
671, 578.374878, -50.897969, 557.460180,0.034585, 0.320933, 0.011728, 0.946397
672, 577.691223, -52.152129, 558.836033,0.031667, 0.317215, 0.010599, 0.947766
673, 577.131134, -53.287009, 560.113535,0.029027, 0.313245, 0.009579, 0.949180
674, 576.617019, -54.459481, 561.386197,0.026508, 0.308817, 0.008611, 0.950713
675, 576.198061, -55.652718, 562.627040,0.024040, 0.304112, 0.007677, 0.952302
676, 575.840243, -56.978689, 563.990324,0.021314, 0.299069, 0.006682, 0.953970
677, 575.608721, -58.064442, 565.124455,0.019109, 0.295119, 0.005904, 0.955251
678, 575.411834, -59.403548, 566.511976,0.016558, 0.290475, 0.005027, 0.956726
679, 575.327722, -60.602762, 567.779325,0.014295, 0.286247, 0.004271, 0.958040
680, 575.301282, -61.763094, 569.036285,0.012164, 0.281962, 0.003575, 0.959342
681, 575.332470, -63.132882, 570.531564,0.009823, 0.276677, 0.002828, 0.960909
682, 575.388983, -64.010517, 571.519260,0.008404, 0.273064, 0.002386, 0.961956
683, 575.496862, -65.080885, 572.740697,0.006823, 0.268439, 0.001901, 0.963271
684, 575.686386, -66.195660, 574.068862,0.005318, 0.263231, 0.001451, 0.964717
685, 575.885474, -67.160460, 575.278114,0.004330, 0.258397, 0.001158, 0.966028
686, 576.119293, -68.068964, 576.488211,0.003687, 0.253471, 0.000966, 0.967336
687, 576.395271, -68.927594, 577.697390,0.003274, 0.248532, 0.000840, 0.968618
688, 576.740348, -69.858334, 579.013732,0.002941, 0.243038, 0.000737, 0.970012
689, 577.061374, -70.611217, 580.114006,0.002805, 0.238538, 0.000689, 0.971129
690, 577.560794, -71.616520, 581.679213,0.002844, 0.232580, 0.000680, 0.972573
691, 578.016061, -72.458123, 583.033680,0.003548, 0.227594, 0.000829, 0.973749
692, 578.515142, -73.264608, 584.392327,0.004440, 0.222659, 0.001014, 0.974886
693, 579.040412, -74.064931, 585.796985,0.005474, 0.217765, 0.001221, 0.975985
694, 579.658267, -74.941113, 587.408219,0.006839, 0.212460, 0.001487, 0.977145
695, 580.176037, -75.651807, 588.726563,0.008100, 0.208119, 0.001723, 0.978068
696, 580.730524, -76.393944, 590.164641,0.009762, 0.203344, 0.002028, 0.979057
697, 581.294295, -77.120907, 591.623721,0.011710, 0.198703, 0.002374, 0.979987
698, 581.998948, -77.962310, 593.419872,0.014485, 0.193317, 0.002854, 0.981025
699, 582.562526, -78.547980, 594.765272,0.016779, 0.189405, 0.003237, 0.981750
700, 583.253733, -79.258935, 596.415806,0.019915, 0.184745, 0.003744, 0.982577
701, 583.904411, -79.850067, 597.947641,0.022982, 0.180718, 0.004224, 0.983257
702, 584.538972, -80.389383, 599.481412,0.026241, 0.176814, 0.004716, 0.983883
703, 585.180531, -80.851210, 601.001410,0.029657, 0.173067, 0.005214, 0.984450
704, 585.817712, -81.274270, 602.533023,0.033194, 0.169443, 0.005710, 0.984964
705, 586.530141, -81.720626, 604.257255,0.037148, 0.165642, 0.006244, 0.985466
706, 587.195289, -82.129753, 605.845914,0.040750, 0.162206, 0.006704, 0.985892
707, 587.883005, -82.554592, 607.449413,0.044308, 0.158730, 0.007131, 0.986302
708, 588.651057, -83.033389, 609.194388,0.048262, 0.154826, 0.007573, 0.986733
709, 589.302971, -83.427637, 610.624208,0.051516, 0.151587, 0.007911, 0.987069
710, 590.085957, -83.936852, 612.395704,0.055452, 0.147632, 0.008291, 0.987452
711, 590.792381, -84.387063, 613.992981,0.059057, 0.144033, 0.008612, 0.987771
712, 591.607426, -84.902179, 615.797624,0.063346, 0.139679, 0.008954, 0.988128
713, 592.125296, -85.255726, 616.915195,0.066239, 0.136779, 0.009167, 0.988342
714, 592.901105, -85.811268, 618.493568,0.070532, 0.132436, 0.009448, 0.988634
715, 593.521060, -86.309924, 619.710866,0.074121, 0.128835, 0.009657, 0.988845
716, 594.115303, -86.829835, 620.821605,0.077712, 0.125196, 0.009837, 0.989035
717, 594.636749, -87.295708, 621.735226,0.080934, 0.121907, 0.009974, 0.989186
718, 595.236586, -87.863859, 622.740164,0.084922, 0.117909, 0.010121, 0.989335
719, 595.767582, -88.402178, 623.555887,0.088527, 0.114319, 0.010228, 0.989439
720, 596.407384, -89.105859, 624.387115,0.092805, 0.109973, 0.010314, 0.989539
721, 596.814500, -89.600094, 624.835921,0.095682, 0.107071, 0.010353, 0.989583
722, 597.319058, -90.263503, 625.328110,0.099625, 0.103042, 0.010373, 0.989621
723, 597.731900, -90.856313, 625.654146,0.103233, 0.099360, 0.010365, 0.989628
724, 598.150587, -91.487764, 625.847543,0.106793, 0.095700, 0.010327, 0.989611
725, 598.555144, -92.189517, 625.927386,0.110377, 0.092059, 0.010268, 0.989564
726, 599.021272, -92.970397, 625.885864,0.114331, 0.088039, 0.010173, 0.989482
727, 599.540476, -93.772499, 625.734418,0.118250, 0.084010, 0.010041, 0.989373
728, 599.947907, -94.566208, 625.466696,0.121808, 0.080331, 0.009891, 0.989248
729, 600.325140, -95.419779, 625.073387,0.125352, 0.076684, 0.009719, 0.989096
730, 600.727383, -96.418509, 624.515639,0.129290, 0.072694, 0.009504, 0.988893
731, 601.402361, -98.155651, 623.231312,0.136015, 0.065664, 0.009035, 0.988487
732, 601.748627, -99.030267, 622.460131,0.139553, 0.062010, 0.008757, 0.988232
733, 602.492946, -100.841276, 620.602827,0.146971, 0.054315, 0.008083, 0.987615
734, 603.211019, -102.424839, 618.545592,0.153997, 0.046951, 0.007326, 0.986928
735, 603.900508, -103.797890, 616.159114,0.161368, 0.039260, 0.006425, 0.986092
736, 604.527944, -104.771025, 613.608298,0.168323, 0.031884, 0.005447, 0.985201
737, 605.159688, -105.620366, 610.771494,0.175724, 0.024165, 0.004315, 0.984133
738, 605.763576, -106.304066, 607.975454,0.183189, 0.017220, 0.003209, 0.982922
739, 606.338925, -107.000790, 604.871302,0.191915, 0.011114, 0.002173, 0.981346
740, 606.854659, -107.498742, 601.980381,0.200713, 0.006629, 0.001358, 0.979627
741, 607.354473, -107.935185, 599.001726,0.210474, 0.002891, 0.000622, 0.977595
742, 607.821303, -108.237810, 595.872634,0.220656, 0.000652, 0.000148, 0.975351
743, 608.282421, -108.429538, 592.737366,0.231023, -0.000164, -0.000039, 0.972948
744, 608.678364, -108.487466, 589.882158,0.240910, -0.000837, -0.000208, 0.970547
745, 609.068611, -108.496874, 586.767305,0.251260, -0.001488, -0.000386, 0.967919
746, 609.303782, -108.334178, 583.871262,0.260620, -0.000839, -0.000226, 0.965441
747, 609.661386, -108.144871, 580.597967,0.270891, 0.000854, 0.000240, 0.962610
748, 610.157640, -107.815360, 575.656624,0.285991, 0.002971, 0.000887, 0.958227
749, 610.335597, -107.717916, 574.055897,0.290535, 0.003476, 0.001055, 0.956857
750, 610.518440, -107.649849, 572.449976,0.294763, 0.003889, 0.001200, 0.955562
751, 610.899339, -107.506561, 569.113448,0.303087, 0.004791, 0.001524, 0.952950
752, 611.074197, -107.429611, 567.664212,0.306499, 0.005321, 0.001713, 0.951855
753, 611.287344, -107.338791, 565.863418,0.310635, 0.006140, 0.002007, 0.950507
754, 611.484338, -107.246951, 564.223424,0.314538, 0.007011, 0.002323, 0.949216
755, 611.699751, -107.129759, 562.411095,0.318900, 0.008056, 0.002711, 0.947750
756, 611.901698, -107.039607, 560.914301,0.322393, 0.009012, 0.003070, 0.946558
757, 612.118629, -106.938054, 559.075414,0.326809, 0.010170, 0.003517, 0.945029
758, 612.320738, -106.816333, 557.413875,0.330868, 0.011195, 0.003925, 0.943602
759, 612.515283, -106.681332, 555.624097,0.335496, 0.012202, 0.004346, 0.941953
760, 612.702657, -106.589002, 554.141320,0.339192, 0.012957, 0.004672, 0.940616
761, 612.929783, -106.520386, 552.281905,0.343783, 0.013799, 0.005053, 0.938934
762, 613.128901, -106.447114, 550.597243,0.348085, 0.014552, 0.005404, 0.937335
763, 613.321209, -106.314922, 548.747392,0.352771, 0.015375, 0.005797, 0.935566
764, 613.498305, -106.210861, 547.240790,0.356452, 0.016003, 0.006106, 0.934156
765, 613.741887, -106.073254, 545.399326,0.360632, 0.016537, 0.006395, 0.932540
766, 613.981245, -105.977183, 543.713414,0.364148, 0.016787, 0.006565, 0.931167
767, 614.217352, -105.894004, 542.028795,0.367459, 0.016833, 0.006652, 0.929863
768, 614.488442, -105.799627, 540.339767,0.370589, 0.016776, 0.006695, 0.928621
769, 614.792949, -105.698379, 538.484747,0.373704, 0.016591, 0.006685, 0.927375
770, 615.066246, -105.605516, 536.805386,0.376139, 0.016265, 0.006604, 0.926397
771, 615.371347, -105.512766, 534.953874,0.378429, 0.015732, 0.006433, 0.925474
772, 615.666836, -105.444913, 533.456422,0.380239, 0.015192, 0.006247, 0.924742
773, 616.032782, -105.355129, 531.623496,0.382227, 0.014379, 0.005948, 0.923937
774, 616.383041, -105.307783, 529.924587,0.383794, 0.013471, 0.005600, 0.923304
775, 616.794611, -105.275198, 528.059510,0.385195, 0.012219, 0.005101, 0.922740
776, 617.157639, -105.266193, 526.540978,0.386251, 0.011040, 0.004624, 0.922316
777, 617.576977, -105.221866, 524.726777,0.387451, 0.009608, 0.004038, 0.921831
778, 617.963078, -105.148976, 523.090004,0.388462, 0.008294, 0.003497, 0.921421
779, 618.445896, -105.104695, 521.264126,0.389130, 0.006781, 0.002864, 0.921154
780, 619.367715, -105.070875, 517.987326,0.389909, 0.003880, 0.001643, 0.920844
781, 619.795953, -105.033185, 516.387542,0.390198, 0.002394, 0.001015, 0.920727
782, 620.267847, -104.958273, 514.650225,0.390332, 0.000852, 0.000361, 0.920674
783, 620.643741, -104.894455, 513.369119,0.390332, -0.000253, -0.000107, 0.920674
784, 621.199204, -104.814884, 511.475524,0.390309, -0.002140, -0.000907, 0.920681
785, 621.641537, -104.738642, 509.937795,0.389931, -0.003964, -0.001679, 0.920834
786, 622.141035, -104.614997, 508.237615,0.389429, -0.006196, -0.002620, 0.921032
787, 622.536704, -104.501531, 506.872274,0.388893, -0.008262, -0.003488, 0.921239
788, 623.024010, -104.366274, 505.187819,0.387842, -0.011021, -0.004638, 0.921648
789, 623.432736, -104.229590, 503.679261,0.386644, -0.013834, -0.005801, 0.922107
790, 623.872761, -104.070972, 502.081430,0.385006, -0.017279, -0.007210, 0.922724
791, 624.210109, -103.948240, 500.802363,0.383431, -0.020376, -0.008462, 0.923306
792, 624.587927, -103.758595, 499.287636,0.381264, -0.024559, -0.010132, 0.924084
793, 624.877494, -103.559761, 497.955801,0.379009, -0.028829, -0.011814, 0.924868
794, 625.194229, -103.321430, 496.534521,0.376512, -0.033841, -0.013764, 0.925691
795, 625.448116, -103.082023, 495.419717,0.374505, -0.037989, -0.015359, 0.926319
796, 626.048417, -102.342108, 493.008998,0.369768, -0.047309, -0.018856, 0.927727
797, 626.365510, -101.959554, 491.981385,0.367178, -0.051500, -0.020366, 0.928500
798, 626.660895, -101.579864, 491.040365,0.364328, -0.055521, -0.021765, 0.929360
799, 627.162620, -100.727155, 489.394571,0.358169, -0.063473, -0.024414, 0.931177
800, 627.491455, -99.766093, 488.261732,0.352257, -0.071089, -0.026845, 0.932813
801, 627.628500, -98.661006, 487.400213,0.345984, -0.079312, -0.029366, 0.934421
802, 627.517014, -97.535793, 486.920365,0.339941, -0.087116, -0.031644, 0.935868
803, 627.229858, -96.319643, 486.638505,0.333546, -0.095276, -0.033905, 0.937294
804, 626.682362, -94.986006, 486.577715,0.327377, -0.102992, -0.035924, 0.938577
805, 625.952116, -93.653382, 486.581350,0.320817, -0.111188, -0.037955, 0.939826
806, 625.064798, -92.311667, 486.757732,0.314533, -0.118948, -0.039762, 0.940925
807, 622.845827, -89.785565, 487.317687,0.301463, -0.134834, -0.043109, 0.942911
808, 621.554212, -88.497977, 487.661976,0.294687, -0.142990, -0.044647, 0.943780
809, 619.672985, -86.619697, 488.191790,0.284945, -0.154628, -0.046633, 0.944839
810, 618.929923, -85.848929, 488.412437,0.281357, -0.158862, -0.047289, 0.945180
811, 618.290316, -85.168195, 488.593996,0.278056, -0.162718, -0.047854, 0.945472
812, 617.678137, -84.537307, 488.745066,0.274774, -0.166571, -0.048396, 0.945733
813, 617.065122, -83.866078, 488.874792,0.271453, -0.170462, -0.048915, 0.945972
814, 616.376939, -83.078067, 489.027329,0.267793, -0.174750, -0.049457, 0.946205
815, 615.115015, -81.655911, 489.339381,0.261124, -0.182390, -0.050314, 0.946581
816, 614.515987, -80.980106, 489.485013,0.257798, -0.186205, -0.050704, 0.946729
817, 613.848478, -80.192632, 489.640784,0.254073, -0.190469, -0.051109, 0.946867
818, 612.632756, -78.629356, 489.944618,0.247329, -0.198183, -0.051758, 0.947034
819, 612.064467, -77.903130, 490.105811,0.243952, -0.201987, -0.052028, 0.947091
820, 611.463446, -77.098383, 490.299956,0.240224, -0.206180, -0.052294, 0.947126
821, 610.374873, -75.497966, 490.688606,0.233430, -0.213820, -0.052699, 0.947108
822, 609.867136, -74.725416, 490.913908,0.229993, -0.217632, -0.052851, 0.947073
823, 609.359704, -73.922309, 491.161400,0.226219, -0.221793, -0.052981, 0.947009
824, 608.455099, -72.315565, 491.626890,0.219347, -0.229367, -0.053137, 0.946813
825, 608.002913, -71.454985, 491.889623,0.215935, -0.233126, -0.053176, 0.946677
826, 607.532564, -70.528440, 492.167514,0.212151, -0.237274, -0.053183, 0.946501
827, 607.185596, -69.762931, 492.382932,0.209033, -0.240654, -0.053157, 0.946343
828, 606.789924, -68.777474, 492.612688,0.205240, -0.244778, -0.053099, 0.946119
829, 606.431337, -67.802847, 492.795096,0.201808, -0.248552, -0.053030, 0.945877
830, 606.058175, -66.709269, 492.975572,0.197985, -0.252648, -0.052898, 0.945607
831, 605.787540, -65.822533, 493.095321,0.194885, -0.255977, -0.052769, 0.945363
832, 605.488078, -64.691612, 493.176807,0.191051, -0.260129, -0.052589, 0.945022
833, 605.206480, -63.535172, 493.187296,0.187589, -0.263932, -0.052411, 0.944671
834, 604.955067, -62.255781, 493.155942,0.183772, -0.268062, -0.052170, 0.944272
835, 604.780913, -61.224340, 493.115726,0.180672, -0.271300, -0.051926, 0.943959
836, 604.552609, -59.904104, 493.009661,0.176853, -0.275352, -0.051611, 0.943526
837, 604.320327, -58.609229, 492.854656,0.173026, -0.278975, -0.051177, 0.943194
838, 604.046195, -57.158764, 492.649725,0.168279, -0.282357, -0.050382, 0.943090
839, 603.877467, -56.020335, 492.466252,0.164108, -0.284284, -0.049458, 0.943295
840, 603.747417, -54.632449, 492.238155,0.158806, -0.285400, -0.048015, 0.943940
841, 603.650082, -53.303856, 492.023347,0.154000, -0.285328, -0.046506, 0.944833
842, 603.527577, -51.829094, 491.806220,0.148852, -0.284250, -0.044723, 0.946068
843, 603.444725, -50.685332, 491.677366,0.144614, -0.282877, -0.043188, 0.947207
844, 603.392189, -49.416009, 491.552850,0.139512, -0.281122, -0.041346, 0.948577
845, 603.372116, -48.311681, 491.446476,0.134992, -0.279544, -0.039732, 0.949765
846, 603.386446, -47.199148, 491.356949,0.130005, -0.277762, -0.037969, 0.951055
847, 603.461282, -46.422545, 491.339566,0.125834, -0.276382, -0.036529, 0.952074
848, 603.573600, -45.605525, 491.389543,0.120720, -0.275037, -0.034833, 0.953188
849, 603.715844, -44.164656, 491.489605,0.111154, -0.272606, -0.031724, 0.955157
850, 603.759825, -43.642367, 491.566155,0.107034, -0.271247, -0.030367, 0.956058
851, 603.784146, -43.099873, 491.699717,0.102013, -0.269546, -0.028729, 0.957138
852, 603.826165, -42.392825, 492.025579,0.092700, -0.265749, -0.025682, 0.959231
853, 604.190954, -41.670692, 493.071841,0.071527, -0.254211, -0.018856, 0.964316
854, 604.387169, -41.700555, 493.810072,0.059495, -0.244737, -0.015048, 0.967645
855, 604.546531, -41.839568, 494.339279,0.051698, -0.238016, -0.012688, 0.969801
856, 604.717757, -42.111648, 494.880792,0.044450, -0.231307, -0.010580, 0.971807
857, 604.849679, -42.416345, 495.426334,0.037478, -0.224341, -0.008635, 0.973751
858, 605.044841, -42.803386, 496.031330,0.030154, -0.216886, -0.006703, 0.975708
859, 605.255971, -43.141179, 496.644569,0.022766, -0.209490, -0.004879, 0.977534
860, 605.398762, -43.428089, 497.228052,0.015726, -0.202445, -0.003251, 0.979162
861, 605.579086, -43.705014, 497.805528,0.008286, -0.195049, -0.001648, 0.980757
862, 605.732255, -43.892862, 498.305211,0.001565, -0.188330, -0.000300, 0.982104
863, 605.890098, -44.078753, 498.822232,-0.005893, -0.180863, 0.001084, 0.983490
864, 606.036382, -44.208500, 499.310359,-0.013396, -0.173398, 0.002359, 0.984758
865, 606.096814, -44.298124, 499.755370,-0.020537, -0.166230, 0.003463, 0.985867
866, 606.173269, -44.305219, 500.152516,-0.028050, -0.158693, 0.004510, 0.986919
867, 606.235506, -44.275187, 500.456454,-0.035567, -0.151140, 0.005442, 0.987857
868, 606.247667, -44.188267, 500.639667,-0.042763, -0.143962, 0.006227, 0.988639
869, 606.250721, -44.132204, 500.701685,-0.050280, -0.136367, 0.006930, 0.989357
870, 606.264748, -44.176396, 500.654165,-0.057460, -0.129152, 0.007497, 0.989930
871, 606.274369, -44.187069, 500.581786,-0.061035, -0.125562, 0.007740, 0.990176
872, 606.267701, -44.195944, 500.467442,-0.064983, -0.121578, 0.007977, 0.990420
873, 606.284583, -44.280483, 500.227909,-0.071806, -0.114672, 0.008311, 0.990770
874, 606.320566, -44.335693, 500.034704,-0.076118, -0.110340, 0.008476, 0.990939
875, 606.334623, -44.392166, 499.882155,-0.079364, -0.107073, 0.008575, 0.991041
876, 606.352018, -44.462192, 499.688533,-0.083665, -0.102730, 0.008672, 0.991147
877, 606.375241, -44.547597, 499.556721,-0.086542, -0.099807, 0.008714, 0.991198
878, 606.409109, -44.643586, 499.392366,-0.090137, -0.096166, 0.008745, 0.991237
879, 606.448225, -44.789667, 499.226365,-0.094057, -0.092159, 0.008745, 0.991254
880, 606.556821, -45.100316, 498.957571,-0.101224, -0.084873, 0.008668, 0.991199
881, 606.618728, -45.299935, 498.835247,-0.104807, -0.081219, 0.008589, 0.991133
882, 606.866906, -46.250936, 498.458499,-0.115841, -0.069839, 0.008166, 0.990776
883, 607.430036, -50.780893, 496.473979,-0.146514, -0.022762, 0.003372, 0.988941
884, 607.422713, -51.148097, 496.260167,-0.148238, -0.016888, 0.002532, 0.988804
885, 607.404637, -51.419282, 496.100118,-0.149267, -0.012446, 0.001879, 0.988717
886, 607.350978, -51.965023, 495.740309,-0.151139, -0.001964, 0.000300, 0.988511
887, 607.291022, -52.449431, 495.470038,-0.152425, 0.008141, -0.001256, 0.988281
888, 607.186392, -52.943064, 495.256236,-0.153301, 0.019238, -0.002985, 0.987988
889, 607.086245, -57.420522, 495.946319,-0.137010, 0.071758, -0.009952, 0.987917
890, 607.030935, -59.215131, 497.200687,-0.118972, 0.079336, -0.009537, 0.989677
891, 607.003540, -60.143672, 497.886718,-0.109049, 0.080941, -0.008909, 0.990695
892, 606.978448, -60.626248, 498.207689,-0.104031, 0.081692, -0.008574, 0.991176
893, 606.897914, -61.607192, 498.851586,-0.094002, 0.083121, -0.007876, 0.992065
894, 606.799572, -62.703367, 499.466212,-0.083395, 0.084343, -0.007084, 0.992916
895, 606.664524, -63.756045, 500.026010,-0.073294, 0.085460, -0.006304, 0.993622
896, 606.486775, -64.839491, 500.517616,-0.062803, 0.087039, -0.005498, 0.994208
897, 606.292369, -65.809508, 500.857283,-0.052350, 0.089728, -0.004723, 0.994578
898, 606.081698, -66.644398, 501.071711,-0.042444, 0.092353, -0.003940, 0.994813
899, 605.913652, -67.430595, 501.145248,-0.032216, 0.095361, -0.003088, 0.994916
900, 605.726873, -68.455579, 501.016651,-0.017658, 0.100258, -0.001780, 0.994803
901, 605.591051, -69.231699, 500.608556,-0.002943, 0.106177, -0.000314, 0.994343
902, 605.320470, -69.764544, 500.072396,0.011397, 0.111474, 0.001279, 0.993701
903, 604.997457, -70.112485, 499.452038,0.026326, 0.116374, 0.003086, 0.992852
904, 604.788421, -70.253894, 499.013179,0.036520, 0.119422, 0.004396, 0.992162
905, 604.484599, -70.277543, 498.350047,0.051054, 0.123634, 0.006369, 0.990993
906, 604.203863, -70.177489, 497.482254,0.071163, 0.128380, 0.009236, 0.989125
907, 604.144370, -70.054444, 497.069257,0.081047, 0.130333, 0.010690, 0.988094
908, 604.105526, -69.901795, 496.604696,0.091514, 0.131813, 0.012222, 0.986966
909, 604.131460, -69.743440, 496.152345,0.102047, 0.132583, 0.013724, 0.985809
910, 604.176196, -69.573210, 495.699948,0.112118, 0.132448, 0.015080, 0.984713
911, 604.271835, -69.435446, 495.234398,0.122644, 0.131218, 0.016361, 0.983602
912, 604.390335, -69.364796, 494.813139,0.132492, 0.128434, 0.017317, 0.982675
913, 604.530642, -69.354392, 494.340852,0.142169, 0.124953, 0.018094, 0.981757
914, 604.682629, -69.419441, 493.787836,0.152098, 0.120818, 0.018736, 0.980774
915, 604.830091, -69.507086, 493.212439,0.161297, 0.116373, 0.019157, 0.979834
916, 605.019813, -69.641169, 492.599753,0.170439, 0.110859, 0.019302, 0.978922
917, 605.245243, -69.836390, 492.042506,0.178800, 0.104772, 0.019152, 0.978104
918, 605.526147, -70.015799, 491.463112,0.187005, 0.097790, 0.018712, 0.977300
919, 605.819169, -70.236979, 490.916062,0.194454, 0.090645, 0.018050, 0.976548
920, 606.146348, -70.467623, 490.360551,0.201834, 0.082861, 0.017140, 0.975758
921, 606.479789, -70.746366, 489.870958,0.208730, 0.075222, 0.016105, 0.974943
922, 606.847936, -71.039860, 489.404408,0.215895, 0.067360, 0.014931, 0.973976
923, 607.269363, -71.389359, 489.021578,0.222701, 0.059870, 0.013704, 0.972950
924, 607.508194, -71.623508, 488.869735,0.226062, 0.056125, 0.013048, 0.972407
925, 608.047846, -72.163070, 488.693259,0.232771, 0.048677, 0.011666, 0.971243
926, 608.378991, -72.518434, 488.631130,0.236449, 0.044541, 0.010851, 0.970562
927, 608.670903, -72.865630, 488.599803,0.239814, 0.040794, 0.010086, 0.969909
928, 608.983188, -73.270025, 488.630708,0.243457, 0.036669, 0.009211, 0.969175
929, 609.299304, -73.617084, 488.704073,0.246425, 0.033330, 0.008480, 0.968551
930, 609.724376, -74.039236, 488.820568,0.250044, 0.029209, 0.007547, 0.967764
931, 610.099140, -74.465530, 488.926609,0.253352, 0.025472, 0.006674, 0.967016
932, 610.478588, -74.914991, 489.071106,0.256923, 0.021338, 0.005674, 0.966180
933, 610.791915, -75.261732, 489.197046,0.259847, 0.017945, 0.004830, 0.965471
934, 611.182083, -75.657813, 489.401714,0.263404, 0.013801, 0.003769, 0.964580
935, 611.552700, -76.026879, 489.629707,0.266641, 0.010051, 0.002781, 0.963740
936, 612.010384, -76.448583, 489.901547,0.270194, 0.005948, 0.001669, 0.962786
937, 612.397804, -76.854787, 490.141343,0.273070, 0.002598, 0.000737, 0.961990
938, 612.852071, -77.374897, 490.457860,0.276562, -0.001514, -0.000436, 0.960995
939, 613.231494, -77.824404, 490.760379,0.279724, -0.005254, -0.001531, 0.960065
940, 613.633631, -78.289447, 491.102274,0.283210, -0.009391, -0.002773, 0.959008
941, 613.971157, -78.703284, 491.411288,0.286025, -0.012755, -0.003808, 0.958130
942, 614.412914, -79.267316, 491.803531,0.289460, -0.016859, -0.005099, 0.957028
943, 614.806602, -79.772065, 492.164318,0.292567, -0.020615, -0.006309, 0.956002
944, 615.199057, -80.300556, 492.575332,0.295937, -0.024745, -0.007669, 0.954856
945, 615.526832, -80.779473, 492.926775,0.298733, -0.028098, -0.008800, 0.953882
946, 615.959155, -81.400898, 493.384650,0.302074, -0.032185, -0.010205, 0.952687
947, 616.346703, -82.004371, 493.799942,0.305112, -0.035909, -0.011514, 0.951570
948, 616.731672, -82.617953, 494.243140,0.308409, -0.040004, -0.012983, 0.950324
949, 617.016603, -83.110570, 494.601303,0.311103, -0.043354, -0.014208, 0.949280
950, 617.664708, -84.301198, 495.447000,0.317346, -0.051165, -0.017150, 0.946773
951, 618.017453, -84.974927, 495.902805,0.320567, -0.055246, -0.018732, 0.945428
952, 618.279178, -85.525643, 496.280109,0.323158, -0.058600, -0.020054, 0.944316
953, 618.545096, -86.190842, 496.742782,0.326232, -0.062741, -0.021706, 0.942956
954, 618.777370, -86.783648, 497.157796,0.328871, -0.066606, -0.023260, 0.941736
955, 619.001501, -87.458558, 497.609381,0.331497, -0.070992, -0.025024, 0.940449
956, 619.149533, -88.019909, 497.967665,0.333478, -0.074679, -0.026510, 0.939421
957, 619.277951, -88.688273, 498.357945,0.335692, -0.079337, -0.028387, 0.938196
958, 619.346007, -89.282378, 498.669643,0.337487, -0.083697, -0.030142, 0.937117
959, 619.376869, -89.885580, 498.980163,0.339219, -0.088580, -0.032104, 0.935977
960, 619.373793, -90.394189, 499.212913,0.340442, -0.092653, -0.033733, 0.935081
961, 619.323474, -90.983332, 499.463168,0.341435, -0.097241, -0.035540, 0.934186
962, 619.213568, -91.604957, 499.722505,0.342386, -0.102350, -0.037551, 0.933213
963, 619.081696, -92.162690, 499.916662,0.343073, -0.107061, -0.039394, 0.932356
964, 618.953363, -92.728795, 500.065303,0.343581, -0.111815, -0.041241, 0.931530
965, 618.800623, -93.294515, 500.209766,0.343846, -0.116547, -0.043055, 0.930770
966, 618.591662, -93.915709, 500.361613,0.343865, -0.121771, -0.045024, 0.930001
967, 618.392688, -94.489489, 500.457257,0.343641, -0.126547, -0.046792, 0.929359
968, 618.189912, -95.049553, 500.540535,0.343060, -0.131367, -0.048521, 0.928815
969, 617.989094, -95.558513, 500.629700,0.342073, -0.136163, -0.050170, 0.928401
970, 617.740515, -96.104537, 500.713415,0.340755, -0.141383, -0.051914, 0.928010
971, 617.308182, -97.121142, 500.839956,0.337468, -0.150732, -0.054839, 0.927571
972, 616.775125, -98.081226, 500.898081,0.333086, -0.160188, -0.057533, 0.927407
973, 616.136671, -98.823040, 500.874924,0.328283, -0.168910, -0.059789, 0.927429
974, 615.425475, -99.581297, 500.770405,0.322706, -0.177843, -0.061872, 0.927580
975, 614.705516, -100.229955, 500.608185,0.316746, -0.186102, -0.063527, 0.927902
976, 613.938159, -101.013561, 500.451741,0.309980, -0.194293, -0.064871, 0.928415
977, 613.131353, -101.680675, 500.375295,0.303537, -0.201969, -0.066003, 0.928826
978, 612.223525, -102.263653, 500.352610,0.296684, -0.210280, -0.067147, 0.929114
979, 611.312095, -102.665115, 500.445048,0.290112, -0.218230, -0.068129, 0.929284
980, 610.255373, -102.941338, 500.635109,0.283187, -0.226512, -0.069020, 0.929372
981, 609.242870, -103.043676, 500.942145,0.276578, -0.234193, -0.069692, 0.929409
982, 608.117583, -102.856885, 501.253350,0.269582, -0.242229, -0.070264, 0.929362
983, 607.130094, -102.373059, 501.460983,0.262872, -0.249962, -0.070715, 0.929202
984, 606.194553, -101.458763, 501.609748,0.255822, -0.258070, -0.071071, 0.928926
985, 605.359940, -100.260867, 501.626395,0.249058, -0.265767, -0.071283, 0.928578
986, 604.973603, -99.562634, 501.601041,0.245678, -0.269600, -0.071345, 0.928368
987, 604.551221, -98.734675, 501.550254,0.241961, -0.273779, -0.071374, 0.928119
988, 604.197107, -97.977937, 501.476392,0.238919, -0.277256, -0.071391, 0.927874
989, 603.738204, -96.871291, 501.321958,0.234721, -0.281834, -0.071318, 0.927572
990, 603.324885, -95.863327, 501.197825,0.230975, -0.285423, -0.071084, 0.927432
991, 602.855465, -94.783852, 501.084223,0.226975, -0.288750, -0.070668, 0.927422
992, 602.402732, -93.774718, 500.987238,0.223145, -0.291311, -0.070079, 0.927595
993, 601.829575, -92.473439, 500.869139,0.218183, -0.293787, -0.069067, 0.928071
994, 601.312225, -91.140482, 500.724176,0.213088, -0.295500, -0.067794, 0.928804
995, 600.880671, -89.956847, 500.587112,0.208435, -0.296578, -0.066498, 0.929610
996, 600.511761, -88.903970, 500.469237,0.204199, -0.297362, -0.065264, 0.930387
997, 600.074616, -87.536047, 500.304176,0.198954, -0.298060, -0.063667, 0.931410
998, 599.700355, -86.282603, 500.156941,0.194173, -0.298397, -0.062141, 0.932413
999, 599.326068, -84.915756, 500.016621,0.188929, -0.298577, -0.060425, 0.933545
1000, 599.050505, -83.829569, 499.887520,0.184680, -0.298430, -0.058975, 0.934535
