0, 0.257920, -0.063283, 0.895803,-0.130165, -0.008172, 0.990448, 0.044753
1, 0.257599, -0.064088, 0.895041,-0.129185, -0.005493, 0.990504, 0.046714
2, 0.257228, -0.065050, 0.894354,-0.127170, -0.003911, 0.990627, 0.049712
3, 0.256821, -0.065992, 0.893627,-0.124949, -0.002322, 0.990746, 0.052962
4, 0.256351, -0.066825, 0.892815,-0.122682, -0.000908, 0.990861, 0.056056
5, 0.255870, -0.067774, 0.892016,-0.119944, 0.000754, 0.990993, 0.059552
6, 0.255399, -0.068710, 0.891346,-0.117793, 0.002201, 0.991034, 0.063015
7, 0.254823, -0.069703, 0.890495,-0.114986, 0.004014, 0.991118, 0.066685
8, 0.254356, -0.070507, 0.889724,-0.112503, 0.005633, 0.991175, 0.069881
9, 0.253795, -0.071474, 0.888984,-0.110018, 0.007283, 0.991177, 0.073566
10, 0.253182, -0.072387, 0.888211,-0.107482, 0.008596, 0.991158, 0.077326
11, 0.252685, -0.073221, 0.887624,-0.105319, 0.009651, 0.991132, 0.080449
12, 0.251974, -0.074090, 0.886763,-0.102711, 0.010602, 0.991097, 0.084052
13, 0.251299, -0.074982, 0.886043,-0.100338, 0.011513, 0.991027, 0.087556
14, 0.250511, -0.075983, 0.885170,-0.097720, 0.012595, 0.990912, 0.091576
15, 0.249820, -0.076928, 0.884496,-0.095358, 0.013434, 0.990774, 0.095354
16, 0.249029, -0.077913, 0.883798,-0.092797, 0.014327, 0.990606, 0.099409
17, 0.248279, -0.078863, 0.883093,-0.090083, 0.015354, 0.990438, 0.103350
18, 0.247677, -0.079547, 0.882491,-0.087779, 0.016081, 0.990311, 0.106400
19, 0.247063, -0.080291, 0.881961,-0.085743, 0.016898, 0.990129, 0.109578
20, 0.246517, -0.081002, 0.881422,-0.083489, 0.017728, 0.989963, 0.112640
21, 0.245885, -0.081714, 0.880820,-0.081305, 0.018565, 0.989752, 0.115912
22, 0.245242, -0.082433, 0.880173,-0.079018, 0.019264, 0.989533, 0.119203
23, 0.244633, -0.083158, 0.879565,-0.076563, 0.020055, 0.989311, 0.122470
24, 0.243939, -0.083978, 0.878968,-0.073931, 0.020919, 0.989019, 0.126248
25, 0.243254, -0.084708, 0.878311,-0.071512, 0.021343, 0.988736, 0.129733
26, 0.242435, -0.085583, 0.877551,-0.068471, 0.021911, 0.988366, 0.134034
27, 0.241793, -0.086296, 0.876997,-0.066081, 0.022122, 0.988073, 0.137319
28, 0.241202, -0.086885, 0.876376,-0.063840, 0.022364, 0.987785, 0.140378
29, 0.240465, -0.087608, 0.875675,-0.061199, 0.022323, 0.987420, 0.144075
30, 0.239637, -0.088420, 0.874914,-0.057970, 0.022293, 0.987007, 0.148189
31, 0.238875, -0.089165, 0.874241,-0.055419, 0.022359, 0.986577, 0.151972
32, 0.238274, -0.089697, 0.873643,-0.053155, 0.022289, 0.986262, 0.154808
33, 0.237678, -0.090272, 0.873050,-0.050932, 0.022314, 0.985893, 0.157871
34, 0.236827, -0.091102, 0.872316,-0.047563, 0.022528, 0.985366, 0.162121
35, 0.235978, -0.092055, 0.872290,-0.023754, 0.034436, 0.985453, 0.164719
36, 0.232356, -0.095188, 0.868353,-0.031654, 0.022001, 0.982133, 0.184196
37, 0.231703, -0.095748, 0.867812,-0.029393, 0.021816, 0.981615, 0.187327
38, 0.230989, -0.096335, 0.867214,-0.026485, 0.021621, 0.981063, 0.190650
39, 0.227757, -0.098776, 0.864511,-0.009728, 0.024686, 0.978887, 0.202672
40, 0.227058, -0.099535, 0.863992,-0.012381, 0.024275, 0.977796, 0.207778
41, 0.226399, -0.100236, 0.863396,-0.011269, 0.025776, 0.976914, 0.211774
42, 0.225669, -0.101076, 0.862805,-0.009165, 0.029504, 0.976004, 0.215551
43, 0.225039, -0.102087, 0.862552,-0.008216, 0.036849, 0.974942, 0.219234
44, 0.224752, -0.103149, 0.862857,-0.009987, 0.047880, 0.973904, 0.221629
45, 0.224597, -0.104131, 0.863361,-0.012500, 0.059696, 0.972985, 0.222667
46, 0.224300, -0.105109, 0.863816,-0.014856, 0.070825, 0.971917, 0.223922
47, 0.224336, -0.105760, 0.864590,-0.019611, 0.086039, 0.970817, 0.222996
48, 0.224371, -0.106340, 0.865525,-0.025104, 0.101661, 0.969589, 0.221208
49, 0.224858, -0.106004, 0.866461,-0.030073, 0.110107, 0.969508, 0.216854
50, 0.225391, -0.105476, 0.867346,-0.034791, 0.115969, 0.969737, 0.212017
51, 0.225766, -0.104912, 0.868179,-0.039128, 0.120790, 0.970009, 0.207273
52, 0.225914, -0.104331, 0.868995,-0.043343, 0.125207, 0.970330, 0.202250
53, 0.225778, -0.103591, 0.869864,-0.047630, 0.127603, 0.970883, 0.197067
54, 0.225550, -0.102786, 0.870581,-0.050269, 0.127383, 0.971649, 0.192728
55, 0.225296, -0.101838, 0.871296,-0.052965, 0.125969, 0.972565, 0.188267
56, 0.224786, -0.101014, 0.871858,-0.055085, 0.124327, 0.973355, 0.184630
57, 0.224048, -0.100549, 0.872414,-0.056055, 0.123090, 0.973837, 0.182614
58, 0.223117, -0.100315, 0.872926,-0.056675, 0.122309, 0.974089, 0.181602
59, 0.222120, -0.100189, 0.873351,-0.056829, 0.121836, 0.974266, 0.180920
60, 0.221144, -0.099972, 0.873840,-0.057489, 0.121246, 0.974504, 0.179825
61, 0.220148, -0.099848, 0.874452,-0.058255, 0.120768, 0.974710, 0.178776
62, 0.219209, -0.099655, 0.874914,-0.058697, 0.120014, 0.974942, 0.177873
63, 0.218446, -0.099293, 0.875499,-0.059545, 0.118638, 0.975378, 0.176118
64, 0.217583, -0.099048, 0.876051,-0.060161, 0.117225, 0.975718, 0.174964
65, 0.216597, -0.098992, 0.876544,-0.060270, 0.115958, 0.975909, 0.174709
66, 0.215520, -0.099016, 0.877026,-0.060333, 0.114489, 0.976057, 0.174831
67, 0.214337, -0.099059, 0.877448,-0.059875, 0.112897, 0.976184, 0.175312
68, 0.213119, -0.099110, 0.877817,-0.059196, 0.110531, 0.976389, 0.175908
69, 0.212179, -0.099159, 0.878178,-0.058620, 0.108688, 0.976548, 0.176364
70, 0.211200, -0.099198, 0.878466,-0.058097, 0.106825, 0.976678, 0.176953
71, 0.210131, -0.099222, 0.878854,-0.057455, 0.104896, 0.976829, 0.177486
72, 0.209137, -0.099257, 0.879167,-0.056768, 0.102911, 0.976957, 0.178164
73, 0.208108, -0.099319, 0.879507,-0.055960, 0.101105, 0.977035, 0.179020
74, 0.207056, -0.099468, 0.879790,-0.055111, 0.099320, 0.977015, 0.180387
75, 0.205777, -0.099647, 0.880049,-0.053323, 0.097007, 0.977005, 0.182228
76, 0.204761, -0.099841, 0.880290,-0.051923, 0.095077, 0.976954, 0.183915
77, 0.203769, -0.100010, 0.880483,-0.050549, 0.093142, 0.976889, 0.185629
78, 0.202550, -0.100356, 0.880684,-0.048399, 0.091247, 0.976656, 0.188347
79, 0.201488, -0.100751, 0.880899,-0.046181, 0.090262, 0.976270, 0.191358
80, 0.200594, -0.101230, 0.881147,-0.043930, 0.089900, 0.975702, 0.194922
81, 0.199744, -0.101957, 0.881487,-0.040632, 0.090251, 0.974805, 0.199898
82, 0.199143, -0.102703, 0.881953,-0.037308, 0.091956, 0.973637, 0.205388
83, 0.199049, -0.103231, 0.882834,-0.034913, 0.094096, 0.972509, 0.210129
84, 0.199244, -0.103710, 0.883788,-0.032152, 0.097154, 0.971170, 0.215304
85, 0.199737, -0.104026, 0.884688,-0.030270, 0.100235, 0.969967, 0.219548
86, 0.200468, -0.104108, 0.885550,-0.028978, 0.103325, 0.968952, 0.222746
87, 0.201295, -0.104081, 0.886314,-0.027906, 0.106056, 0.968134, 0.225142
88, 0.202255, -0.103969, 0.887121,-0.026993, 0.108804, 0.967344, 0.227328
89, 0.203083, -0.103777, 0.887807,-0.026926, 0.110735, 0.966820, 0.228632
90, 0.203946, -0.103553, 0.888468,-0.026784, 0.112624, 0.966297, 0.229933
91, 0.204904, -0.103258, 0.889122,-0.026446, 0.114422, 0.965795, 0.231187
92, 0.205800, -0.102823, 0.889607,-0.026332, 0.115834, 0.965524, 0.231629
93, 0.206655, -0.102477, 0.890013,-0.026136, 0.117778, 0.965142, 0.232262
94, 0.207613, -0.102201, 0.890603,-0.026054, 0.121263, 0.964337, 0.233816
95, 0.208669, -0.101720, 0.891199,-0.026523, 0.124704, 0.963745, 0.234396
96, 0.209562, -0.101192, 0.891696,-0.027284, 0.127160, 0.963423, 0.234312
97, 0.210367, -0.100608, 0.892047,-0.028164, 0.129059, 0.963380, 0.233346
98, 0.211147, -0.100070, 0.892467,-0.029258, 0.131051, 0.963284, 0.232492
99, 0.212090, -0.099414, 0.893014,-0.030488, 0.134068, 0.963020, 0.231710
100, 0.212823, -0.098896, 0.893490,-0.031421, 0.137059, 0.962759, 0.230917
101, 0.213543, -0.098473, 0.894089,-0.032731, 0.142205, 0.962033, 0.230648
102, 0.214168, -0.098286, 0.895013,-0.034362, 0.150151, 0.960621, 0.231261
103, 0.214600, -0.098278, 0.895989,-0.036235, 0.158914, 0.958932, 0.232128
104, 0.214999, -0.098285, 0.897030,-0.038336, 0.168481, 0.957060, 0.232768
105, 0.215317, -0.098314, 0.897999,-0.040449, 0.176331, 0.955498, 0.233014
106, 0.215707, -0.098173, 0.898952,-0.042833, 0.184064, 0.954074, 0.232440
107, 0.216052, -0.098148, 0.900041,-0.045367, 0.193327, 0.952183, 0.232195
108, 0.216411, -0.098063, 0.900980,-0.047348, 0.200791, 0.950630, 0.231827
109, 0.216821, -0.097977, 0.902026,-0.049997, 0.209189, 0.948769, 0.231468
110, 0.217240, -0.097858, 0.902984,-0.052246, 0.217580, 0.946804, 0.231284
111, 0.217864, -0.097353, 0.903808,-0.054680, 0.222340, 0.945774, 0.230406
112, 0.218619, -0.096465, 0.903672,-0.055773, 0.219569, 0.946979, 0.227838
113, 0.219210, -0.095626, 0.903442,-0.055799, 0.214312, 0.948745, 0.225478
114, 0.219583, -0.094845, 0.902871,-0.055003, 0.207449, 0.950660, 0.224022
115, 0.219906, -0.093909, 0.901991,-0.053064, 0.196919, 0.953330, 0.222641
116, 0.220085, -0.093187, 0.901236,-0.051154, 0.187827, 0.955429, 0.221945
117, 0.220140, -0.092467, 0.900333,-0.048626, 0.177206, 0.957672, 0.221581
118, 0.220041, -0.091911, 0.899436,-0.045857, 0.166741, 0.959629, 0.221826
119, 0.219816, -0.091499, 0.898528,-0.043003, 0.157315, 0.961228, 0.222360
120, 0.219351, -0.091265, 0.897437,-0.039501, 0.146684, 0.962779, 0.223561
121, 0.218742, -0.091428, 0.896580,-0.036190, 0.139726, 0.963469, 0.225597
122, 0.218148, -0.091666, 0.895789,-0.033438, 0.133651, 0.963920, 0.227766
123, 0.217495, -0.091945, 0.894927,-0.030416, 0.126984, 0.964435, 0.229814
124, 0.216888, -0.092324, 0.894205,-0.027574, 0.121957, 0.964648, 0.231991
125, 0.216177, -0.092717, 0.893389,-0.024548, 0.116277, 0.964798, 0.234610
126, 0.215429, -0.093146, 0.892442,-0.020862, 0.110363, 0.964849, 0.237593
127, 0.214756, -0.093510, 0.891636,-0.017730, 0.104963, 0.964872, 0.240187
128, 0.214060, -0.093850, 0.890641,-0.014182, 0.098425, 0.964949, 0.242867
129, 0.213277, -0.094275, 0.889724,-0.010437, 0.092133, 0.964874, 0.245806
130, 0.212486, -0.094707, 0.888848,-0.006832, 0.086419, 0.964700, 0.248673
131, 0.211743, -0.095078, 0.887926,-0.003279, 0.080247, 0.964607, 0.251164
132, 0.211154, -0.095349, 0.887131,-0.000313, 0.075420, 0.964490, 0.253121
133, 0.210501, -0.095746, 0.886369,0.002847, 0.070780, 0.964204, 0.255524
134, 0.209687, -0.096245, 0.885430,0.006446, 0.065255, 0.963796, 0.258450
135, 0.209017, -0.096647, 0.884800,0.009171, 0.060937, 0.963452, 0.260697
136, 0.208354, -0.096975, 0.884047,0.012133, 0.055709, 0.963191, 0.262701
137, 0.207569, -0.097219, 0.883171,0.015852, 0.049193, 0.962916, 0.264806
138, 0.206795, -0.097246, 0.882214,0.019714, 0.041632, 0.962781, 0.266329
139, 0.206201, -0.097012, 0.881266,0.023094, 0.033287, 0.962873, 0.266898
140, 0.205711, -0.096701, 0.880416,0.026234, 0.024837, 0.962991, 0.267103
141, 0.205256, -0.096180, 0.879424,0.029767, 0.015096, 0.963164, 0.266837
142, 0.204855, -0.095611, 0.878534,0.032717, 0.006140, 0.963346, 0.266188
143, 0.204465, -0.094977, 0.877558,0.035858, -0.002794, 0.963478, 0.265361
144, 0.204018, -0.094650, 0.876563,0.039070, -0.008907, 0.963268, 0.265534
145, 0.203407, -0.094713, 0.875721,0.041919, -0.012023, 0.962722, 0.266954
146, 0.202665, -0.095050, 0.874876,0.045028, -0.014086, 0.961894, 0.269320
147, 0.201974, -0.095416, 0.874023,0.047760, -0.015301, 0.961038, 0.271827
148, 0.201116, -0.095903, 0.873183,0.050910, -0.016245, 0.959950, 0.275026
149, 0.200078, -0.096496, 0.872202,0.054596, -0.017064, 0.958599, 0.278957
150, 0.199358, -0.096839, 0.871553,0.057187, -0.017628, 0.957697, 0.281486
151, 0.198670, -0.097214, 0.870903,0.059846, -0.018246, 0.956751, 0.284101
152, 0.197838, -0.097586, 0.870033,0.063335, -0.019120, 0.955556, 0.287290
153, 0.197068, -0.097931, 0.869189,0.066588, -0.019823, 0.954380, 0.290400
154, 0.196371, -0.098248, 0.868467,0.069399, -0.020251, 0.953305, 0.293230
155, 0.195662, -0.098620, 0.867821,0.072166, -0.020383, 0.952130, 0.296354
156, 0.194860, -0.099051, 0.867041,0.075345, -0.020214, 0.950802, 0.299815
157, 0.194006, -0.099536, 0.866394,0.078451, -0.019839, 0.949379, 0.303532
158, 0.193189, -0.100003, 0.865775,0.081427, -0.019329, 0.947974, 0.307150
159, 0.192233, -0.100553, 0.865078,0.084612, -0.018254, 0.946335, 0.311379
160, 0.191343, -0.101042, 0.864452,0.087555, -0.016899, 0.944800, 0.315280
161, 0.190536, -0.101514, 0.864009,0.089974, -0.015406, 0.943415, 0.318804
162, 0.189491, -0.102158, 0.863474,0.092902, -0.012977, 0.941595, 0.323418
163, 0.188609, -0.102718, 0.863068,0.095300, -0.010579, 0.939979, 0.327483
164, 0.187555, -0.103403, 0.862682,0.098099, -0.006858, 0.937977, 0.332459
165, 0.186828, -0.104086, 0.862795,0.100017, 0.000257, 0.936342, 0.336543
166, 0.185717, -0.105689, 0.863088,0.107317, 0.012076, 0.933272, 0.342550
167, 0.185575, -0.106825, 0.864251,0.097636, 0.023251, 0.932461, 0.347049
168, 0.185856, -0.107343, 0.865227,0.092592, 0.031684, 0.932382, 0.347975
169, 0.186405, -0.107492, 0.866225,0.088928, 0.036341, 0.932901, 0.347084
170, 0.187704, -0.107210, 0.867994,0.079954, 0.045546, 0.935180, 0.342009
171, 0.188425, -0.106820, 0.868830,0.075030, 0.051322, 0.936220, 0.339454
172, 0.188883, -0.106247, 0.869624,0.070762, 0.054391, 0.937457, 0.336465
173, 0.188562, -0.105747, 0.870469,0.066617, 0.061909, 0.937682, 0.335384
174, 0.188693, -0.105449, 0.871438,0.062491, 0.068878, 0.938004, 0.333915
175, 0.189189, -0.105162, 0.872375,0.057956, 0.074942, 0.938668, 0.331554
176, 0.189576, -0.104938, 0.873396,0.053399, 0.082127, 0.939080, 0.329444
177, 0.189975, -0.104738, 0.874319,0.049380, 0.087966, 0.939456, 0.327484
178, 0.190382, -0.104438, 0.875220,0.045247, 0.093530, 0.939931, 0.325168
179, 0.190779, -0.104134, 0.876086,0.041401, 0.099047, 0.940369, 0.322773
180, 0.191077, -0.103852, 0.877016,0.037204, 0.105547, 0.940558, 0.320665
181, 0.191492, -0.103446, 0.878016,0.032767, 0.112216, 0.940880, 0.317929
182, 0.191909, -0.102940, 0.878888,0.028288, 0.118780, 0.941188, 0.315050
183, 0.192310, -0.102370, 0.879727,0.023919, 0.125373, 0.941377, 0.312280
184, 0.192623, -0.101707, 0.880474,0.019805, 0.131717, 0.941406, 0.309860
185, 0.192923, -0.100915, 0.881150,0.016059, 0.138142, 0.941333, 0.307493
186, 0.193256, -0.100470, 0.882103,0.012081, 0.145265, 0.940968, 0.305501
187, 0.193751, -0.100051, 0.882895,0.008665, 0.150740, 0.940866, 0.303272
188, 0.194329, -0.099565, 0.883683,0.004941, 0.156127, 0.940882, 0.300567
189, 0.194953, -0.099018, 0.884309,0.001822, 0.160741, 0.940983, 0.297842
190, 0.195549, -0.098505, 0.884957,-0.001358, 0.165165, 0.941004, 0.295348
191, 0.196209, -0.097602, 0.885287,-0.007876, 0.179479, 0.938296, 0.295511
192, 0.196792, -0.097136, 0.886142,-0.007856, 0.175259, 0.940724, 0.290276
193, 0.197528, -0.096374, 0.886895,-0.011868, 0.181824, 0.940354, 0.287287
194, 0.198191, -0.095604, 0.887367,-0.017231, 0.191831, 0.938673, 0.286003
195, 0.198829, -0.095108, 0.888156,-0.017310, 0.187396, 0.941211, 0.280545
196, 0.199503, -0.094357, 0.888651,-0.020260, 0.189873, 0.941675, 0.277102
197, 0.200220, -0.093453, 0.888853,-0.022301, 0.190890, 0.942531, 0.273312
198, 0.200786, -0.092578, 0.888972,-0.024169, 0.190814, 0.943442, 0.270043
199, 0.201093, -0.091597, 0.888711,-0.025183, 0.189461, 0.944415, 0.267489
200, 0.200686, -0.090994, 0.887962,-0.024341, 0.185460, 0.945076, 0.268037
201, 0.200201, -0.090789, 0.887072,-0.022036, 0.179779, 0.945807, 0.269525
202, 0.199630, -0.090746, 0.886075,-0.019038, 0.174079, 0.946345, 0.271599
203, 0.198970, -0.090855, 0.885175,-0.016056, 0.169003, 0.946603, 0.274085
204, 0.198283, -0.091020, 0.884330,-0.013021, 0.163520, 0.946824, 0.276796
205, 0.197586, -0.091202, 0.883497,-0.009871, 0.157823, 0.947050, 0.279446
206, 0.196873, -0.091378, 0.882754,-0.007105, 0.152683, 0.947216, 0.281815
207, 0.196102, -0.091527, 0.881912,-0.003768, 0.146733, 0.947460, 0.284209
208, 0.195227, -0.091637, 0.880991,0.000038, 0.140143, 0.947686, 0.286794
209, 0.194397, -0.091694, 0.880042,0.003894, 0.133429, 0.947892, 0.289278
210, 0.193643, -0.091684, 0.879149,0.007395, 0.126872, 0.948134, 0.291361
211, 0.192892, -0.091722, 0.878336,0.010758, 0.121605, 0.948106, 0.293584
212, 0.192007, -0.091833, 0.877446,0.014550, 0.115945, 0.947926, 0.296280
213, 0.191320, -0.091902, 0.876646,0.017699, 0.111234, 0.947733, 0.298521
214, 0.190512, -0.092059, 0.875858,0.021148, 0.106631, 0.947339, 0.301218
215, 0.189618, -0.092275, 0.875060,0.024965, 0.101828, 0.946861, 0.304075
216, 0.188742, -0.092444, 0.874262,0.028811, 0.097010, 0.946388, 0.306772
217, 0.187970, -0.092515, 0.873509,0.032170, 0.092091, 0.946050, 0.308988
218, 0.187297, -0.092526, 0.872758,0.035123, 0.088010, 0.945708, 0.310896
219, 0.186561, -0.092559, 0.872028,0.038512, 0.083504, 0.945287, 0.313011
220, 0.185756, -0.092418, 0.871069,0.042533, 0.077219, 0.944935, 0.315159
221, 0.185041, -0.092245, 0.870143,0.046155, 0.072257, 0.944544, 0.316994
222, 0.184200, -0.092090, 0.869120,0.050553, 0.066731, 0.943878, 0.319507
223, 0.183301, -0.092084, 0.868177,0.054780, 0.062513, 0.942899, 0.322541
224, 0.182412, -0.092157, 0.867344,0.058431, 0.059765, 0.941788, 0.325653
225, 0.181521, -0.092315, 0.866543,0.062208, 0.057674, 0.940476, 0.329104
226, 0.180539, -0.092598, 0.865814,0.066152, 0.056241, 0.938862, 0.333166
227, 0.179551, -0.092953, 0.865132,0.069631, 0.055856, 0.937178, 0.337238
228, 0.178320, -0.093454, 0.864483,0.073707, 0.056275, 0.934961, 0.342416
229, 0.177067, -0.094008, 0.863945,0.077663, 0.057699, 0.932624, 0.347638
230, 0.175970, -0.094570, 0.863583,0.080704, 0.059724, 0.930340, 0.352685
231, 0.174851, -0.095218, 0.863306,0.083545, 0.062534, 0.927888, 0.357959
232, 0.173837, -0.095836, 0.863176,0.085579, 0.065721, 0.925558, 0.362904
233, 0.172930, -0.096443, 0.863131,0.087339, 0.069314, 0.923339, 0.367441
234, 0.172068, -0.097169, 0.863372,0.088333, 0.074770, 0.920849, 0.372350
235, 0.171373, -0.097893, 0.863857,0.088209, 0.080786, 0.918617, 0.376611
236, 0.170695, -0.098668, 0.864473,0.087605, 0.088476, 0.916122, 0.381076
237, 0.170472, -0.099331, 0.865435,0.085179, 0.096982, 0.914202, 0.384152
238, 0.170538, -0.099891, 0.866524,0.081870, 0.105729, 0.912801, 0.385893
239, 0.170726, -0.100341, 0.867542,0.078347, 0.113248, 0.911799, 0.386857
240, 0.171045, -0.100744, 0.868625,0.074729, 0.120760, 0.910940, 0.387326
241, 0.171446, -0.100990, 0.869545,0.071371, 0.126566, 0.910494, 0.387153
242, 0.171921, -0.101165, 0.870446,0.067934, 0.131787, 0.910294, 0.386501
243, 0.172476, -0.101322, 0.871407,0.064258, 0.137510, 0.910163, 0.385442
244, 0.173093, -0.101491, 0.872479,0.060353, 0.143437, 0.910075, 0.384119
245, 0.173792, -0.101561, 0.873481,0.056358, 0.148650, 0.910241, 0.382345
246, 0.174646, -0.101523, 0.874505,0.052233, 0.154096, 0.910580, 0.379961
247, 0.175551, -0.101403, 0.875436,0.048440, 0.158711, 0.911075, 0.377368
248, 0.176575, -0.101220, 0.876417,0.044042, 0.163276, 0.911839, 0.374101
249, 0.177344, -0.101056, 0.877163,0.040926, 0.166541, 0.912488, 0.371422
250, 0.178122, -0.100852, 0.877843,0.037763, 0.169602, 0.913220, 0.368562
251, 0.178908, -0.100650, 0.878573,0.034840, 0.172330, 0.914009, 0.365618
252, 0.179793, -0.100312, 0.879243,0.031357, 0.175075, 0.915008, 0.362112
253, 0.180621, -0.100003, 0.879929,0.028339, 0.177644, 0.915948, 0.358718
254, 0.181588, -0.099598, 0.880650,0.024717, 0.180416, 0.917101, 0.354633
255, 0.182335, -0.099315, 0.881269,0.021819, 0.182526, 0.918000, 0.351404
256, 0.183357, -0.098870, 0.882035,0.018173, 0.185439, 0.919204, 0.346908
257, 0.184124, -0.098525, 0.882683,0.015164, 0.187561, 0.920147, 0.343396
258, 0.185189, -0.098023, 0.883548,0.011313, 0.190427, 0.921479, 0.338359
259, 0.186031, -0.097592, 0.884171,0.008292, 0.192398, 0.922585, 0.334292
260, 0.186853, -0.097128, 0.884718,0.005414, 0.193976, 0.923733, 0.330244
261, 0.187688, -0.096625, 0.885255,0.002532, 0.195435, 0.924910, 0.326097
262, 0.188601, -0.096052, 0.885794,-0.000306, 0.196825, 0.926253, 0.321428
263, 0.189456, -0.095503, 0.886301,-0.003153, 0.197928, 0.927538, 0.316999
264, 0.190341, -0.094889, 0.886740,-0.005873, 0.198930, 0.928853, 0.312450
265, 0.191285, -0.094242, 0.887280,-0.008857, 0.199862, 0.930283, 0.307490
266, 0.192073, -0.093658, 0.887633,-0.011179, 0.200408, 0.931558, 0.303168
267, 0.192982, -0.092972, 0.888084,-0.013942, 0.200743, 0.933000, 0.298360
268, 0.193748, -0.092334, 0.888342,-0.016070, 0.200751, 0.934329, 0.294058
269, 0.194796, -0.091498, 0.888699,-0.018870, 0.200077, 0.936202, 0.288339
270, 0.195779, -0.090610, 0.888811,-0.021116, 0.198189, 0.938272, 0.282702
271, 0.196627, -0.089817, 0.888727,-0.022568, 0.194597, 0.940463, 0.277764
272, 0.196704, -0.089267, 0.887812,-0.021297, 0.184692, 0.943398, 0.274654
273, 0.196266, -0.089024, 0.886701,-0.018345, 0.174150, 0.945596, 0.274195
274, 0.195870, -0.088806, 0.885757,-0.015591, 0.165756, 0.947188, 0.274073
275, 0.195480, -0.088433, 0.884618,-0.012466, 0.154887, 0.949219, 0.273566
276, 0.195102, -0.088151, 0.883538,-0.009482, 0.146316, 0.950665, 0.273383
277, 0.194534, -0.088155, 0.882594,-0.006525, 0.138628, 0.951556, 0.274372
278, 0.193949, -0.088242, 0.881651,-0.003333, 0.131339, 0.952169, 0.275885
279, 0.193224, -0.088482, 0.880860,-0.000245, 0.124601, 0.952511, 0.277844
280, 0.192373, -0.088909, 0.880045,0.003186, 0.118612, 0.952568, 0.280241
281, 0.191443, -0.089410, 0.879338,0.006482, 0.113352, 0.952406, 0.282901
282, 0.190460, -0.089826, 0.878533,0.010167, 0.107648, 0.952269, 0.285467
283, 0.189470, -0.090296, 0.877802,0.013705, 0.102243, 0.952006, 0.288170
284, 0.188396, -0.090797, 0.877024,0.017395, 0.096692, 0.951600, 0.291215
285, 0.187321, -0.091219, 0.876188,0.021181, 0.091279, 0.951112, 0.294290
286, 0.186197, -0.091611, 0.875393,0.025446, 0.085782, 0.950548, 0.297410
287, 0.185257, -0.091807, 0.874545,0.029293, 0.080369, 0.950157, 0.299806
288, 0.184204, -0.092013, 0.873724,0.033397, 0.073927, 0.949741, 0.302345
289, 0.183346, -0.092163, 0.873082,0.036719, 0.068756, 0.949374, 0.304324
290, 0.182575, -0.092223, 0.872433,0.039953, 0.064055, 0.949059, 0.305922
291, 0.181586, -0.092374, 0.871788,0.043591, 0.058479, 0.948556, 0.308093
292, 0.180720, -0.092515, 0.871186,0.046970, 0.053861, 0.948052, 0.309984
293, 0.179707, -0.092687, 0.870594,0.050630, 0.049310, 0.947361, 0.312268
294, 0.178577, -0.092924, 0.869880,0.054943, 0.044888, 0.946392, 0.315132
295, 0.177521, -0.093276, 0.869299,0.058724, 0.042404, 0.945239, 0.318240
296, 0.176379, -0.093793, 0.868851,0.062355, 0.041297, 0.943844, 0.321814
297, 0.175523, -0.094263, 0.868559,0.064967, 0.041331, 0.942599, 0.324927
298, 0.169746, -0.097921, 0.867458,0.079619, 0.050588, 0.932951, 0.347426
299, 0.168775, -0.098627, 0.867425,0.081274, 0.056037, 0.930990, 0.351444
300, 0.168014, -0.099344, 0.867529,0.082277, 0.059933, 0.929251, 0.355150
301, 0.167259, -0.100261, 0.867952,0.082563, 0.065519, 0.927228, 0.359359
302, 0.166801, -0.101204, 0.868602,0.081488, 0.073143, 0.925399, 0.362831
303, 0.166571, -0.102105, 0.869521,0.079286, 0.080998, 0.923974, 0.365275
304, 0.166478, -0.102910, 0.870495,0.076418, 0.089107, 0.922750, 0.367086
305, 0.166449, -0.103660, 0.871538,0.073245, 0.096985, 0.921654, 0.368488
306, 0.166477, -0.104354, 0.872600,0.070195, 0.104075, 0.920696, 0.369539
307, 0.166657, -0.104967, 0.873726,0.066585, 0.112174, 0.919822, 0.370016
308, 0.167020, -0.105393, 0.874797,0.062848, 0.119566, 0.919269, 0.369728
309, 0.167538, -0.105682, 0.875866,0.058951, 0.125938, 0.919042, 0.368817
310, 0.168176, -0.105955, 0.877029,0.054504, 0.133614, 0.918792, 0.367421
311, 0.168712, -0.106152, 0.877972,0.050747, 0.139707, 0.918546, 0.366306
312, 0.169255, -0.106325, 0.878911,0.047162, 0.145725, 0.918302, 0.365050
313, 0.169878, -0.106439, 0.879877,0.043372, 0.151753, 0.918133, 0.363485
314, 0.170594, -0.106528, 0.880911,0.039423, 0.158097, 0.917947, 0.361697
315, 0.171262, -0.106523, 0.881845,0.035482, 0.163712, 0.917874, 0.359786
316, 0.172068, -0.106508, 0.882884,0.031290, 0.169974, 0.917871, 0.357272
317, 0.172936, -0.106450, 0.883948,0.026865, 0.175640, 0.918060, 0.354394
318, 0.173638, -0.106327, 0.884700,0.023655, 0.179843, 0.918286, 0.351921
319, 0.174586, -0.106159, 0.885729,0.019426, 0.184925, 0.918688, 0.348479
320, 0.175343, -0.105938, 0.886417,0.016220, 0.188546, 0.919075, 0.345671
321, 0.176066, -0.105752, 0.887096,0.013400, 0.191982, 0.919437, 0.342927
322, 0.177268, -0.105404, 0.888144,0.008454, 0.196999, 0.920186, 0.338198
323, 0.178400, -0.104994, 0.889089,0.004303, 0.201899, 0.920835, 0.333587
324, 0.179627, -0.104496, 0.890088,-0.000477, 0.206615, 0.921650, 0.328439
325, 0.180671, -0.104008, 0.890854,-0.004380, 0.210296, 0.922430, 0.323851
326, 0.181703, -0.103556, 0.891642,-0.008189, 0.213887, 0.923198, 0.319204
327, 0.182719, -0.103017, 0.892362,-0.011707, 0.217295, 0.924036, 0.314331
328, 0.183579, -0.102577, 0.892972,-0.014713, 0.219867, 0.924824, 0.310068
329, 0.184397, -0.102121, 0.893507,-0.017760, 0.221719, 0.925777, 0.305716
330, 0.185206, -0.101686, 0.893997,-0.020571, 0.223586, 0.926744, 0.301216
331, 0.186152, -0.101213, 0.894553,-0.024047, 0.225777, 0.928084, 0.295139
332, 0.187074, -0.100796, 0.895092,-0.027403, 0.227690, 0.929310, 0.289464
333, 0.188054, -0.100417, 0.895461,-0.030626, 0.229036, 0.930829, 0.283128
334, 0.189035, -0.100424, 0.894938,-0.032009, 0.227406, 0.932677, 0.278166
335, 0.189573, -0.100960, 0.894072,-0.031183, 0.224799, 0.933410, 0.277917
336, 0.189715, -0.101840, 0.893241,-0.029401, 0.223048, 0.933205, 0.280203
337, 0.189753, -0.102769, 0.892554,-0.027551, 0.222115, 0.932531, 0.283359
338, 0.189637, -0.103674, 0.892000,-0.025720, 0.221504, 0.931645, 0.286900
339, 0.189502, -0.104570, 0.891429,-0.023614, 0.221217, 0.930584, 0.290721
340, 0.189393, -0.105403, 0.890885,-0.021767, 0.220896, 0.929501, 0.294549
341, 0.189456, -0.106411, 0.890129,-0.019229, 0.220307, 0.928226, 0.299150
342, 0.189793, -0.107160, 0.889391,-0.017415, 0.219473, 0.927331, 0.302630
343, 0.190294, -0.107680, 0.888542,-0.015576, 0.218554, 0.926680, 0.305379
344, 0.190836, -0.108095, 0.887776,-0.013801, 0.217341, 0.926255, 0.307611
345, 0.191220, -0.108724, 0.886859,-0.011488, 0.215348, 0.925626, 0.310982
346, 0.191394, -0.109403, 0.885744,-0.008507, 0.212912, 0.924836, 0.315079
347, 0.191378, -0.109936, 0.884868,-0.006175, 0.210919, 0.924160, 0.318440
348, 0.191129, -0.110581, 0.884001,-0.003417, 0.208581, 0.923261, 0.322601
349, 0.190572, -0.111308, 0.882860,0.000272, 0.205606, 0.922159, 0.327642
350, 0.189776, -0.112101, 0.881697,0.004384, 0.201659, 0.921108, 0.332977
351, 0.189228, -0.112501, 0.880786,0.007551, 0.198596, 0.920537, 0.336323
352, 0.188645, -0.112917, 0.879861,0.010759, 0.195084, 0.920045, 0.339622
353, 0.188037, -0.113276, 0.878930,0.013746, 0.191013, 0.919644, 0.342899
354, 0.187369, -0.113589, 0.877897,0.017339, 0.186392, 0.919284, 0.346229
355, 0.186763, -0.113835, 0.876859,0.020894, 0.181642, 0.919066, 0.349123
356, 0.186098, -0.113991, 0.875712,0.024624, 0.176276, 0.918908, 0.352034
357, 0.185477, -0.114097, 0.874643,0.028077, 0.171054, 0.918801, 0.354622
358, 0.184879, -0.114160, 0.873508,0.031938, 0.165723, 0.918717, 0.357037
359, 0.184212, -0.114215, 0.872366,0.036079, 0.159643, 0.918603, 0.359696
360, 0.183615, -0.114227, 0.871330,0.039555, 0.154600, 0.918466, 0.361876
361, 0.183082, -0.114169, 0.870376,0.042932, 0.149796, 0.918394, 0.363689
362, 0.182599, -0.114095, 0.869440,0.046139, 0.144846, 0.918396, 0.365294
363, 0.182100, -0.113942, 0.868387,0.049626, 0.139147, 0.918448, 0.366919
364, 0.181654, -0.113715, 0.867316,0.053126, 0.133114, 0.918558, 0.368387
365, 0.181251, -0.113512, 0.866361,0.056409, 0.127899, 0.918595, 0.369653
366, 0.180900, -0.113247, 0.865382,0.059715, 0.123095, 0.918728, 0.370433
367, 0.180650, -0.112748, 0.864121,0.063499, 0.116060, 0.919347, 0.370540
368, 0.180607, -0.112247, 0.863160,0.065990, 0.110053, 0.920133, 0.369985
369, 0.180676, -0.111640, 0.862173,0.068438, 0.103585, 0.921069, 0.369078
370, 0.180775, -0.110875, 0.860986,0.071443, 0.096029, 0.922244, 0.367614
371, 0.180948, -0.110075, 0.859917,0.074086, 0.088550, 0.923451, 0.365935
372, 0.181138, -0.109280, 0.858949,0.076398, 0.081422, 0.924630, 0.364133
373, 0.181450, -0.108449, 0.858035,0.078293, 0.074548, 0.925951, 0.361839
374, 0.181878, -0.107558, 0.857237,0.079732, 0.068638, 0.927428, 0.358899
375, 0.182700, -0.106704, 0.856824,0.079765, 0.063889, 0.929374, 0.354710
376, 0.183581, -0.105958, 0.856680,0.078515, 0.060116, 0.931226, 0.350770
377, 0.184512, -0.105117, 0.856444,0.077092, 0.056048, 0.933178, 0.346547
378, 0.185445, -0.104203, 0.856216,0.075693, 0.051648, 0.935209, 0.342033
379, 0.186500, -0.103260, 0.856174,0.073703, 0.047305, 0.937443, 0.336943
380, 0.187243, -0.102545, 0.856102,0.072309, 0.044413, 0.939096, 0.333011
381, 0.188370, -0.101521, 0.856187,0.069607, 0.040228, 0.941521, 0.327222
382, 0.189453, -0.100456, 0.856203,0.067206, 0.036101, 0.943894, 0.321317
383, 0.190485, -0.099496, 0.856385,0.064167, 0.032447, 0.946129, 0.315707
384, 0.191353, -0.098671, 0.856621,0.061403, 0.030077, 0.948086, 0.310575
385, 0.192094, -0.098049, 0.857033,0.058504, 0.029162, 0.949778, 0.306020
386, 0.192847, -0.097547, 0.857676,0.054689, 0.029509, 0.951466, 0.301416
387, 0.193605, -0.097106, 0.858505,0.049809, 0.031736, 0.953201, 0.296513
388, 0.194105, -0.096966, 0.859404,0.045204, 0.035542, 0.954558, 0.292425
389, 0.194562, -0.096884, 0.860306,0.041126, 0.039150, 0.955623, 0.289069
390, 0.195050, -0.096737, 0.861189,0.036963, 0.043301, 0.956679, 0.285523
391, 0.195566, -0.096592, 0.862159,0.032118, 0.048236, 0.957785, 0.281583
392, 0.196003, -0.096596, 0.863416,0.026569, 0.055216, 0.958703, 0.277729
393, 0.196232, -0.096882, 0.864625,0.021785, 0.063216, 0.959069, 0.275164
394, 0.196324, -0.097324, 0.865908,0.017000, 0.073148, 0.959045, 0.273119
395, 0.196344, -0.097709, 0.866872,0.013578, 0.081126, 0.958804, 0.271898
396, 0.196320, -0.098142, 0.867901,0.010090, 0.089187, 0.958405, 0.270930
397, 0.196253, -0.098564, 0.868836,0.006878, 0.096831, 0.957909, 0.270159
398, 0.196209, -0.099024, 0.869909,0.003183, 0.106425, 0.957180, 0.269201
399, 0.196083, -0.099533, 0.870921,-0.000258, 0.115733, 0.956229, 0.268762
400, 0.195998, -0.100005, 0.871902,-0.003382, 0.124761, 0.955186, 0.268406
401, 0.195868, -0.100618, 0.872990,-0.006527, 0.134528, 0.953823, 0.268481
402, 0.195619, -0.101290, 0.873869,-0.008788, 0.142606, 0.952401, 0.269292
403, 0.195322, -0.102042, 0.874774,-0.010970, 0.151461, 0.950597, 0.270747
404, 0.194965, -0.102789, 0.875487,-0.012510, 0.159559, 0.948702, 0.272669
405, 0.194539, -0.103676, 0.876359,-0.014275, 0.168439, 0.946404, 0.275215
406, 0.194092, -0.104562, 0.877067,-0.015536, 0.176475, 0.944080, 0.278080
407, 0.193596, -0.105479, 0.877726,-0.016586, 0.184490, 0.941536, 0.281422
408, 0.193086, -0.106386, 0.878291,-0.017186, 0.191727, 0.938992, 0.285027
409, 0.192688, -0.107178, 0.878927,-0.018116, 0.198236, 0.936668, 0.288146
410, 0.192332, -0.108038, 0.879634,-0.019195, 0.206486, 0.933817, 0.291515
411, 0.192185, -0.108709, 0.880530,-0.020994, 0.215878, 0.930707, 0.294518
412, 0.192434, -0.109060, 0.881555,-0.023751, 0.225138, 0.927984, 0.295965
413, 0.193287, -0.108604, 0.882028,-0.025863, 0.227985, 0.927351, 0.295591
414, 0.193971, -0.107811, 0.881890,-0.025960, 0.223430, 0.929530, 0.292197
415, 0.194132, -0.106942, 0.881101,-0.023737, 0.212921, 0.932972, 0.289247
416, 0.194160, -0.106106, 0.880076,-0.021141, 0.202667, 0.935950, 0.287189
417, 0.194143, -0.105419, 0.879129,-0.018690, 0.193240, 0.938518, 0.285469
418, 0.194113, -0.104653, 0.878114,-0.016276, 0.183927, 0.940944, 0.283777
419, 0.193945, -0.104005, 0.877052,-0.013445, 0.174854, 0.943082, 0.282563
420, 0.193747, -0.103572, 0.876086,-0.011156, 0.167659, 0.944548, 0.282125
421, 0.193255, -0.103240, 0.874947,-0.007819, 0.158948, 0.945843, 0.282940
422, 0.192749, -0.103020, 0.873940,-0.004397, 0.152595, 0.946513, 0.284269
423, 0.191752, -0.103605, 0.873793,-0.002063, 0.157038, 0.944236, 0.289401
424, 0.190877, -0.104265, 0.873907,-0.002009, 0.161858, 0.942077, 0.293750
425, 0.191080, -0.103462, 0.873171,-0.001194, 0.156557, 0.943205, 0.293008
426, 0.191608, -0.102517, 0.872655,-0.000879, 0.150605, 0.945032, 0.290227
427, 0.191900, -0.101511, 0.871876,0.000887, 0.142228, 0.947131, 0.287600
428, 0.191982, -0.100754, 0.871191,0.002435, 0.135425, 0.948704, 0.285685
429, 0.191936, -0.099897, 0.870391,0.004087, 0.126310, 0.950605, 0.283511
430, 0.191775, -0.099108, 0.869558,0.006024, 0.117920, 0.952188, 0.281773
431, 0.191555, -0.098448, 0.868729,0.007978, 0.109895, 0.953527, 0.280440
432, 0.191294, -0.097807, 0.867836,0.010333, 0.101783, 0.954724, 0.279349
433, 0.190893, -0.097311, 0.866932,0.012864, 0.093169, 0.955685, 0.278962
434, 0.190469, -0.096941, 0.866081,0.015385, 0.086573, 0.956235, 0.279075
435, 0.189943, -0.096545, 0.865099,0.018399, 0.078036, 0.956773, 0.279566
436, 0.189491, -0.096088, 0.864113,0.021554, 0.070110, 0.957204, 0.279965
437, 0.189066, -0.095725, 0.863260,0.024298, 0.063090, 0.957478, 0.280473
438, 0.188634, -0.095064, 0.862242,0.027676, 0.054501, 0.957856, 0.280671
439, 0.188557, -0.094247, 0.861489,0.030003, 0.048164, 0.958380, 0.279800
440, 0.188712, -0.093408, 0.860930,0.031235, 0.042479, 0.958956, 0.278609
441, 0.188488, -0.092696, 0.860128,0.034166, 0.036394, 0.958827, 0.279570
442, 0.188427, -0.091919, 0.859426,0.036854, 0.032608, 0.958524, 0.280733
443, 0.188973, -0.091131, 0.859086,0.037670, 0.032013, 0.958497, 0.280783
444, 0.189947, -0.090710, 0.859234,0.036458, 0.037452, 0.958316, 0.280888
445, 0.190698, -0.090626, 0.859914,0.033743, 0.042661, 0.958464, 0.279980
446, 0.191584, -0.090600, 0.860758,0.030242, 0.049328, 0.958663, 0.278599
447, 0.192336, -0.090643, 0.861490,0.027025, 0.055705, 0.958756, 0.277405
448, 0.193042, -0.090722, 0.862321,0.023781, 0.062127, 0.958750, 0.276358
449, 0.193724, -0.090755, 0.863062,0.020726, 0.068915, 0.958706, 0.275144
450, 0.194449, -0.090767, 0.863912,0.017517, 0.075035, 0.958782, 0.273494
451, 0.195331, -0.090600, 0.864951,0.013256, 0.080789, 0.959177, 0.270697
452, 0.196036, -0.090307, 0.865606,0.010219, 0.084140, 0.959632, 0.268185
453, 0.197061, -0.089737, 0.866366,0.006298, 0.087817, 0.960445, 0.264186
454, 0.197828, -0.089334, 0.867035,0.003098, 0.090500, 0.961142, 0.260779
455, 0.198805, -0.088792, 0.867903,-0.000940, 0.093375, 0.962044, 0.256420
456, 0.199497, -0.088385, 0.868506,-0.003861, 0.095283, 0.962751, 0.253015
457, 0.200247, -0.087887, 0.869100,-0.006829, 0.096738, 0.963539, 0.249373
458, 0.201175, -0.087190, 0.869786,-0.010458, 0.098397, 0.964620, 0.244372
459, 0.201879, -0.086688, 0.870410,-0.013502, 0.099580, 0.965428, 0.240522
460, 0.202588, -0.086130, 0.870998,-0.016594, 0.101044, 0.966283, 0.236245
461, 0.203270, -0.085527, 0.871557,-0.019697, 0.102290, 0.967112, 0.232043
462, 0.204022, -0.084833, 0.872257,-0.023406, 0.103711, 0.968065, 0.227039
463, 0.204762, -0.084176, 0.873000,-0.027001, 0.105283, 0.968955, 0.222066
464, 0.205352, -0.083531, 0.873638,-0.030257, 0.106692, 0.969771, 0.217359
465, 0.205949, -0.082878, 0.874293,-0.033613, 0.108033, 0.970584, 0.212523
466, 0.206561, -0.082115, 0.875045,-0.037283, 0.109261, 0.971479, 0.207123
467, 0.207067, -0.081526, 0.875775,-0.040967, 0.110429, 0.972216, 0.202296
468, 0.207403, -0.081077, 0.876646,-0.045024, 0.112652, 0.972971, 0.196496
469, 0.207572, -0.080954, 0.877647,-0.049323, 0.117711, 0.973265, 0.190962
470, 0.207465, -0.081252, 0.878666,-0.052945, 0.124377, 0.972931, 0.187439
471, 0.207235, -0.081634, 0.879620,-0.055943, 0.131626, 0.972300, 0.184872
472, 0.206969, -0.082201, 0.880439,-0.058365, 0.140780, 0.971092, 0.183726
473, 0.206527, -0.083139, 0.881003,-0.059191, 0.149749, 0.969385, 0.185374
474, 0.206089, -0.084016, 0.881569,-0.059848, 0.158570, 0.967566, 0.187322
475, 0.205883, -0.084738, 0.882281,-0.061266, 0.170321, 0.965181, 0.188846
476, 0.205638, -0.085613, 0.882939,-0.062212, 0.180647, 0.962750, 0.191336
477, 0.205307, -0.086552, 0.883319,-0.062290, 0.188140, 0.960684, 0.194446
478, 0.204976, -0.087546, 0.883451,-0.061864, 0.193766, 0.958841, 0.198122
479, 0.204699, -0.088626, 0.883405,-0.060438, 0.197962, 0.957150, 0.202538
480, 0.204404, -0.089619, 0.883026,-0.058346, 0.199506, 0.955973, 0.207145
481, 0.203982, -0.090420, 0.882246,-0.055967, 0.197673, 0.955520, 0.211600
482, 0.203543, -0.091061, 0.881602,-0.053480, 0.195544, 0.955271, 0.215313
483, 0.203033, -0.091775, 0.880885,-0.050824, 0.193023, 0.954968, 0.219533
484, 0.202564, -0.092456, 0.880186,-0.048030, 0.190440, 0.954691, 0.223586
485, 0.202035, -0.093147, 0.879328,-0.044925, 0.187441, 0.954385, 0.228028
486, 0.201596, -0.093753, 0.878649,-0.042235, 0.184782, 0.954128, 0.231756
487, 0.201092, -0.094418, 0.877741,-0.039003, 0.181515, 0.953815, 0.236152
488, 0.200655, -0.095054, 0.876900,-0.035968, 0.178360, 0.953503, 0.240264
489, 0.200196, -0.095687, 0.876081,-0.033118, 0.175705, 0.953072, 0.244305
490, 0.199747, -0.096314, 0.875239,-0.030012, 0.172971, 0.952612, 0.248417
491, 0.199307, -0.096873, 0.874529,-0.027354, 0.170970, 0.952089, 0.252087
492, 0.198891, -0.097468, 0.873715,-0.024545, 0.168549, 0.951526, 0.256101
493, 0.198438, -0.098113, 0.872859,-0.021403, 0.166029, 0.950860, 0.260463
494, 0.198024, -0.098705, 0.872049,-0.018384, 0.163778, 0.950216, 0.264442
495, 0.197594, -0.099266, 0.871284,-0.015638, 0.161464, 0.949600, 0.268225
496, 0.197232, -0.099848, 0.870361,-0.012345, 0.158740, 0.948959, 0.272262
497, 0.196865, -0.100330, 0.869431,-0.009305, 0.155677, 0.948442, 0.275927
498, 0.196426, -0.100856, 0.868573,-0.006407, 0.152721, 0.947856, 0.279649
499, 0.195948, -0.101331, 0.867612,-0.003149, 0.149659, 0.947282, 0.283282
500, 0.195488, -0.101777, 0.866841,-0.000072, 0.147266, 0.946639, 0.286684
