0, 0.152338, 0.000010, -0.369892,-0.000151, -0.062501, 0.000013, 0.998045
1, 0.152294, -0.000011, -0.369892,0.000178, -0.062477, 0.000174, 0.998046
2, 0.151636, 0.000259, -0.369595,0.000490, -0.062027, 0.002678, 0.998071
3, 0.150103, 0.000891, -0.368717,0.002470, -0.062000, 0.005359, 0.998059
4, 0.147854, 0.001790, -0.367524,0.005943, -0.060391, 0.007074, 0.998132
5, 0.145040, 0.002910, -0.366236,0.009739, -0.056475, 0.007107, 0.998331
6, 0.141825, 0.004223, -0.365062,0.012493, -0.050295, 0.005514, 0.998641
7, 0.138351, 0.005688, -0.364149,0.013634, -0.042584, 0.002774, 0.998996
8, 0.134759, 0.007260, -0.363606,0.013405, -0.034169, -0.000158, 0.999326
9, 0.131146, 0.008871, -0.363442,0.012942, -0.026112, -0.002652, 0.999572
10, 0.127626, 0.010464, -0.363663,0.013182, -0.018931, -0.004064, 0.999726
11, 0.124297, 0.011994, -0.364232,0.014598, -0.012824, -0.004263, 0.999802
12, 0.121264, 0.013427, -0.365106,0.016909, -0.007545, -0.003430, 0.999823
13, 0.118580, 0.014736, -0.366175,0.019518, -0.002877, -0.002257, 0.999803
14, 0.116313, 0.015899, -0.367373,0.021531, 0.001743, -0.001206, 0.999766
15, 0.114510, 0.016890, -0.368628,0.022440, 0.006730, -0.000710, 0.999725
16, 0.113209, 0.017701, -0.369892,0.022158, 0.012461, -0.000777, 0.999677
17, 0.112399, 0.018312, -0.371080,0.021293, 0.018746, -0.001459, 0.999596
18, 0.112078, 0.018725, -0.372167,0.020383, 0.025438, -0.002281, 0.999466
19, 0.112219, 0.018938, -0.373120,0.019907, 0.032068, -0.002917, 0.999283
20, 0.112795, 0.018963, -0.373939,0.019894, 0.038239, -0.003036, 0.999066
21, 0.113746, 0.018808, -0.374589,0.020214, 0.043393, -0.002754, 0.998850
22, 0.115027, 0.018496, -0.375077,0.020374, 0.047451, -0.002022, 0.998664
23, 0.116585, 0.018047, -0.375411,0.020063, 0.050482, -0.001079, 0.998523
24, 0.118367, 0.017481, -0.375608,0.019199, 0.052772, -0.000143, 0.998422
25, 0.120321, 0.016812, -0.375696,0.017980, 0.054687, 0.000587, 0.998341
26, 0.122399, 0.016062, -0.375719,0.016674, 0.056613, 0.001084, 0.998256
27, 0.124534, 0.015254, -0.375684,0.015621, 0.058566, 0.001269, 0.998160
28, 0.128776, 0.013539, -0.375598,0.014431, 0.062484, 0.001103, 0.997941
29, 0.134301, 0.011022, -0.375584,0.013104, 0.064294, 0.001035, 0.997844
30, 0.137034, 0.009530, -0.375681,0.012039, 0.061303, 0.001232, 0.998046
31, 0.138074, 0.008867, -0.375752,0.011723, 0.058767, 0.001282, 0.998202
32, 0.138895, 0.008268, -0.375816,0.011685, 0.055580, 0.001147, 0.998385
33, 0.139539, 0.007743, -0.375940,0.011677, 0.052284, 0.001214, 0.998563
34, 0.139992, 0.007289, -0.376045,0.011901, 0.048583, 0.001100, 0.998748
35, 0.140311, 0.006903, -0.376193,0.012036, 0.045010, 0.001172, 0.998913
36, 0.140497, 0.006573, -0.376327,0.012205, 0.041383, 0.001107, 0.999068
37, 0.140596, 0.006301, -0.376476,0.012255, 0.038101, 0.001135, 0.999198
38, 0.140597, 0.006080, -0.376547,0.012462, 0.034829, 0.000871, 0.999315
39, 0.140552, 0.005901, -0.376586,0.012634, 0.031857, 0.000611, 0.999412
40, 0.140468, 0.005748, -0.376549,0.012840, 0.028861, 0.000182, 0.999501
41, 0.140394, 0.005617, -0.376486,0.012810, 0.026008, -0.000071, 0.999580
42, 0.140311, 0.005492, -0.376320,0.012817, 0.022741, -0.000495, 0.999659
43, 0.140265, 0.005368, -0.376106,0.012777, 0.019293, -0.000749, 0.999732
44, 0.140259, 0.005237, -0.375833,0.012916, 0.015607, -0.000941, 0.999794
45, 0.140305, 0.005114, -0.375479,0.013228, 0.011672, -0.000882, 0.999844
46, 0.140407, 0.004971, -0.375053,0.013834, 0.007543, -0.000952, 0.999875
47, 0.140592, 0.004825, -0.374547,0.014401, 0.003344, -0.000768, 0.999890
48, 0.140850, 0.004656, -0.373968,0.014982, -0.000871, -0.000738, 0.999887
49, 0.141172, 0.004480, -0.373280,0.015458, -0.005151, -0.000706, 0.999867
50, 0.141547, 0.004300, -0.372484,0.015860, -0.009456, -0.000759, 0.999829
51, 0.141951, 0.004126, -0.371543,0.016262, -0.013917, -0.000860, 0.999771
52, 0.142387, 0.003955, -0.370506,0.016589, -0.018375, -0.000879, 0.999693
53, 0.142826, 0.003785, -0.369367,0.016983, -0.023027, -0.000900, 0.999590
54, 0.143236, 0.003615, -0.368113,0.017586, -0.027981, -0.000972, 0.999453
55, 0.143617, 0.003465, -0.366793,0.018194, -0.033010, -0.000838, 0.999289
56, 0.143955, 0.003346, -0.365481,0.018633, -0.037914, -0.000514, 0.999107
57, 0.144213, 0.003223, -0.364123,0.019270, -0.043134, -0.000539, 0.998883
58, 0.144374, 0.003119, -0.362719,0.019973, -0.048426, -0.000612, 0.998627
59, 0.144451, 0.003035, -0.361317,0.020630, -0.053576, -0.000648, 0.998350
60, 0.144428, 0.002969, -0.359927,0.021285, -0.058653, -0.000751, 0.998051
61, 0.144307, 0.002927, -0.358562,0.021875, -0.063605, -0.000824, 0.997735
62, 0.144079, 0.002902, -0.357220,0.022499, -0.068426, -0.000942, 0.997402
63, 0.143760, 0.002907, -0.355915,0.023040, -0.072925, -0.000923, 0.997071
64, 0.143346, 0.002932, -0.354658,0.023639, -0.077123, -0.000975, 0.996741
65, 0.142791, 0.002975, -0.353350,0.024538, -0.081320, -0.001270, 0.996385
66, 0.142197, 0.003042, -0.352177,0.025416, -0.084820, -0.001537, 0.996071
67, 0.141489, 0.003133, -0.350953,0.026403, -0.088277, -0.001902, 0.995744
68, 0.140717, 0.003255, -0.349746,0.027242, -0.091529, -0.002160, 0.995427
69, 0.139867, 0.003389, -0.348536,0.028188, -0.094819, -0.002610, 0.995092
70, 0.138967, 0.003559, -0.347317,0.028954, -0.097981, -0.002831, 0.994763
71, 0.138024, 0.003745, -0.346082,0.029790, -0.101100, -0.003097, 0.994425
72, 0.137058, 0.003966, -0.344837,0.030481, -0.104036, -0.003141, 0.994101
73, 0.136069, 0.004194, -0.343576,0.031302, -0.106859, -0.003316, 0.993776
74, 0.135025, 0.004456, -0.342217,0.032086, -0.109568, -0.003415, 0.993455
75, 0.134079, 0.004695, -0.340957,0.032888, -0.111837, -0.003671, 0.993175
76, 0.133100, 0.004970, -0.339615,0.033535, -0.113980, -0.003847, 0.992909
77, 0.132143, 0.005243, -0.338268,0.034224, -0.115998, -0.004202, 0.992651
78, 0.131212, 0.005530, -0.336903,0.034819, -0.117910, -0.004471, 0.992404
79, 0.130314, 0.005815, -0.335542,0.035464, -0.119834, -0.004789, 0.992149
80, 0.129451, 0.006098, -0.334181,0.036170, -0.121856, -0.005093, 0.991875
81, 0.128625, 0.006373, -0.332813,0.037002, -0.124046, -0.005411, 0.991572
82, 0.127853, 0.006650, -0.331450,0.037750, -0.126332, -0.005537, 0.991254
83, 0.127145, 0.006917, -0.330120,0.038433, -0.128706, -0.005584, 0.990922
84, 0.126472, 0.007185, -0.328753,0.039069, -0.131235, -0.005575, 0.990565
85, 0.125914, 0.007410, -0.327520,0.039702, -0.133487, -0.005634, 0.990239
86, 0.125384, 0.007641, -0.326223,0.040297, -0.135693, -0.005660, 0.989915
87, 0.124905, 0.007851, -0.324939,0.040939, -0.137780, -0.005823, 0.989599
88, 0.124453, 0.008056, -0.323609,0.041563, -0.139842, -0.006022, 0.989283
89, 0.124081, 0.008216, -0.322424,0.042175, -0.141696, -0.006299, 0.988991
90, 0.123709, 0.008376, -0.321118,0.042803, -0.143704, -0.006539, 0.988673
91, 0.123399, 0.008502, -0.319937,0.043319, -0.145557, -0.006664, 0.988379
92, 0.123098, 0.008611, -0.318713,0.043812, -0.147572, -0.006737, 0.988057
93, 0.122811, 0.008689, -0.317500,0.044305, -0.149637, -0.006761, 0.987725
94, 0.122537, 0.008741, -0.316301,0.044754, -0.151666, -0.006701, 0.987395
95, 0.122267, 0.008758, -0.315144,0.045222, -0.153671, -0.006709, 0.987064
96, 0.121990, 0.008737, -0.314025,0.045789, -0.155608, -0.006858, 0.986733
97, 0.121707, 0.008688, -0.312926,0.046402, -0.157414, -0.007065, 0.986417
98, 0.121417, 0.008615, -0.311867,0.047000, -0.159103, -0.007302, 0.986116
99, 0.121124, 0.008516, -0.310870,0.047566, -0.160742, -0.007567, 0.985821
100, 0.120835, 0.008393, -0.309946,0.048082, -0.162357, -0.007804, 0.985529
101, 0.120260, 0.008078, -0.308320,0.049229, -0.165580, -0.008226, 0.984933
102, 0.119724, 0.007697, -0.307006,0.050550, -0.168617, -0.008558, 0.984347
103, 0.119261, 0.007243, -0.306043,0.052124, -0.171679, -0.009249, 0.983730
104, 0.118957, 0.006742, -0.305447,0.053747, -0.174850, -0.010054, 0.983076
105, 0.118890, 0.006233, -0.305197,0.055517, -0.178192, -0.010758, 0.982369
106, 0.119127, 0.005744, -0.305212,0.057549, -0.181321, -0.011200, 0.981675
107, 0.119665, 0.005248, -0.305401,0.060230, -0.184301, -0.011981, 0.980950
108, 0.120484, 0.004780, -0.305704,0.063150, -0.187324, -0.012941, 0.980181
109, 0.121619, 0.004320, -0.306147,0.065864, -0.190648, -0.013617, 0.979352
110, 0.123024, 0.003854, -0.306690,0.068556, -0.194328, -0.014108, 0.978436
111, 0.124624, 0.003372, -0.307339,0.071449, -0.197874, -0.014590, 0.977511
112, 0.126322, 0.002859, -0.308120,0.074687, -0.201016, -0.015303, 0.976617
113, 0.128098, 0.002344, -0.309098,0.077476, -0.203530, -0.015935, 0.975868
114, 0.129877, 0.001815, -0.310267,0.080031, -0.205478, -0.016515, 0.975244
115, 0.131566, 0.001279, -0.311562,0.082765, -0.206357, -0.016857, 0.974824
116, 0.132355, 0.001007, -0.312252,0.084177, -0.206268, -0.016955, 0.974721
117, 0.133089, 0.000730, -0.312967,0.085637, -0.205837, -0.017117, 0.974682
118, 0.133748, 0.000463, -0.313670,0.087004, -0.205041, -0.017277, 0.974725
119, 0.134343, 0.000197, -0.314383,0.088245, -0.204004, -0.017487, 0.974828
120, 0.134856, -0.000069, -0.315119,0.089382, -0.202775, -0.017723, 0.974976
121, 0.135286, -0.000328, -0.315856,0.090383, -0.201441, -0.017899, 0.975157
122, 0.135642, -0.000591, -0.316605,0.091312, -0.200043, -0.018038, 0.975356
123, 0.135923, -0.000873, -0.317386,0.092297, -0.198577, -0.018200, 0.975560
124, 0.136119, -0.001125, -0.318092,0.093034, -0.197225, -0.018207, 0.975764
125, 0.136260, -0.001398, -0.318847,0.093802, -0.195792, -0.018224, 0.975979
126, 0.136348, -0.001674, -0.319604,0.094523, -0.194298, -0.018203, 0.976208
127, 0.136398, -0.001949, -0.320370,0.095168, -0.192637, -0.018121, 0.976476
128, 0.136402, -0.002228, -0.321128,0.095863, -0.190841, -0.018132, 0.976761
129, 0.136403, -0.002497, -0.321902,0.096386, -0.188719, -0.017998, 0.977124
130, 0.136373, -0.002768, -0.322669,0.097008, -0.186395, -0.017987, 0.977509
131, 0.136352, -0.003019, -0.323431,0.097412, -0.183672, -0.017759, 0.977988
132, 0.136328, -0.003266, -0.324181,0.097850, -0.180691, -0.017611, 0.978502
133, 0.136320, -0.003497, -0.324921,0.098151, -0.177364, -0.017336, 0.979085
134, 0.136308, -0.003722, -0.325635,0.098499, -0.173817, -0.017128, 0.979690
135, 0.136306, -0.003922, -0.326321,0.098679, -0.170011, -0.016811, 0.980345
136, 0.136315, -0.004111, -0.326977,0.098781, -0.166064, -0.016519, 0.981016
137, 0.136346, -0.004275, -0.327606,0.098701, -0.161960, -0.016131, 0.981716
138, 0.136347, -0.004435, -0.328161,0.098802, -0.158073, -0.016008, 0.982341
139, 0.136418, -0.004551, -0.328731,0.098416, -0.153753, -0.015342, 0.983076
140, 0.136479, -0.004664, -0.329257,0.098251, -0.149617, -0.014924, 0.983737
141, 0.136565, -0.004755, -0.329769,0.097961, -0.145337, -0.014315, 0.984416
142, 0.136640, -0.004846, -0.330240,0.097861, -0.141215, -0.013947, 0.985031
143, 0.136762, -0.004910, -0.330724,0.097424, -0.136846, -0.013298, 0.985700
144, 0.136878, -0.004979, -0.331185,0.097105, -0.132682, -0.012965, 0.986305
145, 0.137056, -0.005020, -0.331690,0.096365, -0.128204, -0.012252, 0.986979
146, 0.137220, -0.005080, -0.332179,0.095930, -0.123998, -0.011960, 0.987562
147, 0.137436, -0.005117, -0.332711,0.095222, -0.119495, -0.011305, 0.988193
148, 0.137681, -0.005161, -0.333276,0.094602, -0.114904, -0.010728, 0.988804
149, 0.137937, -0.005214, -0.333848,0.094096, -0.110351, -0.010255, 0.989375
150, 0.138218, -0.005271, -0.334438,0.093545, -0.105716, -0.009760, 0.989938
151, 0.138526, -0.005337, -0.335046,0.092911, -0.101045, -0.009263, 0.990491
152, 0.138870, -0.005410, -0.335687,0.092123, -0.096257, -0.008668, 0.991046
153, 0.139222, -0.005498, -0.336328,0.091384, -0.091527, -0.008173, 0.991567
154, 0.139587, -0.005598, -0.336973,0.090624, -0.086757, -0.007648, 0.992070
155, 0.139963, -0.005716, -0.337620,0.089907, -0.081986, -0.007169, 0.992544
156, 0.140360, -0.005843, -0.338288,0.089103, -0.077091, -0.006579, 0.993013
157, 0.140743, -0.005996, -0.338931,0.088469, -0.072388, -0.006226, 0.993426
158, 0.141140, -0.006155, -0.339585,0.087685, -0.067615, -0.005719, 0.993834
159, 0.141539, -0.006332, -0.340243,0.086904, -0.062922, -0.005275, 0.994214
160, 0.141960, -0.006510, -0.340938,0.085912, -0.058065, -0.004593, 0.994599
161, 0.142352, -0.006724, -0.341607,0.085202, -0.053496, -0.004301, 0.994917
162, 0.142763, -0.006937, -0.342311,0.084291, -0.048690, -0.003709, 0.995244
163, 0.143165, -0.007174, -0.343022,0.083560, -0.043932, -0.003320, 0.995528
164, 0.143575, -0.007411, -0.343760,0.082762, -0.038961, -0.002763, 0.995804
165, 0.143947, -0.007670, -0.344457,0.082273, -0.034224, -0.002575, 0.996019
166, 0.144351, -0.007904, -0.345217,0.081401, -0.029027, -0.001869, 0.996257
167, 0.144717, -0.008161, -0.345946,0.080802, -0.024115, -0.001622, 0.996437
168, 0.145084, -0.008400, -0.346702,0.079929, -0.018994, -0.001067, 0.996619
169, 0.145427, -0.008647, -0.347453,0.079132, -0.014003, -0.000745, 0.996765
170, 0.145761, -0.008883, -0.348226,0.078215, -0.008919, -0.000293, 0.996897
171, 0.146057, -0.009123, -0.348974,0.077489, -0.004045, -0.000079, 0.996985
172, 0.146351, -0.009339, -0.349755,0.076631, 0.001008, 0.000408, 0.997059
173, 0.146620, -0.009551, -0.350532,0.075925, 0.005956, 0.000741, 0.997096
174, 0.146871, -0.009745, -0.351305,0.075246, 0.010886, 0.001105, 0.997105
175, 0.147107, -0.009922, -0.352078,0.074576, 0.015807, 0.001451, 0.997089
176, 0.147351, -0.010070, -0.352899,0.073739, 0.020941, 0.001970, 0.997056
177, 0.147569, -0.010210, -0.353704,0.073054, 0.025914, 0.002195, 0.996989
178, 0.147769, -0.010331, -0.354487,0.072440, 0.030778, 0.002339, 0.996895
179, 0.147981, -0.010419, -0.355311,0.071682, 0.035816, 0.002723, 0.996781
180, 0.148181, -0.010490, -0.356130,0.071039, 0.040687, 0.002964, 0.996639
181, 0.148385, -0.010532, -0.356971,0.070333, 0.045570, 0.003339, 0.996477
182, 0.148572, -0.010564, -0.357786,0.069787, 0.050138, 0.003464, 0.996295
183, 0.148770, -0.010569, -0.358632,0.069073, 0.054709, 0.003806, 0.996103
184, 0.148964, -0.010568, -0.359475,0.068418, 0.058989, 0.003960, 0.995903
185, 0.149158, -0.010554, -0.360320,0.067727, 0.063040, 0.004131, 0.995702
186, 0.149360, -0.010533, -0.361176,0.067011, 0.066868, 0.004305, 0.995500
187, 0.149579, -0.010505, -0.362070,0.066223, 0.070558, 0.004561, 0.995297
188, 0.149803, -0.010484, -0.362962,0.065613, 0.073925, 0.004706, 0.995092
189, 0.150041, -0.010467, -0.363866,0.065143, 0.077118, 0.004866, 0.994880
190, 0.150293, -0.010457, -0.364786,0.064809, 0.080102, 0.005013, 0.994665
191, 0.150565, -0.010448, -0.365741,0.064488, 0.082943, 0.005222, 0.994452
192, 0.155933, -0.011386, -0.379978,0.060116, 0.107496, 0.006384, 0.992366
193, 0.156481, -0.011533, -0.381196,0.059641, 0.108721, 0.006403, 0.992261
194, 0.157038, -0.011696, -0.382398,0.059234, 0.109763, 0.006307, 0.992171
195, 0.158166, -0.012048, -0.384643,0.058617, 0.110922, 0.006024, 0.992081
196, 0.159286, -0.012418, -0.386417,0.058107, 0.109964, 0.005471, 0.992221
197, 0.160409, -0.012775, -0.387658,0.056838, 0.106042, 0.004750, 0.992724
198, 0.160978, -0.012942, -0.388077,0.055905, 0.102778, 0.004393, 0.993122
199, 0.161586, -0.013092, -0.388443,0.054780, 0.099195, 0.004452, 0.993549
200, 0.162202, -0.013236, -0.388666,0.053932, 0.095043, 0.004389, 0.994001
201, 0.162856, -0.013365, -0.388828,0.053268, 0.090946, 0.004519, 0.994420
202, 0.163545, -0.013483, -0.388932,0.052809, 0.087133, 0.004674, 0.994785
203, 0.164246, -0.013596, -0.388921,0.052605, 0.083383, 0.004463, 0.995118
204, 0.164979, -0.013697, -0.388874,0.052265, 0.080004, 0.004204, 0.995414
205, 0.165730, -0.013793, -0.388787,0.051733, 0.076756, 0.003789, 0.995700
206, 0.166485, -0.013886, -0.388650,0.051044, 0.073377, 0.003238, 0.995992
207, 0.167257, -0.013977, -0.388511,0.050191, 0.069940, 0.002850, 0.996284
208, 0.168032, -0.014074, -0.388349,0.049421, 0.066250, 0.002568, 0.996575
209, 0.168803, -0.014179, -0.388160,0.048851, 0.062305, 0.002434, 0.996858
210, 0.169561, -0.014301, -0.387924,0.048557, 0.058053, 0.002315, 0.997129
211, 0.170323, -0.014437, -0.387674,0.048319, 0.053778, 0.002369, 0.997380
212, 0.171073, -0.014593, -0.387364,0.048160, 0.049378, 0.002290, 0.997616
213, 0.171834, -0.014756, -0.387036,0.047785, 0.045227, 0.002342, 0.997830
214, 0.172579, -0.014934, -0.386639,0.047356, 0.041129, 0.002147, 0.998029
215, 0.173313, -0.015127, -0.386161,0.046895, 0.037082, 0.001750, 0.998210
216, 0.174045, -0.015335, -0.385619,0.046407, 0.033111, 0.001289, 0.998373
217, 0.174789, -0.015552, -0.385059,0.045854, 0.029277, 0.001010, 0.998519
218, 0.175508, -0.015779, -0.384439,0.045522, 0.025233, 0.000672, 0.998644
219, 0.176202, -0.016005, -0.383752,0.045424, 0.020941, 0.000372, 0.998748
220, 0.176888, -0.016222, -0.383034,0.045387, 0.016563, 0.000282, 0.998832
221, 0.177551, -0.016430, -0.382282,0.045401, 0.012019, 0.000241, 0.998896
222, 0.178182, -0.016625, -0.381472,0.045438, 0.007281, 0.000126, 0.998941
223, 0.178798, -0.016795, -0.380633,0.045284, 0.002577, 0.000079, 0.998971
224, 0.179385, -0.016939, -0.379765,0.045023, -0.002145, -0.000089, 0.998984
225, 0.179937, -0.017055, -0.378875,0.044766, -0.006859, -0.000358, 0.998974
226, 0.180447, -0.017136, -0.377950,0.044670, -0.011570, -0.000728, 0.998935
227, 0.180933, -0.017177, -0.377026,0.044648, -0.016162, -0.000977, 0.998872
228, 0.181374, -0.017183, -0.376085,0.044819, -0.020876, -0.001307, 0.998776
229, 0.181795, -0.017138, -0.375179,0.044844, -0.025495, -0.001355, 0.998668
230, 0.182156, -0.017059, -0.374250,0.044998, -0.030377, -0.001607, 0.998524
231, 0.182484, -0.016930, -0.373326,0.044973, -0.035257, -0.001709, 0.998364
232, 0.182764, -0.016769, -0.372392,0.044961, -0.040289, -0.001968, 0.998174
233, 0.183023, -0.016565, -0.371497,0.044732, -0.045181, -0.002020, 0.997975
234, 0.183231, -0.016341, -0.370616,0.044617, -0.050144, -0.002227, 0.997742
235, 0.183391, -0.016085, -0.369739,0.044464, -0.055081, -0.002398, 0.997488
236, 0.183519, -0.015824, -0.368883,0.044303, -0.060081, -0.002693, 0.997206
237, 0.183637, -0.015553, -0.368097,0.043933, -0.064973, -0.002849, 0.996915
238, 0.183699, -0.015286, -0.367336,0.043738, -0.070117, -0.003226, 0.996574
239, 0.183741, -0.015019, -0.366646,0.043650, -0.075278, -0.003521, 0.996201
240, 0.183757, -0.014750, -0.366037,0.043777, -0.080450, -0.003765, 0.995790
241, 0.183749, -0.014469, -0.365516,0.043981, -0.085593, -0.003862, 0.995352
242, 0.183727, -0.014174, -0.365097,0.044061, -0.090666, -0.003870, 0.994899
243, 0.183700, -0.013840, -0.364775,0.043590, -0.095535, -0.003732, 0.994464
244, 0.183707, -0.013482, -0.364571,0.042446, -0.100012, -0.003552, 0.994074
245, 0.183754, -0.012669, -0.364356,0.038534, -0.107599, -0.003368, 0.993442
246, 0.183809, -0.012211, -0.364336,0.035953, -0.110464, -0.003258, 0.993224
247, 0.183886, -0.011737, -0.364364,0.033228, -0.112776, -0.003184, 0.993060
248, 0.183977, -0.011217, -0.364422,0.030093, -0.114487, -0.002856, 0.992965
249, 0.184085, -0.010682, -0.364507,0.026723, -0.115913, -0.002606, 0.992896
250, 0.184208, -0.010112, -0.364614,0.022829, -0.117018, -0.002184, 0.992865
251, 0.184337, -0.009546, -0.364733,0.018868, -0.118104, -0.001950, 0.992820
252, 0.184481, -0.008937, -0.364875,0.014501, -0.118748, -0.001322, 0.992818
253, 0.184631, -0.008306, -0.365032,0.010116, -0.119125, -0.000696, 0.992827
254, 0.184773, -0.007666, -0.365188,0.005921, -0.119294, -0.000202, 0.992841
255, 0.184901, -0.007017, -0.365334,0.001991, -0.119237, 0.000187, 0.992864
256, 0.185028, -0.006323, -0.365483,-0.002140, -0.118710, 0.000824, 0.992926
257, 0.185148, -0.005609, -0.365632,-0.006402, -0.118063, 0.001333, 0.992985
258, 0.185258, -0.004888, -0.365777,-0.010821, -0.117453, 0.001682, 0.993018
259, 0.185359, -0.004147, -0.365922,-0.015476, -0.116817, 0.002066, 0.993031
260, 0.185451, -0.003396, -0.366062,-0.020112, -0.116231, 0.002419, 0.993016
261, 0.185535, -0.002635, -0.366199,-0.024571, -0.115630, 0.002831, 0.992984
262, 0.185621, -0.001845, -0.366339,-0.028980, -0.114844, 0.003472, 0.992955
263, 0.185703, -0.001048, -0.366475,-0.033225, -0.114035, 0.004079, 0.992913
264, 0.185785, -0.000236, -0.366605,-0.037549, -0.113146, 0.004701, 0.992857
265, 0.185872, 0.000596, -0.366732,-0.042208, -0.112166, 0.005314, 0.992778
266, 0.185957, 0.001428, -0.366846,-0.047074, -0.111311, 0.005689, 0.992654
267, 0.186043, 0.002267, -0.366949,-0.052160, -0.110489, 0.006022, 0.992489
268, 0.186126, 0.003107, -0.367036,-0.057236, -0.109754, 0.006329, 0.992289
269, 0.186212, 0.003944, -0.367108,-0.062209, -0.109076, 0.006732, 0.992062
270, 0.186313, 0.004780, -0.367181,-0.067182, -0.108368, 0.007334, 0.991811
271, 0.186429, 0.005590, -0.367252,-0.072007, -0.107785, 0.007920, 0.991532
272, 0.186561, 0.006381, -0.367324,-0.076841, -0.107148, 0.008609, 0.991232
273, 0.186715, 0.007162, -0.367406,-0.081844, -0.106334, 0.009368, 0.990912
274, 0.186874, 0.007899, -0.367476,-0.086647, -0.105630, 0.009770, 0.990575
275, 0.187047, 0.008628, -0.367556,-0.091608, -0.104660, 0.010219, 0.990227
276, 0.187234, 0.009348, -0.367650,-0.096716, -0.103541, 0.010595, 0.989855
277, 0.187432, 0.010042, -0.367753,-0.101787, -0.102519, 0.010759, 0.989451
278, 0.187642, 0.010723, -0.367873,-0.106921, -0.101507, 0.010989, 0.989011
279, 0.187865, 0.011383, -0.368009,-0.111985, -0.100607, 0.011278, 0.988539
280, 0.188106, 0.012035, -0.368168,-0.117123, -0.099730, 0.011781, 0.988027
281, 0.188617, 0.013272, -0.368500,-0.127149, -0.098556, 0.012811, 0.986892
282, 0.189161, 0.014451, -0.368834,-0.137250, -0.097594, 0.013986, 0.985618
283, 0.189446, 0.015017, -0.368988,-0.142450, -0.097130, 0.014494, 0.984918
284, 0.190028, 0.016068, -0.369242,-0.152799, -0.096393, 0.015260, 0.983427
285, 0.190606, 0.017041, -0.369420,-0.163087, -0.095868, 0.016109, 0.981811
286, 0.191155, 0.017903, -0.369512,-0.173152, -0.095953, 0.017092, 0.980061
287, 0.191662, 0.018679, -0.369561,-0.183305, -0.096170, 0.018499, 0.978166
288, 0.192109, 0.019336, -0.369551,-0.193466, -0.096556, 0.019659, 0.976146
289, 0.192495, 0.019904, -0.369518,-0.203820, -0.096631, 0.020735, 0.974007
290, 0.192824, 0.020354, -0.369479,-0.214051, -0.096490, 0.021673, 0.971804
291, 0.193086, 0.020698, -0.369454,-0.224128, -0.095859, 0.022767, 0.969567
292, 0.193255, 0.020937, -0.369404,-0.234040, -0.095154, 0.023573, 0.967272
293, 0.193354, 0.021104, -0.369396,-0.244338, -0.094058, 0.024349, 0.964810
294, 0.193396, 0.021138, -0.369449,-0.253302, -0.092862, 0.024494, 0.962608
295, 0.193364, 0.021094, -0.369612,-0.258317, -0.091033, 0.023978, 0.961463
296, 0.193177, 0.021133, -0.370217,-0.257941, -0.087482, 0.022616, 0.961926
297, 0.192790, 0.022922, -0.373136,-0.241001, -0.084540, 0.020016, 0.966629
298, 0.192851, 0.023859, -0.373947,-0.234112, -0.085983, 0.019951, 0.968194
299, 0.193035, 0.024868, -0.374618,-0.227343, -0.088221, 0.020115, 0.969602
300, 0.193312, 0.025839, -0.375099,-0.219740, -0.090913, 0.020169, 0.971104
301, 0.193652, 0.026659, -0.375426,-0.211720, -0.093687, 0.020170, 0.972620
302, 0.194035, 0.027287, -0.375671,-0.203276, -0.096916, 0.020250, 0.974103
303, 0.194393, 0.027602, -0.375882,-0.194967, -0.100143, 0.020329, 0.975472
304, 0.194672, 0.027561, -0.376095,-0.185952, -0.103004, 0.020186, 0.976936
305, 0.194837, 0.027157, -0.376353,-0.176484, -0.104846, 0.019795, 0.978503
306, 0.194843, 0.026371, -0.376639,-0.166779, -0.105822, 0.018886, 0.980117
307, 0.194778, 0.025857, -0.376792,-0.162007, -0.105949, 0.018328, 0.980914
308, 0.194492, 0.024604, -0.377073,-0.152383, -0.105917, 0.016910, 0.982484
309, 0.193987, 0.023123, -0.377310,-0.142542, -0.105584, 0.015587, 0.984018
310, 0.193664, 0.022314, -0.377407,-0.137570, -0.105436, 0.014956, 0.984751
311, 0.193298, 0.021462, -0.377487,-0.132514, -0.105404, 0.014273, 0.985457
312, 0.192474, 0.019713, -0.377613,-0.122661, -0.105280, 0.013054, 0.986762
313, 0.192029, 0.018816, -0.377661,-0.117721, -0.105195, 0.012468, 0.987381
314, 0.191568, 0.017898, -0.377691,-0.112546, -0.105231, 0.011740, 0.987989
315, 0.191104, 0.017001, -0.377722,-0.107544, -0.105065, 0.011222, 0.988569
316, 0.190637, 0.016089, -0.377728,-0.102308, -0.105174, 0.010444, 0.989122
317, 0.190174, 0.015191, -0.377722,-0.097164, -0.105311, 0.009788, 0.989633
318, 0.189719, 0.014294, -0.377696,-0.091913, -0.105723, 0.009062, 0.990097
319, 0.189296, 0.013429, -0.377673,-0.087003, -0.106096, 0.008641, 0.990505
320, 0.188895, 0.012556, -0.377625,-0.082001, -0.106938, 0.008023, 0.990846
321, 0.188540, 0.011700, -0.377588,-0.077317, -0.107815, 0.007672, 0.991130
322, 0.188227, 0.010841, -0.377553,-0.072675, -0.108907, 0.007306, 0.991365
323, 0.187977, 0.010047, -0.377536,-0.068548, -0.109860, 0.007126, 0.991555
324, 0.187742, 0.009161, -0.377513,-0.063924, -0.111054, 0.006729, 0.991734
325, 0.187427, 0.007484, -0.377497,-0.055366, -0.113154, 0.005906, 0.992016
326, 0.187343, 0.006646, -0.377510,-0.051320, -0.114045, 0.005568, 0.992134
327, 0.187288, 0.005821, -0.377514,-0.047344, -0.115212, 0.004951, 0.992200
328, 0.187277, 0.004900, -0.377540,-0.043206, -0.116423, 0.004524, 0.992249
329, 0.187292, 0.003999, -0.377565,-0.039173, -0.117868, 0.004027, 0.992248
330, 0.187339, 0.003145, -0.377609,-0.035542, -0.119214, 0.003785, 0.992225
331, 0.187412, 0.002173, -0.377658,-0.031423, -0.120912, 0.003455, 0.992160
332, 0.187507, 0.001232, -0.377725,-0.027580, -0.122492, 0.003238, 0.992081
333, 0.187604, 0.000307, -0.377795,-0.023721, -0.124135, 0.002796, 0.991978
334, 0.187731, -0.000711, -0.377901,-0.019655, -0.125574, 0.002549, 0.991886
335, 0.187847, -0.001709, -0.378004,-0.015405, -0.127022, 0.001922, 0.991778
336, 0.187960, -0.002706, -0.378122,-0.011080, -0.128181, 0.001382, 0.991688
337, 0.188058, -0.003657, -0.378239,-0.006795, -0.129183, 0.000784, 0.991597
338, 0.188155, -0.004713, -0.378377,-0.002022, -0.130107, 0.000195, 0.991498
339, 0.188229, -0.005723, -0.378512,0.002609, -0.131011, -0.000471, 0.991377
340, 0.188272, -0.006687, -0.378634,0.007188, -0.131978, -0.001249, 0.991226
341, 0.188289, -0.007720, -0.378762,0.012138, -0.132790, -0.001786, 0.991068
342, 0.188269, -0.008643, -0.378860,0.016784, -0.133604, -0.002404, 0.990890
343, 0.188213, -0.009602, -0.378941,0.021711, -0.134385, -0.003034, 0.990687
344, 0.188114, -0.010607, -0.378995,0.027011, -0.135196, -0.003794, 0.990443
345, 0.187990, -0.011537, -0.379020,0.031966, -0.135865, -0.004475, 0.990201
346, 0.187843, -0.012441, -0.379019,0.036847, -0.136473, -0.005213, 0.989945
347, 0.187684, -0.013272, -0.378997,0.041427, -0.137021, -0.005973, 0.989683
348, 0.187302, -0.014955, -0.378898,0.051321, -0.137857, -0.007513, 0.989093
349, 0.187097, -0.015746, -0.378837,0.056356, -0.138034, -0.008172, 0.988789
350, 0.186888, -0.016503, -0.378773,0.061432, -0.138071, -0.008834, 0.988476
351, 0.186675, -0.017224, -0.378705,0.066492, -0.137968, -0.009510, 0.988156
352, 0.186458, -0.017927, -0.378633,0.071687, -0.137807, -0.010328, 0.987807
353, 0.186242, -0.018597, -0.378558,0.076850, -0.137494, -0.011061, 0.987455
354, 0.186034, -0.019245, -0.378490,0.082009, -0.137162, -0.011825, 0.987077
355, 0.185836, -0.019889, -0.378429,0.087267, -0.136934, -0.012707, 0.986647
356, 0.185650, -0.020512, -0.378373,0.092433, -0.136747, -0.013455, 0.986192
357, 0.185482, -0.021127, -0.378324,0.097581, -0.136721, -0.014197, 0.985689
358, 0.185325, -0.021770, -0.378282,0.102923, -0.136863, -0.014917, 0.985116
359, 0.185198, -0.022372, -0.378249,0.107943, -0.137361, -0.015827, 0.984495
360, 0.185096, -0.022981, -0.378225,0.112871, -0.137840, -0.016401, 0.983866
361, 0.185011, -0.023603, -0.378204,0.117833, -0.138649, -0.017233, 0.983156
362, 0.184939, -0.024245, -0.378180,0.122855, -0.139773, -0.018245, 0.982363
363, 0.184900, -0.024913, -0.378161,0.127884, -0.141014, -0.019051, 0.981528
364, 0.184886, -0.025533, -0.378148,0.132491, -0.142433, -0.019971, 0.980694
365, 0.184908, -0.026227, -0.378144,0.137399, -0.144100, -0.020811, 0.979757
366, 0.184941, -0.026886, -0.378144,0.142017, -0.145917, -0.021842, 0.978807
367, 0.185007, -0.027624, -0.378148,0.147025, -0.147886, -0.022731, 0.977751
368, 0.185084, -0.028304, -0.378153,0.151584, -0.149705, -0.023573, 0.976757
369, 0.185180, -0.029036, -0.378164,0.156345, -0.151564, -0.024466, 0.975698
370, 0.185287, -0.029781, -0.378184,0.161029, -0.153325, -0.025386, 0.974637
371, 0.185397, -0.030590, -0.378214,0.166029, -0.155059, -0.026463, 0.973494
372, 0.185495, -0.031331, -0.378249,0.170573, -0.156448, -0.027422, 0.972459
373, 0.185588, -0.032122, -0.378295,0.175394, -0.157680, -0.028401, 0.971374
374, 0.185670, -0.032963, -0.378351,0.180472, -0.158730, -0.029372, 0.970243
375, 0.185729, -0.033781, -0.378417,0.185382, -0.159597, -0.030385, 0.969143
376, 0.185767, -0.034616, -0.378499,0.190398, -0.160317, -0.031445, 0.968018
377, 0.185781, -0.035442, -0.378588,0.195303, -0.160775, -0.032272, 0.966937
378, 0.185765, -0.036229, -0.378682,0.200009, -0.161070, -0.033094, 0.965897
379, 0.185715, -0.037110, -0.378799,0.205292, -0.161063, -0.033928, 0.964760
380, 0.185635, -0.037889, -0.378893,0.209929, -0.160743, -0.034501, 0.963795
381, 0.185502, -0.038763, -0.378988,0.215134, -0.160092, -0.035295, 0.962727
382, 0.185353, -0.039563, -0.379068,0.219887, -0.159277, -0.036088, 0.961758
383, 0.185142, -0.040451, -0.379133,0.225140, -0.158011, -0.036784, 0.960724
384, 0.184907, -0.041242, -0.379160,0.229761, -0.156715, -0.037252, 0.959824
385, 0.184604, -0.042144, -0.379181,0.235029, -0.155196, -0.037930, 0.958769
386, 0.184285, -0.042962, -0.379168,0.239697, -0.153814, -0.038424, 0.957815
387, 0.183913, -0.043840, -0.379139,0.244669, -0.152358, -0.038986, 0.956768
388, 0.183499, -0.044706, -0.379079,0.249397, -0.150862, -0.039297, 0.955771
389, 0.183069, -0.045591, -0.379027,0.254228, -0.149434, -0.039834, 0.954699
390, 0.182613, -0.046474, -0.378956,0.258960, -0.147953, -0.040218, 0.953642
391, 0.182147, -0.047371, -0.378895,0.263842, -0.146461, -0.040706, 0.952512
392, 0.181670, -0.048256, -0.378822,0.268625, -0.144898, -0.041020, 0.951400
393, 0.181206, -0.049158, -0.378774,0.273584, -0.143376, -0.041596, 0.950192
394, 0.180758, -0.050050, -0.378729,0.278430, -0.141805, -0.041991, 0.949002
395, 0.180339, -0.050950, -0.378708,0.283408, -0.140301, -0.042523, 0.947728
396, 0.179948, -0.051829, -0.378683,0.288201, -0.138821, -0.042840, 0.946485
397, 0.179602, -0.052713, -0.378689,0.293123, -0.137516, -0.043423, 0.945136
398, 0.179301, -0.053574, -0.378705,0.297912, -0.136278, -0.043811, 0.943800
399, 0.179046, -0.054410, -0.378727,0.302598, -0.135177, -0.044166, 0.942449
400, 0.178833, -0.055296, -0.378779,0.307741, -0.134209, -0.044830, 0.940890
401, 0.178696, -0.056090, -0.378833,0.312508, -0.133447, -0.045419, 0.939398
402, 0.178608, -0.056903, -0.378889,0.317503, -0.132640, -0.045820, 0.937816
403, 0.178578, -0.057742, -0.378959,0.322762, -0.131882, -0.046248, 0.936105
404, 0.178600, -0.058488, -0.379035,0.327450, -0.131352, -0.046734, 0.934526
405, 0.178799, -0.060052, -0.379231,0.337032, -0.130374, -0.047616, 0.931206
406, 0.178957, -0.060745, -0.379341,0.341132, -0.129942, -0.047945, 0.929756
407, 0.179158, -0.061452, -0.379467,0.345229, -0.129387, -0.048225, 0.928305
408, 0.179603, -0.062865, -0.379705,0.353345, -0.127909, -0.048884, 0.925417
409, 0.179825, -0.063577, -0.379799,0.357269, -0.127070, -0.049181, 0.924010
410, 0.180050, -0.064304, -0.379903,0.361092, -0.126309, -0.049629, 0.922602
411, 0.180280, -0.065014, -0.379991,0.364418, -0.125605, -0.049769, 0.921383
412, 0.180732, -0.066424, -0.380180,0.370074, -0.124562, -0.049929, 0.919259
413, 0.181109, -0.067849, -0.380400,0.375083, -0.123604, -0.050077, 0.917348
414, 0.181387, -0.069307, -0.380664,0.380037, -0.122147, -0.050209, 0.915495
415, 0.181582, -0.070772, -0.381008,0.384764, -0.120181, -0.050233, 0.913778
416, 0.181681, -0.072244, -0.381403,0.389166, -0.118066, -0.050169, 0.912192
417, 0.181680, -0.072990, -0.381605,0.391270, -0.117134, -0.050189, 0.911410
418, 0.181610, -0.074479, -0.382026,0.395067, -0.115773, -0.050357, 0.909936
419, 0.181490, -0.075952, -0.382451,0.398312, -0.114994, -0.050502, 0.908611
420, 0.181412, -0.076696, -0.382650,0.399872, -0.114747, -0.050611, 0.907950
421, 0.181226, -0.078229, -0.382991,0.402981, -0.114436, -0.050980, 0.906593
422, 0.181124, -0.079030, -0.383128,0.404477, -0.114453, -0.051390, 0.905902
423, 0.181040, -0.079838, -0.383246,0.405728, -0.114574, -0.051706, 0.905309
424, 0.180979, -0.080645, -0.383346,0.406713, -0.114797, -0.051918, 0.904826
425, 0.180890, -0.082311, -0.383464,0.408397, -0.115583, -0.052504, 0.903934
426, 0.180836, -0.083190, -0.383464,0.409263, -0.116204, -0.053014, 0.903432
427, 0.180767, -0.084079, -0.383424,0.410053, -0.117043, -0.053633, 0.902929
428, 0.180701, -0.084941, -0.383350,0.410555, -0.118059, -0.054110, 0.902540
429, 0.180627, -0.085766, -0.383252,0.410847, -0.119232, -0.054559, 0.902226
430, 0.180457, -0.087306, -0.382996,0.411331, -0.121487, -0.055306, 0.901659
431, 0.180219, -0.088709, -0.382671,0.412228, -0.123011, -0.055986, 0.901001
432, 0.179958, -0.089913, -0.382363,0.412986, -0.123618, -0.056420, 0.900543
433, 0.179672, -0.090887, -0.382126,0.413395, -0.123756, -0.056738, 0.900316
434, 0.179359, -0.091695, -0.381995,0.413982, -0.123752, -0.056907, 0.900037
435, 0.178987, -0.092487, -0.382108,0.414460, -0.123168, -0.056283, 0.899936
436, 0.178829, -0.092754, -0.382395,0.414799, -0.121551, -0.055581, 0.900043
437, 0.178723, -0.092948, -0.382937,0.415642, -0.117401, -0.054397, 0.900277
438, 0.178847, -0.092967, -0.383274,0.415644, -0.114082, -0.052671, 0.900806
439, 0.178959, -0.092960, -0.383404,0.415686, -0.112098, -0.051499, 0.901103
440, 0.179139, -0.093039, -0.383476,0.416582, -0.107567, -0.049486, 0.901355
441, 0.179277, -0.093221, -0.383423,0.417527, -0.103126, -0.048006, 0.901516
442, 0.179507, -0.093511, -0.383408,0.417055, -0.099481, -0.046341, 0.902231
443, 0.179763, -0.093613, -0.383641,0.416988, -0.097879, -0.044721, 0.902519
444, 0.179925, -0.093633, -0.383861,0.417327, -0.096619, -0.043696, 0.902548
445, 0.180277, -0.093651, -0.384503,0.418250, -0.092845, -0.041949, 0.902600
446, 0.180811, -0.093692, -0.385729,0.418270, -0.086340, -0.040693, 0.903294
447, 0.181285, -0.093921, -0.386639,0.417804, -0.084364, -0.040684, 0.903696
448, 0.181618, -0.094156, -0.386750,0.417424, -0.086241, -0.040971, 0.903682
449, 0.182007, -0.094366, -0.386370,0.416375, -0.089083, -0.041536, 0.903864
450, 0.182193, -0.094454, -0.385964,0.415521, -0.090588, -0.042110, 0.904081
451, 0.182387, -0.094513, -0.385447,0.414409, -0.092111, -0.042822, 0.904404
452, 0.182586, -0.094527, -0.384839,0.413055, -0.093747, -0.043607, 0.904818
453, 0.182790, -0.094476, -0.384162,0.411498, -0.095576, -0.044338, 0.905301
454, 0.182992, -0.094353, -0.383432,0.409845, -0.097614, -0.044973, 0.905801
455, 0.183195, -0.094154, -0.382680,0.408217, -0.099805, -0.045473, 0.906272
456, 0.183386, -0.093889, -0.381925,0.406724, -0.102041, -0.045897, 0.906674
457, 0.183742, -0.093171, -0.380464,0.403802, -0.106087, -0.046548, 0.907482
458, 0.184084, -0.092219, -0.379143,0.400333, -0.108800, -0.046985, 0.908674
459, 0.184399, -0.091141, -0.378032,0.396657, -0.110016, -0.047234, 0.910125
460, 0.184679, -0.090051, -0.377138,0.392984, -0.110266, -0.046936, 0.911703
461, 0.184925, -0.089000, -0.376379,0.388855, -0.110338, -0.046375, 0.913491
462, 0.185143, -0.088089, -0.375775,0.384243, -0.110330, -0.045615, 0.915480
463, 0.185239, -0.087696, -0.375515,0.381966, -0.110128, -0.045169, 0.916479
464, 0.185329, -0.087339, -0.375270,0.379733, -0.109680, -0.044614, 0.917487
465, 0.185408, -0.087025, -0.375043,0.377623, -0.109023, -0.044092, 0.918461
466, 0.185541, -0.086497, -0.374627,0.373454, -0.107232, -0.043063, 0.920423
467, 0.185601, -0.086254, -0.374419,0.371146, -0.106225, -0.042482, 0.921500
468, 0.185649, -0.086031, -0.374211,0.368800, -0.105305, -0.041942, 0.922572
469, 0.185715, -0.085612, -0.373780,0.364074, -0.103763, -0.040868, 0.924669
470, 0.185738, -0.085401, -0.373535,0.361643, -0.103137, -0.040304, 0.925717
471, 0.185775, -0.084969, -0.373040,0.356965, -0.102100, -0.039249, 0.927691
472, 0.185811, -0.084506, -0.372492,0.352531, -0.101119, -0.038362, 0.929530
473, 0.185881, -0.083976, -0.371924,0.348210, -0.100028, -0.037426, 0.931313
474, 0.185975, -0.083397, -0.371302,0.343919, -0.099026, -0.036588, 0.933046
475, 0.186123, -0.082742, -0.370651,0.339220, -0.098192, -0.035697, 0.934887
476, 0.186312, -0.082038, -0.369962,0.334403, -0.097474, -0.034784, 0.936730
477, 0.186555, -0.081268, -0.369279,0.329589, -0.096511, -0.033775, 0.938571
478, 0.186684, -0.080864, -0.368935,0.327295, -0.095867, -0.033241, 0.939459
479, 0.186819, -0.080444, -0.368596,0.325069, -0.095114, -0.032707, 0.940327
480, 0.187082, -0.079583, -0.367956,0.321068, -0.093495, -0.031807, 0.941893
481, 0.187349, -0.078657, -0.367385,0.317349, -0.091772, -0.030796, 0.943355
482, 0.187591, -0.077686, -0.366890,0.314260, -0.090028, -0.029882, 0.944586
483, 0.187805, -0.076688, -0.366473,0.311835, -0.088142, -0.028891, 0.945598
484, 0.187985, -0.075663, -0.366116,0.309507, -0.086252, -0.028074, 0.946561
485, 0.188154, -0.074603, -0.365834,0.306956, -0.084483, -0.027341, 0.947572
486, 0.188309, -0.073407, -0.365542,0.303274, -0.082708, -0.025985, 0.948952
487, 0.188384, -0.072702, -0.365356,0.299887, -0.081717, -0.024741, 0.950146
488, 0.188453, -0.071964, -0.365175,0.295326, -0.080983, -0.024034, 0.951655
489, 0.188515, -0.071219, -0.365017,0.290062, -0.080389, -0.023864, 0.953327
490, 0.188558, -0.070460, -0.364855,0.284832, -0.079766, -0.023792, 0.954957
491, 0.188659, -0.065402, -0.363886,0.261918, -0.073006, -0.019265, 0.962132
492, 0.188659, -0.064512, -0.363735,0.256630, -0.072421, -0.018966, 0.963606
493, 0.188775, -0.060424, -0.363215,0.233330, -0.070130, -0.016665, 0.969722
494, 0.188855, -0.059690, -0.363168,0.228843, -0.069677, -0.015951, 0.970836
495, 0.189070, -0.058320, -0.363101,0.218737, -0.069082, -0.015195, 0.973217
496, 0.189200, -0.057684, -0.363065,0.213338, -0.068924, -0.014976, 0.974429
497, 0.189346, -0.057085, -0.363029,0.208076, -0.068792, -0.014775, 0.975579
498, 0.189692, -0.055982, -0.362944,0.198384, -0.068741, -0.014174, 0.977608
499, 0.190116, -0.054928, -0.362830,0.188776, -0.069016, -0.013203, 0.979503
500, 0.190600, -0.053903, -0.362690,0.178368, -0.069625, -0.012423, 0.981419
501, 0.191103, -0.052881, -0.362496,0.167716, -0.070012, -0.011784, 0.983276
502, 0.191593, -0.051868, -0.362242,0.157665, -0.070297, -0.011240, 0.984923
503, 0.191829, -0.051354, -0.362105,0.152764, -0.070495, -0.010876, 0.985685
504, 0.192262, -0.050281, -0.361796,0.142500, -0.071161, -0.010050, 0.987182
505, 0.192619, -0.049165, -0.361422,0.131944, -0.072137, -0.009389, 0.988584
506, 0.192894, -0.048009, -0.361001,0.121622, -0.073029, -0.008767, 0.989847
507, 0.193088, -0.046789, -0.360536,0.111389, -0.073650, -0.007968, 0.991012
508, 0.193159, -0.046152, -0.360294,0.106110, -0.073880, -0.007522, 0.991577
509, 0.193211, -0.045526, -0.360050,0.100957, -0.074199, -0.007281, 0.992093
510, 0.193254, -0.044226, -0.359510,0.090527, -0.074606, -0.006585, 0.993074
511, 0.193251, -0.043554, -0.359206,0.085239, -0.074782, -0.006200, 0.993531
512, 0.193238, -0.042897, -0.358899,0.080106, -0.075100, -0.005981, 0.993935
513, 0.193190, -0.041555, -0.358260,0.069661, -0.075574, -0.005076, 0.994691
514, 0.193106, -0.040235, -0.357578,0.059371, -0.076177, -0.004294, 0.995316
515, 0.193006, -0.038923, -0.356862,0.048861, -0.076782, -0.003566, 0.995844
516, 0.192913, -0.037662, -0.356142,0.038229, -0.077549, -0.002909, 0.996251
517, 0.192856, -0.036427, -0.355472,0.027574, -0.078174, -0.001990, 0.996556
518, 0.192833, -0.035235, -0.354832,0.017193, -0.078728, -0.001207, 0.996747
519, 0.192839, -0.034642, -0.354538,0.011919, -0.078853, -0.000701, 0.996815
520, 0.192856, -0.034061, -0.354252,0.006700, -0.079042, -0.000348, 0.996849
521, 0.192922, -0.032907, -0.353703,-0.003889, -0.079433, 0.000330, 0.996833
522, 0.192975, -0.032321, -0.353453,-0.009294, -0.079506, 0.000859, 0.996791
523, 0.193111, -0.031151, -0.352980,-0.019905, -0.079746, 0.001762, 0.996615
524, 0.193276, -0.029969, -0.352544,-0.030340, -0.079960, 0.002634, 0.996333
525, 0.193364, -0.029369, -0.352326,-0.035499, -0.080104, 0.002984, 0.996150
526, 0.193545, -0.028132, -0.351893,-0.046036, -0.080447, 0.003734, 0.995688
527, 0.193635, -0.027495, -0.351680,-0.051377, -0.080573, 0.004273, 0.995415
528, 0.193801, -0.026220, -0.351222,-0.061816, -0.081090, 0.005245, 0.994774
529, 0.193876, -0.025597, -0.350978,-0.066889, -0.081541, 0.005599, 0.994407
530, 0.193944, -0.024953, -0.350731,-0.072156, -0.081838, 0.006205, 0.994011
531, 0.194059, -0.023690, -0.350213,-0.082671, -0.082612, 0.007244, 0.993120
532, 0.194145, -0.022460, -0.349699,-0.093295, -0.083314, 0.008282, 0.992112
533, 0.194194, -0.021272, -0.349190,-0.103873, -0.084058, 0.009090, 0.990990
534, 0.194203, -0.020132, -0.348731,-0.114121, -0.084672, 0.010052, 0.989801
535, 0.194174, -0.019036, -0.348316,-0.124305, -0.085302, 0.011104, 0.988508
536, 0.194116, -0.017988, -0.347957,-0.134785, -0.086147, 0.012070, 0.987049
537, 0.194025, -0.016956, -0.347621,-0.145331, -0.087061, 0.013085, 0.985458
538, 0.193938, -0.015981, -0.347332,-0.155629, -0.088239, 0.014053, 0.983766
539, 0.193866, -0.015001, -0.347095,-0.165777, -0.089307, 0.015273, 0.981992
540, 0.193834, -0.014042, -0.346925,-0.175972, -0.090296, 0.016482, 0.980107
541, 0.193835, -0.013558, -0.346870,-0.181153, -0.090706, 0.017024, 0.979115
542, 0.193873, -0.012578, -0.346823,-0.191564, -0.091259, 0.017957, 0.977063
543, 0.193959, -0.011554, -0.346904,-0.201821, -0.091262, 0.018994, 0.974976
544, 0.194028, -0.011026, -0.347005,-0.206874, -0.091184, 0.019417, 0.973916
545, 0.194301, -0.009472, -0.347578,-0.218090, -0.091292, 0.019355, 0.971457
546, 0.194488, -0.008313, -0.348319,-0.218217, -0.090028, 0.019096, 0.971551
547, 0.194708, -0.006997, -0.349397,-0.213260, -0.087041, 0.018730, 0.972930
548, 0.194924, -0.005438, -0.350665,-0.208081, -0.083293, 0.017782, 0.974396
549, 0.195129, -0.003700, -0.351964,-0.203872, -0.079565, 0.016219, 0.975624
550, 0.195298, -0.001921, -0.353061,-0.198579, -0.076061, 0.014853, 0.977016
551, 0.195437, 0.000567, -0.354298,-0.187814, -0.072257, 0.013768, 0.979446
552, 0.195413, 0.002653, -0.355208,-0.176081, -0.069847, 0.012942, 0.981809
553, 0.195279, 0.004077, -0.356022,-0.164302, -0.067601, 0.011457, 0.984024
554, 0.195068, 0.004706, -0.356923,-0.151001, -0.065412, 0.010005, 0.986316
555, 0.194828, 0.004606, -0.357982,-0.137027, -0.063296, 0.008936, 0.988503
556, 0.194569, 0.003946, -0.359088,-0.122467, -0.061084, 0.007439, 0.990563
557, 0.194338, 0.002993, -0.360112,-0.108014, -0.058917, 0.006001, 0.992384
558, 0.194089, 0.001741, -0.361166,-0.088202, -0.057966, 0.004486, 0.994404
559, 0.194001, 0.000998, -0.361928,-0.068148, -0.059021, 0.003437, 0.995922
560, 0.194067, 0.000856, -0.362402,-0.052674, -0.060308, 0.002615, 0.996786
561, 0.194217, 0.000987, -0.362871,-0.037352, -0.061755, 0.001991, 0.997390
562, 0.194314, 0.001118, -0.363178,-0.026961, -0.062947, 0.001482, 0.997652
563, 0.194386, 0.001234, -0.363490,-0.016580, -0.064143, 0.000988, 0.997803
564, 0.194420, 0.001253, -0.363821,-0.006138, -0.065395, 0.000410, 0.997840
565, 0.194406, 0.001145, -0.364167,0.004237, -0.066556, -0.000189, 0.997774
566, 0.194332, 0.000855, -0.364535,0.014628, -0.067754, -0.000904, 0.997594
567, 0.194203, 0.000381, -0.364923,0.024959, -0.068825, -0.001593, 0.997315
568, 0.194021, -0.000300, -0.365345,0.035357, -0.069832, -0.002359, 0.996929
569, 0.193804, -0.001147, -0.365802,0.045618, -0.070541, -0.003169, 0.996460
570, 0.193535, -0.002156, -0.366263,0.056028, -0.071183, -0.004144, 0.995880
571, 0.193394, -0.002692, -0.366498,0.061113, -0.071405, -0.004487, 0.995563
572, 0.193084, -0.003861, -0.366920,0.071550, -0.072489, -0.005682, 0.994783
573, 0.192772, -0.005070, -0.367267,0.081678, -0.074089, -0.006529, 0.993880
574, 0.192617, -0.005706, -0.367410,0.086733, -0.075362, -0.007161, 0.993351
575, 0.192473, -0.006333, -0.367536,0.091563, -0.076721, -0.007621, 0.992810
576, 0.192198, -0.007575, -0.367704,0.101058, -0.080148, -0.008706, 0.991609
577, 0.192066, -0.008199, -0.367753,0.105760, -0.082349, -0.009502, 0.990931
578, 0.191958, -0.008801, -0.367799,0.110149, -0.084650, -0.010103, 0.990252
579, 0.191856, -0.009396, -0.367814,0.114470, -0.087322, -0.010895, 0.989521
580, 0.191795, -0.009948, -0.367821,0.118339, -0.089997, -0.011429, 0.988820
581, 0.191737, -0.010502, -0.367778,0.122315, -0.093121, -0.012363, 0.988036
582, 0.191540, -0.011308, -0.367582,0.129485, -0.098565, -0.016165, 0.986538
583, 0.191627, -0.012256, -0.367408,0.139109, -0.104821, -0.014961, 0.984600
584, 0.191705, -0.012696, -0.367240,0.143354, -0.108385, -0.015254, 0.983600
585, 0.191808, -0.013093, -0.367014,0.146445, -0.111768, -0.015930, 0.982755
586, 0.191909, -0.013474, -0.366720,0.148956, -0.115054, -0.017266, 0.981976
587, 0.192008, -0.013907, -0.366387,0.152124, -0.118426, -0.019342, 0.981050
588, 0.192108, -0.014248, -0.366000,0.155409, -0.120954, -0.020270, 0.980208
589, 0.192169, -0.014593, -0.365556,0.159817, -0.123861, -0.021437, 0.979111
590, 0.192332, -0.014802, -0.365214,0.162902, -0.125859, -0.020667, 0.978364
591, 0.192329, -0.015097, -0.364774,0.166495, -0.129386, -0.021734, 0.977275
592, 0.192261, -0.015372, -0.364299,0.168881, -0.133332, -0.022649, 0.976314
593, 0.192119, -0.015660, -0.363802,0.170551, -0.137787, -0.023925, 0.975374
594, 0.191921, -0.015947, -0.363295,0.171685, -0.142449, -0.025073, 0.974476
595, 0.191668, -0.016243, -0.362792,0.172811, -0.147103, -0.026045, 0.973560
596, 0.191320, -0.016584, -0.362266,0.174542, -0.151873, -0.027165, 0.972487
597, 0.190920, -0.016945, -0.361744,0.176445, -0.156383, -0.027967, 0.971406
598, 0.190464, -0.017337, -0.361230,0.178381, -0.160762, -0.028814, 0.970312
599, 0.189952, -0.017753, -0.360729,0.180025, -0.165084, -0.029795, 0.969253
600, 0.189370, -0.018188, -0.360226,0.181206, -0.169466, -0.030964, 0.968239
601, 0.188744, -0.018629, -0.359742,0.181846, -0.173836, -0.032162, 0.967305
602, 0.188070, -0.019081, -0.359276,0.182238, -0.178268, -0.033429, 0.966381
603, 0.187350, -0.019537, -0.358831,0.182613, -0.182746, -0.034642, 0.965431
604, 0.186576, -0.020003, -0.358400,0.183248, -0.187347, -0.035870, 0.964383
605, 0.185788, -0.020451, -0.357999,0.183889, -0.191845, -0.036791, 0.963342
606, 0.184979, -0.020892, -0.357619,0.184638, -0.196340, -0.037711, 0.962256
607, 0.184156, -0.021318, -0.357259,0.185366, -0.200803, -0.038673, 0.961157
608, 0.183312, -0.021720, -0.356902,0.185972, -0.205257, -0.039737, 0.960055
609, 0.182483, -0.022088, -0.356566,0.186307, -0.209567, -0.040790, 0.959014
610, 0.181666, -0.022422, -0.356243,0.186527, -0.213804, -0.041934, 0.957986
611, 0.180865, -0.022716, -0.355933,0.186705, -0.217965, -0.043053, 0.956964
612, 0.180066, -0.022975, -0.355625,0.187002, -0.222167, -0.044178, 0.955887
613, 0.179305, -0.023185, -0.355340,0.187234, -0.226289, -0.045070, 0.954833
614, 0.178576, -0.023357, -0.355074,0.187507, -0.230431, -0.045922, 0.953747
615, 0.177878, -0.023490, -0.354823,0.187738, -0.234587, -0.046735, 0.952649
616, 0.177195, -0.023589, -0.354576,0.187953, -0.238830, -0.047631, 0.951507
617, 0.176562, -0.023649, -0.354351,0.187974, -0.242973, -0.048437, 0.950412
618, 0.175969, -0.023683, -0.354142,0.187954, -0.247047, -0.049284, 0.949322
619, 0.175417, -0.023691, -0.353948,0.187911, -0.251002, -0.050109, 0.948249
620, 0.174887, -0.023685, -0.353761,0.187971, -0.254941, -0.051013, 0.947137
621, 0.174410, -0.023664, -0.353602,0.188012, -0.258753, -0.051835, 0.946051
622, 0.173981, -0.023637, -0.353471,0.188145, -0.262471, -0.052658, 0.944954
623, 0.173608, -0.023590, -0.353366,0.188178, -0.265941, -0.053247, 0.943944
624, 0.173252, -0.023546, -0.353278,0.188429, -0.269344, -0.053941, 0.942889
625, 0.172986, -0.023476, -0.353234,0.188376, -0.272146, -0.054205, 0.942079
626, 0.172547, -0.023364, -0.353206,0.188919, -0.276560, -0.055114, 0.940631
627, 0.172179, -0.023217, -0.353388,0.190641, -0.278561, -0.055946, 0.939643
628, 0.172131, -0.023174, -0.353529,0.191475, -0.277876, -0.055948, 0.939677
629, 0.172127, -0.023135, -0.353728,0.192517, -0.276385, -0.055779, 0.939913
630, 0.172108, -0.023077, -0.353948,0.193683, -0.274148, -0.055395, 0.940352
631, 0.172107, -0.023016, -0.354218,0.195020, -0.271073, -0.054930, 0.940994
632, 0.172039, -0.022957, -0.354500,0.196639, -0.267580, -0.054697, 0.941670
633, 0.171909, -0.022888, -0.354798,0.198256, -0.263836, -0.054595, 0.942393
634, 0.171727, -0.022805, -0.355120,0.199687, -0.260072, -0.054553, 0.943139
635, 0.171513, -0.022698, -0.355478,0.200750, -0.256445, -0.054358, 0.943918
636, 0.171230, -0.022575, -0.355848,0.201686, -0.253258, -0.054164, 0.944590
637, 0.170951, -0.022424, -0.356255,0.202287, -0.250197, -0.053572, 0.945310
638, 0.170622, -0.022267, -0.356660,0.202962, -0.247432, -0.052980, 0.945927
639, 0.170328, -0.022088, -0.357103,0.203407, -0.244443, -0.052007, 0.946662
640, 0.170000, -0.021922, -0.357550,0.204106, -0.241419, -0.051265, 0.947328
641, 0.169693, -0.021750, -0.358009,0.204647, -0.237980, -0.050412, 0.948126
642, 0.169379, -0.021581, -0.358446,0.205054, -0.234271, -0.049726, 0.948998
643, 0.169126, -0.021417, -0.358894,0.205059, -0.230192, -0.049004, 0.950032
644, 0.168892, -0.021288, -0.359341,0.205056, -0.226153, -0.048579, 0.951024
645, 0.168711, -0.021163, -0.359795,0.204733, -0.222063, -0.047857, 0.952094
646, 0.168522, -0.021089, -0.360226,0.204759, -0.218414, -0.047421, 0.952954
647, 0.168424, -0.021009, -0.360678,0.204408, -0.214733, -0.046349, 0.953918
648, 0.168358, -0.020961, -0.361143,0.204197, -0.211354, -0.045318, 0.954767
649, 0.168349, -0.020929, -0.361632,0.203841, -0.208044, -0.044092, 0.955627
650, 0.168374, -0.020929, -0.362138,0.203511, -0.204787, -0.043024, 0.956449
651, 0.168450, -0.020952, -0.362663,0.203036, -0.201386, -0.042030, 0.957316
652, 0.168578, -0.021000, -0.363211,0.202468, -0.197781, -0.041191, 0.958224
653, 0.168774, -0.021050, -0.363791,0.201659, -0.193849, -0.040243, 0.959238
654, 0.169004, -0.021126, -0.364386,0.200977, -0.189820, -0.039488, 0.960217
655, 0.169282, -0.021216, -0.364993,0.200366, -0.185683, -0.038710, 0.961185
656, 0.169603, -0.021313, -0.365607,0.199787, -0.181498, -0.037812, 0.962140
657, 0.169977, -0.021406, -0.366236,0.199145, -0.177288, -0.036715, 0.963100
658, 0.170368, -0.021516, -0.366868,0.198684, -0.173288, -0.035776, 0.963958
659, 0.170785, -0.021613, -0.367497,0.198067, -0.169336, -0.034679, 0.964828
660, 0.171222, -0.021703, -0.368127,0.197394, -0.165457, -0.033636, 0.965675
661, 0.171688, -0.021777, -0.368774,0.196607, -0.161507, -0.032547, 0.966541
662, 0.172152, -0.021844, -0.369416,0.195963, -0.157542, -0.031631, 0.967356
663, 0.172619, -0.021888, -0.370053,0.195392, -0.153423, -0.030697, 0.968164
664, 0.173090, -0.021911, -0.370687,0.194986, -0.149148, -0.029809, 0.968941
665, 0.173572, -0.021899, -0.371330,0.194636, -0.144655, -0.028816, 0.969722
666, 0.174031, -0.021858, -0.371960,0.194500, -0.140140, -0.027943, 0.970438
667, 0.174473, -0.021776, -0.372575,0.194407, -0.135573, -0.027014, 0.971131
668, 0.174895, -0.021649, -0.373175,0.194304, -0.130989, -0.026045, 0.971807
669, 0.175302, -0.021473, -0.373768,0.194113, -0.126348, -0.024975, 0.972488
670, 0.175663, -0.021261, -0.374329,0.194009, -0.121786, -0.024026, 0.973114
671, 0.175971, -0.021013, -0.374843,0.193979, -0.117304, -0.023156, 0.973692
672, 0.176267, -0.020716, -0.375352,0.193878, -0.112657, -0.022124, 0.974284
673, 0.176511, -0.020387, -0.375824,0.193955, -0.108020, -0.021192, 0.974815
674, 0.176724, -0.020009, -0.376277,0.194003, -0.103198, -0.020059, 0.975352
675, 0.176871, -0.019613, -0.376684,0.194260, -0.098450, -0.019163, 0.975809
676, 0.177085, -0.018711, -0.377460,0.194125, -0.088478, -0.016929, 0.976832
677, 0.177138, -0.018232, -0.377821,0.193744, -0.083421, -0.015825, 0.977371
678, 0.177130, -0.017770, -0.378148,0.193423, -0.078545, -0.015036, 0.977851
679, 0.177114, -0.017287, -0.378486,0.192783, -0.073462, -0.013892, 0.978389
680, 0.177058, -0.016826, -0.378808,0.192241, -0.068471, -0.012922, 0.978871
681, 0.176989, -0.016374, -0.379139,0.191574, -0.063384, -0.011765, 0.979359
682, 0.176877, -0.015970, -0.379450,0.191093, -0.058492, -0.010907, 0.979767
683, 0.176775, -0.015577, -0.379792,0.190309, -0.053420, -0.009712, 0.980222
684, 0.176655, -0.015237, -0.380144,0.189572, -0.048470, -0.008785, 0.980630
685, 0.176542, -0.014920, -0.380522,0.188553, -0.043396, -0.007657, 0.981074
686, 0.176406, -0.014662, -0.380889,0.187577, -0.038506, -0.006853, 0.981471
687, 0.176295, -0.014428, -0.381301,0.186281, -0.033466, -0.005790, 0.981909
688, 0.176181, -0.014249, -0.381725,0.184969, -0.028526, -0.004912, 0.982318
689, 0.176084, -0.014104, -0.382176,0.183464, -0.023537, -0.003890, 0.982737
690, 0.175977, -0.014027, -0.382616,0.182100, -0.018775, -0.003193, 0.983095
691, 0.175903, -0.013975, -0.383092,0.180525, -0.013871, -0.002188, 0.983470
692, 0.175836, -0.013977, -0.383570,0.179105, -0.009095, -0.001388, 0.983787
693, 0.175794, -0.013999, -0.384071,0.177602, -0.004207, -0.000389, 0.984093
694, 0.175750, -0.014070, -0.384553,0.176334, 0.000494, 0.000274, 0.984330
695, 0.175742, -0.014135, -0.385058,0.174825, 0.005391, 0.001279, 0.984584
696, 0.175741, -0.014228, -0.385557,0.173384, 0.010177, 0.002032, 0.984800
697, 0.175756, -0.014328, -0.386046,0.171848, 0.014940, 0.002805, 0.985006
698, 0.175786, -0.014434, -0.386524,0.170294, 0.019654, 0.003528, 0.985191
699, 0.175837, -0.014528, -0.387000,0.168625, 0.024453, 0.004404, 0.985367
700, 0.175890, -0.014628, -0.387443,0.167062, 0.029113, 0.005088, 0.985503
701, 0.175960, -0.014709, -0.387878,0.165380, 0.033852, 0.005930, 0.985631
702, 0.176020, -0.014802, -0.388261,0.163845, 0.038350, 0.006464, 0.985719
703, 0.176099, -0.014869, -0.388642,0.162112, 0.042962, 0.007288, 0.985810
704, 0.176171, -0.014940, -0.388985,0.160444, 0.047405, 0.007918, 0.985874
705, 0.176238, -0.015002, -0.389304,0.158754, 0.051755, 0.008552, 0.985924
706, 0.176301, -0.015057, -0.389609,0.157073, 0.056054, 0.009172, 0.985952
707, 0.176365, -0.015093, -0.389916,0.155331, 0.060420, 0.009909, 0.985963
708, 0.176410, -0.015128, -0.390195,0.153636, 0.064664, 0.010453, 0.985954
709, 0.176441, -0.015156, -0.390467,0.151865, 0.068837, 0.010950, 0.985940
710, 0.176459, -0.015177, -0.390740,0.150032, 0.072968, 0.011424, 0.985919
711, 0.176474, -0.015188, -0.391028,0.148143, 0.077183, 0.012000, 0.985876
712, 0.176473, -0.015205, -0.391294,0.146435, 0.081305, 0.012415, 0.985795
713, 0.176463, -0.015216, -0.391546,0.144842, 0.085452, 0.012870, 0.985674
714, 0.176447, -0.015226, -0.391776,0.143382, 0.089609, 0.013320, 0.985512
715, 0.176439, -0.015232, -0.391990,0.141948, 0.093875, 0.013869, 0.985315
716, 0.176424, -0.015263, -0.392130,0.140752, 0.097926, 0.014142, 0.985089
717, 0.176890, -0.016226, -0.391230,0.138920, 0.117595, 0.014076, 0.983196
718, 0.177061, -0.016488, -0.390929,0.139333, 0.114922, 0.013755, 0.983458
719, 0.177293, -0.016777, -0.390618,0.140049, 0.111108, 0.013700, 0.983796
720, 0.177597, -0.017104, -0.390284,0.141208, 0.106533, 0.013791, 0.984135
721, 0.178001, -0.017448, -0.389962,0.142692, 0.101965, 0.014189, 0.984399
722, 0.178497, -0.017817, -0.389622,0.144529, 0.097788, 0.014488, 0.984550
723, 0.179073, -0.018203, -0.389246,0.146558, 0.094274, 0.014550, 0.984592
724, 0.179711, -0.018612, -0.388813,0.148687, 0.091411, 0.014205, 0.984548
725, 0.180404, -0.019028, -0.388343,0.150638, 0.089163, 0.013720, 0.984464
726, 0.181124, -0.019453, -0.387837,0.152395, 0.087105, 0.013075, 0.984387
727, 0.181850, -0.019881, -0.387296,0.153982, 0.084863, 0.012458, 0.984344
728, 0.182553, -0.020320, -0.386704,0.155629, 0.082042, 0.011864, 0.984331
729, 0.183232, -0.020746, -0.386114,0.157234, 0.078763, 0.011711, 0.984346
730, 0.183847, -0.021193, -0.385480,0.159166, 0.074717, 0.011428, 0.984354
731, 0.184409, -0.021630, -0.384835,0.161168, 0.070373, 0.011427, 0.984349
732, 0.184899, -0.022076, -0.384156,0.163320, 0.065830, 0.011261, 0.984310
733, 0.185327, -0.022514, -0.383469,0.165305, 0.061464, 0.011099, 0.984263
734, 0.185691, -0.022946, -0.382792,0.166974, 0.057454, 0.010798, 0.984227
735, 0.185966, -0.023396, -0.382076,0.168512, 0.053604, 0.010016, 0.984190
736, 0.186169, -0.023850, -0.381337,0.169886, 0.050023, 0.009127, 0.984151
737, 0.186313, -0.024299, -0.380604,0.171192, 0.046684, 0.008308, 0.984096
738, 0.186390, -0.024751, -0.379865,0.172615, 0.043339, 0.007520, 0.984007
739, 0.186401, -0.025205, -0.379117,0.174183, 0.039839, 0.006823, 0.983883
740, 0.186345, -0.025671, -0.378342,0.175914, 0.036027, 0.006104, 0.983727
741, 0.186252, -0.026119, -0.377585,0.177451, 0.032147, 0.005703, 0.983588
742, 0.186096, -0.026584, -0.376791,0.178979, 0.027948, 0.005020, 0.983443
743, 0.185910, -0.027042, -0.375991,0.180203, 0.023710, 0.004423, 0.983334
744, 0.185688, -0.027513, -0.375171,0.181356, 0.019380, 0.003548, 0.983220
745, 0.185465, -0.027959, -0.374376,0.182247, 0.015286, 0.002883, 0.983130
746, 0.185215, -0.028421, -0.373563,0.183404, 0.011134, 0.001828, 0.982973
747, 0.184974, -0.028862, -0.372753,0.184600, 0.007176, 0.000989, 0.982787
748, 0.184748, -0.029284, -0.371965,0.185839, 0.003370, 0.000264, 0.982574
749, 0.184516, -0.029718, -0.371146,0.187318, -0.000650, -0.000754, 0.982299
750, 0.184297, -0.030137, -0.370296,0.188711, -0.004781, -0.001663, 0.982020
751, 0.184104, -0.030534, -0.369439,0.189915, -0.009017, -0.002460, 0.981756
752, 0.183921, -0.030924, -0.368551,0.191075, -0.013521, -0.003383, 0.981476
753, 0.183774, -0.031279, -0.367672,0.191955, -0.018009, -0.004014, 0.981230
754, 0.183623, -0.031647, -0.366764,0.193050, -0.022749, -0.005025, 0.980912
755, 0.183497, -0.031980, -0.365892,0.194075, -0.027227, -0.005888, 0.980591
756, 0.183373, -0.032321, -0.364964,0.195233, -0.031959, -0.006882, 0.980212
757, 0.183282, -0.032641, -0.364023,0.196193, -0.036743, -0.007601, 0.979847
758, 0.183183, -0.032958, -0.363120,0.197281, -0.041465, -0.008702, 0.979431
759, 0.183096, -0.033251, -0.362234,0.198145, -0.046148, -0.009629, 0.979038
760, 0.183002, -0.033542, -0.361361,0.199004, -0.050972, -0.010746, 0.978613
761, 0.182928, -0.033805, -0.360539,0.199626, -0.055732, -0.011622, 0.978217
762, 0.182829, -0.034071, -0.359767,0.200491, -0.060482, -0.012838, 0.977742
763, 0.182731, -0.034331, -0.358953,0.201266, -0.065638, -0.013760, 0.977238
764, 0.182626, -0.034574, -0.358219,0.202121, -0.070574, -0.014747, 0.976703
765, 0.182506, -0.034807, -0.357521,0.202976, -0.075513, -0.015747, 0.976141
766, 0.182359, -0.035031, -0.356835,0.203783, -0.080494, -0.016830, 0.975556
767, 0.182207, -0.035236, -0.356180,0.204318, -0.085374, -0.017800, 0.975012
768, 0.182049, -0.035428, -0.355564,0.204644, -0.090164, -0.018779, 0.974494
769, 0.181847, -0.035629, -0.354939,0.205016, -0.095063, -0.020023, 0.973925
770, 0.181633, -0.035823, -0.354326,0.205300, -0.099880, -0.021162, 0.973359
771, 0.181384, -0.036020, -0.353705,0.205668, -0.104753, -0.022366, 0.972742
772, 0.181138, -0.036197, -0.353111,0.205889, -0.109498, -0.023285, 0.972151
773, 0.180844, -0.036391, -0.352502,0.206307, -0.114435, -0.024450, 0.971465
774, 0.180537, -0.036573, -0.351900,0.206555, -0.119345, -0.025427, 0.970796
775, 0.180195, -0.036759, -0.351293,0.206778, -0.124378, -0.026541, 0.970087
776, 0.179855, -0.036929, -0.350719,0.206712, -0.129302, -0.027454, 0.969432
777, 0.179470, -0.037104, -0.350143,0.206660, -0.134351, -0.028580, 0.968723
778, 0.179079, -0.037266, -0.349594,0.206401, -0.139315, -0.029592, 0.968047
779, 0.178662, -0.037441, -0.349066,0.206251, -0.144363, -0.030826, 0.967300
780, 0.178263, -0.037599, -0.348596,0.205970, -0.149222, -0.031822, 0.966590
781, 0.177832, -0.037765, -0.348151,0.205950, -0.154192, -0.033030, 0.965773
782, 0.177414, -0.037911, -0.347765,0.205886, -0.159057, -0.034057, 0.964962
783, 0.176988, -0.038051, -0.347426,0.205910, -0.163990, -0.035178, 0.964091
784, 0.176599, -0.038159, -0.347166,0.205731, -0.168762, -0.036086, 0.963272
785, 0.176195, -0.038257, -0.346951,0.205645, -0.173697, -0.037241, 0.962368
786, 0.175827, -0.038319, -0.346826,0.205384, -0.178548, -0.038279, 0.961495
787, 0.175472, -0.038356, -0.346787,0.205166, -0.183506, -0.039445, 0.960560
788, 0.175177, -0.038351, -0.346870,0.204851, -0.188303, -0.040437, 0.959658
789, 0.174883, -0.038317, -0.347040,0.204756, -0.193259, -0.041593, 0.958643
790, 0.174430, -0.038097, -0.347765,0.204479, -0.202926, -0.043503, 0.956617
791, 0.174184, -0.037706, -0.348929,0.203846, -0.211801, -0.045189, 0.954749
792, 0.174188, -0.037149, -0.350634,0.202964, -0.220129, -0.046838, 0.952972
793, 0.174472, -0.036512, -0.352660,0.202935, -0.226235, -0.048167, 0.951480
794, 0.174968, -0.035816, -0.354879,0.203732, -0.230360, -0.049251, 0.950264
795, 0.175597, -0.035096, -0.357147,0.204413, -0.233393, -0.050267, 0.949324
796, 0.176266, -0.034380, -0.359324,0.204617, -0.236257, -0.051261, 0.948518
797, 0.176880, -0.033743, -0.361195,0.204883, -0.239253, -0.052124, 0.947662
798, 0.177497, -0.033181, -0.362871,0.205414, -0.242384, -0.052668, 0.946721
799, 0.178036, -0.032776, -0.364184,0.206249, -0.244871, -0.053125, 0.945874
800, 0.178528, -0.032465, -0.365375,0.207320, -0.246457, -0.053526, 0.945205
801, 0.178884, -0.032267, -0.366418,0.208575, -0.247160, -0.054096, 0.944713
802, 0.179146, -0.032125, -0.367583,0.209863, -0.247374, -0.054506, 0.944348
803, 0.179238, -0.032082, -0.368173,0.210513, -0.247314, -0.054622, 0.944212
804, 0.179324, -0.032041, -0.368837,0.211140, -0.247039, -0.054590, 0.944146
805, 0.179398, -0.032011, -0.369547,0.211822, -0.246525, -0.054563, 0.944129
806, 0.179471, -0.031989, -0.370295,0.212505, -0.245673, -0.054505, 0.944201
807, 0.179551, -0.031968, -0.371073,0.213119, -0.244397, -0.054359, 0.944402
808, 0.179662, -0.031946, -0.371903,0.213618, -0.242655, -0.054064, 0.944756
809, 0.179772, -0.031939, -0.372769,0.214286, -0.240581, -0.053869, 0.945146
810, 0.179898, -0.031935, -0.373643,0.214926, -0.238076, -0.053519, 0.945654
811, 0.180043, -0.031944, -0.374522,0.215673, -0.235186, -0.053147, 0.946228
812, 0.180225, -0.031960, -0.375451,0.216488, -0.231713, -0.052591, 0.946930
813, 0.180397, -0.031974, -0.376269,0.217228, -0.228314, -0.051945, 0.947622
814, 0.180484, -0.032026, -0.377012,0.218421, -0.224934, -0.051792, 0.948164
815, 0.180720, -0.032034, -0.377786,0.218726, -0.220907, -0.050663, 0.949101
816, 0.180882, -0.032079, -0.378545,0.219586, -0.217233, -0.050101, 0.949780
817, 0.180997, -0.032123, -0.379251,0.220508, -0.213721, -0.049460, 0.950396
818, 0.181086, -0.032169, -0.379913,0.221525, -0.210229, -0.048874, 0.950969
819, 0.181191, -0.032196, -0.380556,0.222339, -0.206616, -0.048096, 0.951610
820, 0.181271, -0.032215, -0.381166,0.223199, -0.203046, -0.047429, 0.952211
821, 0.181350, -0.032220, -0.381752,0.224023, -0.199382, -0.046671, 0.952829
822, 0.181373, -0.032226, -0.382274,0.225074, -0.195804, -0.046130, 0.953349
823, 0.181428, -0.032203, -0.382781,0.225883, -0.191964, -0.045256, 0.953980
824, 0.181476, -0.032174, -0.383274,0.226816, -0.188047, -0.044470, 0.954576
825, 0.181509, -0.032131, -0.383742,0.227768, -0.184051, -0.043596, 0.955168
826, 0.181502, -0.032081, -0.384166,0.228808, -0.180073, -0.042817, 0.955713
827, 0.181513, -0.032011, -0.384588,0.229620, -0.175924, -0.041848, 0.956334
828, 0.181503, -0.031941, -0.384998,0.230439, -0.171829, -0.041040, 0.956916
829, 0.181482, -0.031862, -0.385398,0.231129, -0.167742, -0.040183, 0.957511
830, 0.181438, -0.031778, -0.385779,0.231757, -0.163718, -0.039339, 0.958091
831, 0.181412, -0.031679, -0.386185,0.232199, -0.159604, -0.038278, 0.958720
832, 0.181379, -0.031583, -0.386612,0.232670, -0.155461, -0.037207, 0.959329
833, 0.181310, -0.031499, -0.387024,0.233265, -0.151383, -0.036283, 0.959872
834, 0.181267, -0.031408, -0.387460,0.233658, -0.147047, -0.035116, 0.960494
835, 0.181212, -0.031324, -0.387892,0.233931, -0.142588, -0.033965, 0.961141
836, 0.181182, -0.031234, -0.388343,0.233836, -0.137870, -0.032617, 0.961899
837, 0.181096, -0.031207, -0.388750,0.234024, -0.133410, -0.031980, 0.962503
838, 0.181039, -0.031166, -0.389139,0.233703, -0.128721, -0.030883, 0.963255
839, 0.181003, -0.031129, -0.389510,0.233156, -0.123890, -0.029621, 0.964060
840, 0.180952, -0.031129, -0.389822,0.232652, -0.119183, -0.028460, 0.964810
841, 0.180913, -0.031152, -0.390083,0.231975, -0.114399, -0.027066, 0.965592
842, 0.180485, -0.031893, -0.390249,0.226227, -0.091710, -0.020797, 0.969525
843, 0.180095, -0.032476, -0.389853,0.222864, -0.083319, -0.018443, 0.971107
844, 0.179544, -0.033181, -0.389280,0.219298, -0.074813, -0.015961, 0.972654
845, 0.178801, -0.033985, -0.388562,0.215383, -0.066080, -0.013693, 0.974195
846, 0.178262, -0.034498, -0.388081,0.213183, -0.061259, -0.012972, 0.975004
847, 0.176853, -0.035648, -0.386885,0.206283, -0.048497, -0.009778, 0.977241
848, 0.175745, -0.036413, -0.385940,0.201468, -0.039794, -0.007956, 0.978654
849, 0.174661, -0.037077, -0.384996,0.196300, -0.031122, -0.006146, 0.980031
850, 0.173657, -0.037633, -0.384096,0.190990, -0.022719, -0.004482, 0.981319
851, 0.172832, -0.038072, -0.383316,0.185753, -0.014322, -0.002883, 0.982488
852, 0.172234, -0.038403, -0.382696,0.180228, -0.005978, -0.001208, 0.983606
853, 0.171868, -0.038690, -0.382196,0.174106, 0.001762, -0.000069, 0.984725
854, 0.171791, -0.038794, -0.382014,0.170632, 0.005591, 0.000735, 0.985319
855, 0.171817, -0.038981, -0.381677,0.163286, 0.012498, 0.001687, 0.986498
856, 0.172255, -0.039159, -0.381191,0.150089, 0.018707, 0.001379, 0.988495
857, 0.172832, -0.039101, -0.380874,0.140282, 0.018700, 0.000810, 0.989935
858, 0.173195, -0.039006, -0.380708,0.135862, 0.017485, 0.000644, 0.990573
859, 0.173615, -0.038856, -0.380548,0.131854, 0.015656, 0.000633, 0.991145
860, 0.174084, -0.038634, -0.380374,0.127992, 0.013380, 0.000703, 0.991685
861, 0.174609, -0.038344, -0.380223,0.124218, 0.010972, 0.000732, 0.992194
862, 0.175154, -0.037970, -0.380032,0.120423, 0.008417, 0.000628, 0.992687
863, 0.175729, -0.037511, -0.379827,0.116524, 0.005907, 0.000404, 0.993170
864, 0.176314, -0.036962, -0.379586,0.112535, 0.003446, 0.000025, 0.993642
865, 0.176916, -0.036323, -0.379335,0.108494, 0.001082, -0.000312, 0.994096
866, 0.177499, -0.035589, -0.379026,0.104513, -0.001395, -0.000684, 0.994522
867, 0.178073, -0.034765, -0.378696,0.100604, -0.003974, -0.000984, 0.994918
868, 0.178613, -0.033847, -0.378333,0.096733, -0.006781, -0.001192, 0.995287
869, 0.181163, -0.017077, -0.374862,0.049099, -0.042910, -0.001929, 0.997870
870, 0.181104, -0.015502, -0.374684,0.045070, -0.046080, -0.001821, 0.997919
871, 0.181022, -0.013941, -0.374486,0.040866, -0.049293, -0.001714, 0.997946
872, 0.180940, -0.012423, -0.374290,0.036590, -0.052423, -0.001594, 0.997953
873, 0.180772, -0.009543, -0.373875,0.028171, -0.058261, -0.001242, 0.997903
874, 0.180694, -0.008190, -0.373652,0.024016, -0.060951, -0.001046, 0.997851
875, 0.180615, -0.006884, -0.373409,0.019741, -0.063571, -0.000853, 0.997782
876, 0.180551, -0.005650, -0.373167,0.015432, -0.066166, -0.000716, 0.997689
877, 0.180480, -0.004467, -0.372900,0.011023, -0.068785, -0.000513, 0.997570
878, 0.180413, -0.003346, -0.372617,0.006545, -0.071527, -0.000334, 0.997417
879, 0.180357, -0.002288, -0.372323,0.002060, -0.074399, -0.000154, 0.997226
880, 0.180304, -0.001280, -0.372012,-0.002373, -0.077394, 0.000136, 0.996998
881, 0.180257, -0.000331, -0.371693,-0.006642, -0.080475, 0.000518, 0.996734
882, 0.180211, 0.000578, -0.371358,-0.010853, -0.083629, 0.000997, 0.996437
883, 0.180182, 0.001438, -0.371025,-0.015057, -0.086830, 0.001473, 0.996108
884, 0.180164, 0.002263, -0.370690,-0.019298, -0.090034, 0.001939, 0.995750
885, 0.180152, 0.003063, -0.370343,-0.023544, -0.093230, 0.002369, 0.995363
886, 0.180141, 0.003852, -0.369979,-0.027801, -0.096410, 0.002782, 0.994950
887, 0.180152, 0.004643, -0.369624,-0.032209, -0.099533, 0.003165, 0.994508
888, 0.180173, 0.005401, -0.369271,-0.036493, -0.102627, 0.003619, 0.994044
889, 0.180201, 0.006166, -0.368913,-0.040712, -0.105779, 0.004073, 0.993548
890, 0.180235, 0.006956, -0.368551,-0.044921, -0.108913, 0.004623, 0.993025
891, 0.180290, 0.007764, -0.368199,-0.049110, -0.112046, 0.005226, 0.992475
892, 0.180360, 0.008604, -0.367860,-0.053311, -0.115154, 0.005908, 0.991899
893, 0.180444, 0.009480, -0.367536,-0.057528, -0.118202, 0.006649, 0.991299
894, 0.180547, 0.010386, -0.367237,-0.061696, -0.121161, 0.007387, 0.990686
895, 0.180656, 0.011355, -0.366955,-0.066018, -0.123928, 0.008233, 0.990058
896, 0.180786, 0.012359, -0.366701,-0.070380, -0.126597, 0.008979, 0.989414
897, 0.180927, 0.013405, -0.366466,-0.074793, -0.129171, 0.009662, 0.988750
898, 0.181087, 0.014467, -0.366255,-0.079006, -0.131724, 0.010219, 0.988080
899, 0.181266, 0.015544, -0.366075,-0.082879, -0.134097, 0.010840, 0.987437
900, 0.181673, 0.017685, -0.365792,-0.088825, -0.138041, 0.012371, 0.986358
901, 0.182639, 0.021591, -0.365407,-0.098744, -0.141457, 0.015708, 0.984882
902, 0.183292, 0.023389, -0.365099,-0.109022, -0.140910, 0.017495, 0.983846
903, 0.183540, 0.023619, -0.364818,-0.115470, -0.139569, 0.018459, 0.983284
904, 0.183566, 0.022906, -0.364488,-0.120920, -0.137711, 0.019127, 0.982878
905, 0.183494, 0.022184, -0.364321,-0.123423, -0.136670, 0.019275, 0.982709
906, 0.183373, 0.021236, -0.364166,-0.125922, -0.135454, 0.019394, 0.982558
907, 0.183198, 0.020060, -0.364013,-0.128200, -0.134247, 0.019303, 0.982431
908, 0.182979, 0.018687, -0.363870,-0.130358, -0.132935, 0.019163, 0.982328
909, 0.182725, 0.017132, -0.363737,-0.132309, -0.131563, 0.018964, 0.982256
910, 0.182441, 0.015419, -0.363614,-0.134056, -0.130143, 0.018757, 0.982212
911, 0.182135, 0.013572, -0.363498,-0.135620, -0.128706, 0.018559, 0.982190
912, 0.181819, 0.011618, -0.363392,-0.137109, -0.127189, 0.018446, 0.982183
913, 0.181495, 0.009576, -0.363283,-0.138508, -0.125716, 0.018290, 0.982179
914, 0.181176, 0.007484, -0.363180,-0.140080, -0.124142, 0.018237, 0.982158
915, 0.180857, 0.005352, -0.363060,-0.141628, -0.122731, 0.017989, 0.982118
916, 0.180559, 0.003221, -0.362937,-0.143481, -0.121179, 0.017882, 0.982043
917, 0.180275, 0.001087, -0.362787,-0.145269, -0.119785, 0.017616, 0.981956
918, 0.180020, -0.001019, -0.362620,-0.147195, -0.118368, 0.017475, 0.981844
919, 0.179793, -0.003096, -0.362430,-0.149013, -0.117166, 0.017239, 0.981718
920, 0.179605, -0.005108, -0.362237,-0.150940, -0.115961, 0.017189, 0.981567
921, 0.179459, -0.007056, -0.362039,-0.152792, -0.114771, 0.017241, 0.981420
922, 0.179346, -0.008939, -0.361829,-0.154428, -0.113691, 0.017266, 0.981289
923, 0.179271, -0.010734, -0.361624,-0.156037, -0.112576, 0.017368, 0.981161
924, 0.179232, -0.012448, -0.361425,-0.157559, -0.111480, 0.017414, 0.981042
925, 0.179231, -0.014076, -0.361239,-0.159098, -0.110273, 0.017505, 0.980929
926, 0.179259, -0.015636, -0.361057,-0.160496, -0.109126, 0.017455, 0.980830
927, 0.179318, -0.017114, -0.360896,-0.161920, -0.107917, 0.017415, 0.980731
928, 0.179404, -0.018516, -0.360758,-0.163298, -0.106660, 0.017357, 0.980641
929, 0.179515, -0.019848, -0.360645,-0.164607, -0.105275, 0.017369, 0.980571
930, 0.179635, -0.021130, -0.360538,-0.165635, -0.103956, 0.017279, 0.980540
931, 0.179761, -0.022355, -0.360449,-0.166565, -0.102621, 0.017221, 0.980525
932, 0.179889, -0.023529, -0.360377,-0.167443, -0.101308, 0.017170, 0.980512
933, 0.180016, -0.024667, -0.360315,-0.168296, -0.100028, 0.017147, 0.980498
934, 0.180133, -0.025787, -0.360255,-0.169052, -0.098897, 0.017059, 0.980484
935, 0.180241, -0.026889, -0.360199,-0.169809, -0.097851, 0.016985, 0.980460
936, 0.180337, -0.027984, -0.360142,-0.170469, -0.096927, 0.016870, 0.980439
937, 0.180420, -0.029080, -0.360080,-0.170976, -0.096081, 0.016777, 0.980436
938, 0.180484, -0.030186, -0.360011,-0.171258, -0.095344, 0.016675, 0.980460
939, 0.180530, -0.031306, -0.359935,-0.171358, -0.094745, 0.016581, 0.980502
940, 0.180559, -0.032439, -0.359855,-0.171375, -0.094259, 0.016536, 0.980547
941, 0.180568, -0.033610, -0.359760,-0.171129, -0.094063, 0.016392, 0.980611
942, 0.180558, -0.034809, -0.359659,-0.170740, -0.094030, 0.016291, 0.980684
943, 0.180531, -0.036027, -0.359559,-0.170204, -0.094196, 0.016204, 0.980763
944, 0.180491, -0.037263, -0.359467,-0.169518, -0.094508, 0.016146, 0.980852
945, 0.180441, -0.038521, -0.359381,-0.168549, -0.094987, 0.016069, 0.980974
946, 0.180386, -0.039792, -0.359311,-0.167342, -0.095483, 0.016042, 0.981133
947, 0.180327, -0.041067, -0.359255,-0.165888, -0.096030, 0.015996, 0.981328
948, 0.180262, -0.042335, -0.359215,-0.164217, -0.096605, 0.015913, 0.981553
949, 0.180188, -0.043594, -0.359182,-0.162257, -0.097260, 0.015741, 0.981817
950, 0.180112, -0.044825, -0.359170,-0.160199, -0.097823, 0.015628, 0.982101
951, 0.180035, -0.046030, -0.359170,-0.158003, -0.098403, 0.015483, 0.982401
952, 0.179952, -0.047204, -0.359175,-0.155690, -0.098995, 0.015330, 0.982713
953, 0.179856, -0.048355, -0.359162,-0.153059, -0.099757, 0.015057, 0.983054
954, 0.179747, -0.049470, -0.359137,-0.150229, -0.100546, 0.014830, 0.983413
955, 0.179625, -0.050553, -0.359097,-0.147130, -0.101471, 0.014581, 0.983791
956, 0.179494, -0.051603, -0.359053,-0.143790, -0.102473, 0.014362, 0.984184
957, 0.179348, -0.052633, -0.358999,-0.139996, -0.103642, 0.014061, 0.984612
958, 0.179187, -0.053609, -0.358948,-0.135994, -0.104690, 0.013916, 0.985064
959, 0.179010, -0.054536, -0.358893,-0.131768, -0.105746, 0.013728, 0.985529
960, 0.178825, -0.055419, -0.358838,-0.127462, -0.106776, 0.013483, 0.985987
961, 0.178637, -0.056231, -0.358778,-0.123212, -0.107871, 0.013060, 0.986414
962, 0.178428, -0.057061, -0.358724,-0.118858, -0.108705, 0.012881, 0.986859
963, 0.178201, -0.057828, -0.358641,-0.114445, -0.109877, 0.012307, 0.987258
964, 0.177959, -0.058544, -0.358549,-0.110139, -0.111008, 0.011857, 0.987626
965, 0.177701, -0.059233, -0.358439,-0.105629, -0.112372, 0.011297, 0.987971
966, 0.177460, -0.059836, -0.358345,-0.101510, -0.113572, 0.011004, 0.988269
967, 0.177183, -0.060482, -0.358224,-0.096702, -0.115153, 0.010562, 0.988573
968, 0.176920, -0.061046, -0.358114,-0.092180, -0.116648, 0.010287, 0.988833
969, 0.176389, -0.062052, -0.357905,-0.082965, -0.119827, 0.009644, 0.989275
970, 0.176121, -0.062495, -0.357806,-0.078238, -0.121547, 0.009086, 0.989456
971, 0.175599, -0.063210, -0.357652,-0.069069, -0.124667, 0.008120, 0.989758
972, 0.175108, -0.063726, -0.357554,-0.059809, -0.127657, 0.007043, 0.989988
973, 0.174630, -0.064050, -0.357486,-0.050048, -0.130916, 0.005741, 0.990113
974, 0.174218, -0.064113, -0.357507,-0.040622, -0.133892, 0.004859, 0.990151
975, 0.173681, -0.063795, -0.357643,-0.026162, -0.138139, 0.003068, 0.990063
976, 0.173234, -0.062933, -0.357895,-0.011347, -0.141399, 0.000958, 0.989887
977, 0.172628, -0.060339, -0.358547,0.013076, -0.146037, -0.002491, 0.989190
978, 0.172192, -0.056387, -0.359393,0.038103, -0.148734, -0.006343, 0.988123
979, 0.172038, -0.052471, -0.360041,0.058238, -0.150186, -0.009434, 0.986896
980, 0.171990, -0.048244, -0.360458,0.078440, -0.152434, -0.012538, 0.985116
981, 0.171940, -0.045115, -0.360551,0.093256, -0.155495, -0.015407, 0.983304
982, 0.171917, -0.043077, -0.360506,0.102594, -0.158244, -0.017181, 0.981905
983, 0.171912, -0.041113, -0.360383,0.111780, -0.161676, -0.019117, 0.980306
984, 0.171943, -0.039189, -0.360180,0.120823, -0.165211, -0.020889, 0.978607
985, 0.171983, -0.037260, -0.359870,0.130053, -0.168715, -0.022738, 0.976783
986, 0.172010, -0.035453, -0.359467,0.138945, -0.171946, -0.025009, 0.974938
987, 0.172007, -0.033544, -0.358904,0.147840, -0.174915, -0.027145, 0.973042
988, 0.171930, -0.031601, -0.358179,0.156921, -0.178030, -0.029401, 0.970988
989, 0.171753, -0.029493, -0.357238,0.165104, -0.181287, -0.030992, 0.968976
990, 0.171625, -0.028459, -0.356723,0.168596, -0.183120, -0.031863, 0.968002
991, 0.171474, -0.027489, -0.356202,0.171690, -0.185078, -0.032950, 0.967049
992, 0.171308, -0.026458, -0.355632,0.174483, -0.187098, -0.033910, 0.966126
993, 0.171123, -0.025438, -0.355044,0.177230, -0.189111, -0.034910, 0.965198
994, 0.170910, -0.024378, -0.354407,0.180141, -0.191117, -0.035824, 0.964230
995, 0.170688, -0.023455, -0.353812,0.183117, -0.192987, -0.036898, 0.963256
996, 0.170455, -0.022494, -0.353173,0.186140, -0.194812, -0.037815, 0.962274
997, 0.170221, -0.021564, -0.352533,0.189130, -0.196647, -0.038788, 0.961278
998, 0.169993, -0.020658, -0.351896,0.191911, -0.198500, -0.039745, 0.960306
999, 0.169571, -0.018902, -0.350623,0.196889, -0.202165, -0.041655, 0.958451
1000, 0.169181, -0.017224, -0.349362,0.201567, -0.205514, -0.043262, 0.956694
